list_id,title,stage,edition,grade,volume,status,ordinal,unit,word_id,word,original_word,meaning,phonetic,uk_phonetic,us_phonetic,meaning_source,phonetic_source,meaning_issue,phonetic_issue
ChuZhongluan_2,中考必备词汇,初中,,,,exam_reference,134,,770612,Rusia,Rusia,鲁西亚（地名）,,,,kajweb,kajweb,,missing_phonetic
ChuZhongluan_2,中考必备词汇,初中,,,,exam_reference,233,,770615,VCD,VCD,abbr. 视频高密光盘（Video Compact Disc）；可变电容二极管（Variable Capacitance Diode）,,,,kajweb,kajweb,,missing_phonetic
ChuZhongluan_2,中考必备词汇,初中,,,,exam_reference,469,,770617,Miss,Miss,n. 女士，小姐，年轻未婚女子,,,,kajweb,kajweb,,missing_phonetic
PEPXiaoXue4_1,人教版小学英语-四年级上册,小学,人教版（主编：吴欣）,4,上册,legacy_unverified,7,,770626,teacher's desk,teacher's desk,讲台,,,,kajweb,kajweb,,missing_phonetic
PEPXiaoXue4_1,人教版小学英语-四年级上册,小学,人教版（主编：吴欣）,4,上册,legacy_unverified,18,,770627,maths book,maths book,数学书,,,,kajweb,kajweb,,missing_phonetic
PEPXiaoXue4_1,人教版小学英语-四年级上册,小学,人教版（主编：吴欣）,4,上册,legacy_unverified,19,,770628,English book,English book,英语书,,,,kajweb,kajweb,,missing_phonetic
PEPXiaoXue4_1,人教版小学英语-四年级上册,小学,人教版（主编：吴欣）,4,上册,legacy_unverified,28,,644240,so much,so much,非常地,,,,kajweb,ecdict,,missing_phonetic
PEPXiaoXue4_1,人教版小学英语-四年级上册,小学,人教版（主编：吴欣）,4,上册,legacy_unverified,65,,319349,help yourself,help yourself,为（自己）取用,,,,kajweb,ecdict,,missing_phonetic
PEPXiaoXue4_1,人教版小学英语-四年级上册,小学,人教版（主编：吴欣）,4,上册,legacy_unverified,72,,770630,baby brother,baby brother,小弟弟,,,,kajweb,kajweb,,missing_phonetic
PEPXiaoXue4_2,人教版小学英语-四年级下册,小学,人教版（主编：吴欣）,4,下册,legacy_unverified,2,,619797,second floor,second floor,二楼,,,,kajweb,ecdict,,missing_phonetic
PEPXiaoXue4_2,人教版小学英语-四年级下册,小学,人教版（主编：吴欣）,4,下册,legacy_unverified,3,,770631,teacher's office,teacher's office,教师办公室,,,,kajweb,kajweb,,missing_phonetic
PEPXiaoXue4_2,人教版小学英语-四年级下册,小学,人教版（主编：吴欣）,4,下册,legacy_unverified,6,,153709,computer room,computer room,计算机房,,,,kajweb,ecdict,,missing_phonetic
PEPXiaoXue4_2,人教版小学英语-四年级下册,小学,人教版（主编：吴欣）,4,下册,legacy_unverified,8,,770633,music room,music room,音乐教室,,,,kajweb,kajweb,,missing_phonetic
PEPXiaoXue4_2,人教版小学英语-四年级下册,小学,人教版（主编：吴欣）,4,下册,legacy_unverified,9,,471154,next to,next to,紧邻,,,,kajweb,ecdict,,missing_phonetic
PEPXiaoXue4_2,人教版小学英语-四年级下册,小学,人教版（主编：吴欣）,4,下册,legacy_unverified,15,,770634,English class,English class,英语课,,,,kajweb,kajweb,,missing_phonetic
PEPXiaoXue4_2,人教版小学英语-四年级下册,小学,人教版（主编：吴欣）,4,下册,legacy_unverified,17,,770635,music class,music class,音乐课,,,,kajweb,kajweb,,missing_phonetic
PEPXiaoXue4_2,人教版小学英语-四年级下册,小学,人教版（主编：吴欣）,4,下册,legacy_unverified,18,,770636,PE class,PE class,体育课,,,,kajweb,kajweb,,missing_phonetic
PEPXiaoXue4_2,人教版小学英语-四年级下册,小学,人教版（主编：吴欣）,4,下册,legacy_unverified,20,,292856,get up,get up,起床,,,,kajweb,ecdict,,missing_phonetic
PEPXiaoXue4_2,人教版小学英语-四年级下册,小学,人教版（主编：吴欣）,4,下册,legacy_unverified,21,,298470,go to school,go to school,上学,,,,kajweb,ecdict,,missing_phonetic
PEPXiaoXue4_2,人教版小学英语-四年级下册,小学,人教版（主编：吴欣）,4,下册,legacy_unverified,22,,298147,go home,go home,回家,,,,kajweb,ecdict,,missing_phonetic
PEPXiaoXue4_2,人教版小学英语-四年级下册,小学,人教版（主编：吴欣）,4,下册,legacy_unverified,23,,298425,go to bed,go to bed,去睡觉,,,,kajweb,ecdict,,missing_phonetic
PEPXiaoXue4_2,人教版小学英语-四年级下册,小学,人教版（主编：吴欣）,4,下册,legacy_unverified,30,,149080,come on,come on,加油,,,,kajweb,ecdict,,missing_phonetic
PEPXiaoXue4_2,人教版小学英语-四年级下册,小学,人教版（主编：吴欣）,4,下册,legacy_unverified,31,,374168,just a minute,just a minute,稍等一会儿,,,,kajweb,ecdict,,missing_phonetic
PEPXiaoXue4_2,人教版小学英语-四年级下册,小学,人教版（主编：吴欣）,4,下册,legacy_unverified,42,,770637,be careful,be careful,小心,,,,kajweb,kajweb,,missing_phonetic
PEPXiaoXue4_2,人教版小学英语-四年级下册,小学,人教版（主编：吴欣）,4,下册,legacy_unverified,45,,770638,how about...,how about...,怎么样？,,,,kajweb,kajweb,,missing_phonetic
PEPXiaoXue4_2,人教版小学英语-四年级下册,小学,人教版（主编：吴欣）,4,下册,legacy_unverified,56,,770640,green beans,green beans,豆角,,,,kajweb,kajweb,,missing_phonetic
PEPXiaoXue4_2,人教版小学英语-四年级下册,小学,人教版（主编：吴欣）,4,下册,legacy_unverified,94,,719594,try on,try on,试穿,,,,kajweb,ecdict,,missing_phonetic
PEPXiaoXue4_2,人教版小学英语-四年级下册,小学,人教版（主编：吴欣）,4,下册,legacy_unverified,96,,485799,of course,of course,当然,,,,kajweb,ecdict,,missing_phonetic
PEPXiaoXue5_1,人教版小学英语-五年级上册,小学,人教版（主编：吴欣）,5,上册,legacy_unverified,29,,770642,wash my clothes,wash my clothes,洗我的衣服,,,,kajweb,kajweb,,missing_phonetic
PEPXiaoXue5_1,人教版小学英语-五年级上册,小学,人教版（主编：吴欣）,5,上册,legacy_unverified,31,,770643,watch TV,watch TV,看电视,,,,kajweb,kajweb,,missing_phonetic
PEPXiaoXue5_1,人教版小学英语-五年级上册,小学,人教版（主编：吴欣）,5,上册,legacy_unverified,33,,208797,do homework,do homework,做作业,,,,kajweb,ecdict,,missing_phonetic
PEPXiaoXue5_1,人教版小学英语-五年级上册,小学,人教版（主编：吴欣）,5,上册,legacy_unverified,35,,770644,read books,read books,看书,,,,kajweb,kajweb,,missing_phonetic
PEPXiaoXue5_1,人教版小学英语-五年级上册,小学,人教版（主编：吴欣）,5,上册,legacy_unverified,43,,770646,play sports,play sports,做体育运动,,,,kajweb,kajweb,,missing_phonetic
PEPXiaoXue5_1,人教版小学英语-五年级上册,小学,人教版（主编：吴欣）,5,上册,legacy_unverified,66,,770648,sing English songs,sing English songs,唱英文歌曲,,,,kajweb,kajweb,,missing_phonetic
PEPXiaoXue5_1,人教版小学英语-五年级上册,小学,人教版（主编：吴欣）,5,上册,legacy_unverified,67,,770649,play the pipa,play the pipa,弹琵琶,,,,kajweb,kajweb,,missing_phonetic
PEPXiaoXue5_1,人教版小学英语-五年级上册,小学,人教版（主编：吴欣）,5,上册,legacy_unverified,69,,770650,do kung fu,do kung fu,练武术,,,,kajweb,kajweb,,missing_phonetic
PEPXiaoXue5_1,人教版小学英语-五年级上册,小学,人教版（主编：吴欣）,5,上册,legacy_unverified,73,,770651,draw cartoons,draw cartoons,画漫画,,,,kajweb,kajweb,,missing_phonetic
PEPXiaoXue5_1,人教版小学英语-五年级上册,小学,人教版（主编：吴欣）,5,上册,legacy_unverified,76,,770652,play basketball,play basketball,打篮球,,,,kajweb,kajweb,,missing_phonetic
PEPXiaoXue5_1,人教版小学英语-五年级上册,小学,人教版（主编：吴欣）,5,上册,legacy_unverified,78,,770653,play ping-pong,play ping-pong,打乒乓球,,,,kajweb,kajweb,,missing_phonetic
PEPXiaoXue5_1,人教版小学英语-五年级上册,小学,人教版（主编：吴欣）,5,上册,legacy_unverified,79,,770654,speak English,speak English,说英语,,,,kajweb,kajweb,,missing_phonetic
PEPXiaoXue5_1,人教版小学英语-五年级上册,小学,人教版（主编：吴欣）,5,上册,legacy_unverified,95,,751782,water bottle,water bottle,水瓶,,,,kajweb,ecdict,,missing_phonetic
PEPXiaoXue5_1,人教版小学英语-五年级上册,小学,人教版（主编：吴欣）,5,上册,legacy_unverified,109,,408950,lots of,lots of,大量,,,,kajweb,ecdict,,missing_phonetic
PEPXiaoXue5_1,人教版小学英语-五年级上册,小学,人教版（主编：吴欣）,5,上册,legacy_unverified,128,,770656,go boating,go boating,去划船,,,,kajweb,kajweb,,missing_phonetic
PEPXiaoXue5_2,人教版小学英语-五年级下册,小学,人教版（主编：吴欣）,5,下册,legacy_unverified,2,,770658,have...class,have...class,上⋯⋯课,,,,kajweb,kajweb,,missing_phonetic
PEPXiaoXue5_2,人教版小学英语-五年级下册,小学,人教版（主编：吴欣）,5,下册,legacy_unverified,3,,770646,play sports,play sports,进行体育运动,,,,kajweb,kajweb,,missing_phonetic
PEPXiaoXue5_2,人教版小学英语-五年级下册,小学,人教版（主编：吴欣）,5,下册,legacy_unverified,5,,770659,do morning exercise,do morning exercise,做早操,,,,kajweb,kajweb,,missing_phonetic
PEPXiaoXue5_2,人教版小学英语-五年级下册,小学,人教版（主编：吴欣）,5,下册,legacy_unverified,6,,770660,eat dinner,eat dinner,吃晚饭,,,,kajweb,kajweb,,missing_phonetic
PEPXiaoXue5_2,人教版小学英语-五年级下册,小学,人教版（主编：吴欣）,5,下册,legacy_unverified,7,,770661,clean my room,clean my room,打扫我的房间,,,,kajweb,kajweb,,missing_phonetic
PEPXiaoXue5_2,人教版小学英语-五年级下册,小学,人教版（主编：吴欣）,5,下册,legacy_unverified,8,,298118,go for a walk,go for a walk,散步,,,,kajweb,ecdict,,missing_phonetic
PEPXiaoXue5_2,人教版小学英语-五年级下册,小学,人教版（主编：吴欣）,5,下册,legacy_unverified,9,,298356,go shopping,go shopping,购物,,,,kajweb,ecdict,,missing_phonetic
PEPXiaoXue5_2,人教版小学英语-五年级下册,小学,人教版（主编：吴欣）,5,下册,legacy_unverified,12,,770662,take a dancing class,take a dancing class,上舞蹈课,,,,kajweb,kajweb,,missing_phonetic
PEPXiaoXue5_2,人教版小学英语-五年级下册,小学,人教版（主编：吴欣）,5,下册,legacy_unverified,20,,770663,p.m.,p.m.,下午,,,,kajweb,kajweb,,missing_phonetic
PEPXiaoXue5_2,人教版小学英语-五年级下册,小学,人教版（主编：吴欣）,5,下册,legacy_unverified,35,,770664,go swimming,go swimming,去游泳,,,,kajweb,kajweb,,missing_phonetic
PEPXiaoXue5_2,人教版小学英语-五年级下册,小学,人教版（主编：吴欣）,5,下册,legacy_unverified,43,,298258,go on a picnic,go on a picnic,去野餐,,,,kajweb,ecdict,,missing_phonetic
PEPXiaoXue5_2,人教版小学英语-五年级下册,小学,人教版（主编：吴欣）,5,下册,legacy_unverified,45,,770665,pick apples,pick apples,摘苹果,,,,kajweb,kajweb,,missing_phonetic
PEPXiaoXue5_2,人教版小学英语-五年级下册,小学,人教版（主编：吴欣）,5,下册,legacy_unverified,47,,770666,make a snowman,make a snowman,堆雪人,,,,kajweb,kajweb,,missing_phonetic
PEPXiaoXue5_2,人教版小学英语-五年级下册,小学,人教版（主编：吴欣）,5,下册,legacy_unverified,48,,770667,go swimming.,go swimming.,去游泳,,,,kajweb,kajweb,,missing_phonetic
PEPXiaoXue5_2,人教版小学英语-五年级下册,小学,人教版（主编：吴欣）,5,下册,legacy_unverified,52,,770668,good job,good job,做得好,,,,kajweb,kajweb,,missing_phonetic
PEPXiaoXue5_2,人教版小学英语-五年级下册,小学,人教版（主编：吴欣）,5,下册,legacy_unverified,74,,1043,a few,a few,一些,,,,kajweb,ecdict,,missing_phonetic
PEPXiaoXue5_2,人教版小学英语-五年级下册,小学,人教版（主编：吴欣）,5,下册,legacy_unverified,77,,655252,sports meet,sports meet,运动会,,,,kajweb,ecdict,,missing_phonetic
PEPXiaoXue5_2,人教版小学英语-五年级下册,小学,人教版（主编：吴欣）,5,下册,legacy_unverified,83,,770669,the Great Wall,the Great Wall,长城,,,,kajweb,kajweb,,missing_phonetic
PEPXiaoXue5_2,人教版小学英语-五年级下册,小学,人教版（主编：吴欣）,5,下册,legacy_unverified,92,,407758,look for,look for,寻找,,,,kajweb,ecdict,,missing_phonetic
PEPXiaoXue5_2,人教版小学英语-五年级下册,小学,人教版（主编：吴欣）,5,下册,legacy_unverified,95,,604381,RSVP,RSVP,请赐复,,,,kajweb,ecdict,,missing_phonetic
PEPXiaoXue5_2,人教版小学英语-五年级下册,小学,人教版（主编：吴欣）,5,下册,legacy_unverified,130,,219665,each other,each other,相互,,,,kajweb,ecdict,,missing_phonetic
PEPXiaoXue5_2,人教版小学英语-五年级下册,小学,人教版（主编：吴欣）,5,下册,legacy_unverified,133,,770672,doing morning exercises,doing morning exercises,做早操,,,,kajweb,kajweb,,missing_phonetic
PEPXiaoXue5_2,人教版小学英语-五年级下册,小学,人教版（主编：吴欣）,5,下册,legacy_unverified,134,,770673,having...class,having...class,上⋯⋯课,,,,kajweb,kajweb,,missing_phonetic
PEPXiaoXue5_2,人教版小学英语-五年级下册,小学,人教版（主编：吴欣）,5,下册,legacy_unverified,135,,770674,eating lunch,eating lunch,吃午饭,,,,kajweb,kajweb,,missing_phonetic
PEPXiaoXue5_2,人教版小学英语-五年级下册,小学,人教版（主编：吴欣）,5,下册,legacy_unverified,136,,770675,reading a book,reading a book,看书,,,,kajweb,kajweb,,missing_phonetic
PEPXiaoXue5_2,人教版小学英语-五年级下册,小学,人教版（主编：吴欣）,5,下册,legacy_unverified,137,,770676,listening to music,listening to music,听音乐,,,,kajweb,kajweb,,missing_phonetic
PEPXiaoXue5_2,人教版小学英语-五年级下册,小学,人教版（主编：吴欣）,5,下册,legacy_unverified,139,,770677,keep to the right,keep to the right,靠右,,,,kajweb,kajweb,,missing_phonetic
PEPXiaoXue5_2,人教版小学英语-五年级下册,小学,人教版（主编：吴欣）,5,下册,legacy_unverified,140,,770678,keep your desk clean,keep your desk clean,保持课桌干净,,,,kajweb,kajweb,,missing_phonetic
PEPXiaoXue5_2,人教版小学英语-五年级下册,小学,人教版（主编：吴欣）,5,下册,legacy_unverified,141,,770679,talk quietly,talk quietly,小声讲话,,,,kajweb,kajweb,,missing_phonetic
PEPXiaoXue5_2,人教版小学英语-五年级下册,小学,人教版（主编：吴欣）,5,下册,legacy_unverified,143,,685753,take turns,take turns,按顺序来,,,,kajweb,ecdict,,missing_phonetic
PEPXiaoXue6_1,人教版小学英语-六年级上册,小学,人教版（主编：吴欣）,6,上册,legacy_unverified,10,,489543,on foot,on foot,步行,,,,kajweb,ecdict,,missing_phonetic
PEPXiaoXue6_1,人教版小学英语-六年级上册,小学,人教版（主编：吴欣）,6,上册,legacy_unverified,20,,641904,slow down,slow down,慢下来,,,,kajweb,ecdict,,missing_phonetic
PEPXiaoXue6_1,人教版小学英语-六年级上册,小学,人教版（主编：吴欣）,6,上册,legacy_unverified,28,,515257,pay attention to,pay attention to,注意,,,,kajweb,ecdict,,missing_phonetic
PEPXiaoXue6_1,人教版小学英语-六年级上册,小学,人教版（主编：吴欣）,6,上册,legacy_unverified,30,,710873,traffic lights,traffic lights,交通信号灯,,,,kajweb,ecdict,,missing_phonetic
PEPXiaoXue6_1,人教版小学英语-六年级上册,小学,人教版（主编：吴欣）,6,上册,legacy_unverified,37,,770680,Papa Westray,Papa Westray,帕帕韦斯特雷岛,,,,kajweb,kajweb,,missing_phonetic
PEPXiaoXue6_1,人教版小学英语-六年级上册,小学,人教版（主编：吴欣）,6,上册,legacy_unverified,41,,770681,see a film,see a film,看电影,,,,kajweb,kajweb,,missing_phonetic
PEPXiaoXue6_1,人教版小学英语-六年级上册,小学,人教版（主编：吴欣）,6,上册,legacy_unverified,43,,685170,take a trip,take a trip,去旅行,,,,kajweb,ecdict,,missing_phonetic
PEPXiaoXue6_1,人教版小学英语-六年级上册,小学,人教版（主编：吴欣）,6,上册,legacy_unverified,54,,545026,post card,post card,明信片,,,,kajweb,ecdict,,missing_phonetic
PEPXiaoXue6_1,人教版小学英语-六年级上册,小学,人教版（主编：吴欣）,6,上册,legacy_unverified,62,,292847,get together,get together,聚会,,,,kajweb,ecdict,,missing_phonetic
PEPXiaoXue6_1,人教版小学英语-六年级上册,小学,人教版（主编：吴欣）,6,上册,legacy_unverified,69,,517747,pen pal,pen pal,笔友,,,,kajweb,ecdict,,missing_phonetic
PEPXiaoXue6_1,人教版小学英语-六年级上册,小学,人教版（主编：吴欣）,6,上册,legacy_unverified,106,,621030,see a doctor,see a doctor,看病,,,,kajweb,ecdict,,missing_phonetic
PEPXiaoXue6_1,人教版小学英语-六年级上册,小学,人教版（主编：吴欣）,6,上册,legacy_unverified,111,,770685,take a deep breath,take a deep breath,深呼吸,,,,kajweb,kajweb,,missing_phonetic
PEPXiaoXue6_1,人教版小学英语-六年级上册,小学,人教版（主编：吴欣）,6,上册,legacy_unverified,113,,770686,count to ten,count to ten,数到十,,,,kajweb,kajweb,,missing_phonetic
PEPXiaoXue6_2,人教版小学英语-六年级下册,小学,人教版（主编：吴欣）,6,下册,legacy_unverified,24,,661007,stayed,stayed,待,,,,kajweb,ecdict,,missing_phonetic
PEPXiaoXue6_2,人教版小学英语-六年级下册,小学,人教版（主编：吴欣）,6,下册,legacy_unverified,28,,770687,had a cold,had a cold,感冒,,,,kajweb,kajweb,,missing_phonetic
PEPXiaoXue6_2,人教版小学英语-六年级下册,小学,人教版（主编：吴欣）,6,下册,legacy_unverified,49,,770688,went camping,went camping,去野营,,,,kajweb,kajweb,,missing_phonetic
PEPXiaoXue6_2,人教版小学英语-六年级下册,小学,人教版（主编：吴欣）,6,下册,legacy_unverified,51,,770689,went fishing,went fishing,去钓鱼,,,,kajweb,kajweb,,missing_phonetic
PEPXiaoXue6_2,人教版小学英语-六年级下册,小学,人教版（主编：吴欣）,6,下册,legacy_unverified,56,,770690,took pictures,took pictures,照相,,,,kajweb,kajweb,,missing_phonetic
PEPXiaoXue6_2,人教版小学英语-六年级下册,小学,人教版（主编：吴欣）,6,下册,legacy_unverified,61,,770691,Labour Day,Labour Day,劳动节,,,,kajweb,kajweb,,missing_phonetic
PEPXiaoXue6_2,人教版小学英语-六年级下册,小学,人教版（主编：吴欣）,6,下册,legacy_unverified,76,,770692,go cycling,go cycling,去骑自行车,,,,kajweb,kajweb,,missing_phonetic
PEPXiaoXue6_2,人教版小学英语-六年级下册,小学,人教版（主编：吴欣）,6,下册,legacy_unverified,81,,407825,look up,look up,查阅,,,,kajweb,ecdict,,missing_phonetic
PEPXiaoXue6_2,人教版小学英语-六年级下册,小学,人教版（主编：吴欣）,6,下册,legacy_unverified,103,,770693,GPS,GPS,全球（卫星）,,,,kajweb,kajweb,,missing_phonetic
PEPChuZhong7_1,人教版初中英语-七年级上册,初中,人教版,7,上册,legacy_unverified,3,,770694,Good morning!,Good morning!,早上好！,,,,kajweb,kajweb,,missing_phonetic
PEPChuZhong7_1,人教版初中英语-七年级上册,初中,人教版,7,上册,legacy_unverified,7,,770695,Good afternoon!,Good afternoon!,下午好！,,,,kajweb,kajweb,,missing_phonetic
PEPChuZhong7_1,人教版初中英语-七年级上册,初中,人教版,7,上册,legacy_unverified,9,,770696,Good evening!,Good evening!,晚上好！,,,,kajweb,kajweb,,missing_phonetic
PEPChuZhong7_1,人教版初中英语-七年级上册,初中,人教版,7,上册,legacy_unverified,24,,770698,in English,in English,用英语,,,,kajweb,kajweb,,missing_phonetic
PEPChuZhong7_1,人教版初中英语-七年级上册,初中,人教版,7,上册,legacy_unverified,81,,690713,telephone number,telephone number,电话号码,,,,kajweb,ecdict,,missing_phonetic
PEPChuZhong7_1,人教版初中英语-七年级上册,初中,人教版,7,上册,legacy_unverified,82,,526737,phone number,phone number,电话号码,,,,kajweb,ecdict,,missing_phonetic
PEPChuZhong7_1,人教版初中英语-七年级上册,初中,人教版,7,上册,legacy_unverified,84,,262418,first name,first name,名字,,,,kajweb,ecdict,,missing_phonetic
PEPChuZhong7_1,人教版初中英语-七年级上册,初中,人教版,7,上册,legacy_unverified,86,,388864,last name,last name,n. 姓,,,,kajweb,ecdict,,missing_phonetic
PEPChuZhong7_1,人教版初中英语-七年级上册,初中,人教版,7,上册,legacy_unverified,108,,770699,Have a good day!,Have a good day!,(表示祝愿)过得愉快！,,,,kajweb,kajweb,,missing_phonetic
PEPChuZhong7_1,人教版初中英语-七年级上册,初中,人教版,7,上册,legacy_unverified,142,,770701,What about...?,What about...?,询问消息或提出建议...怎么样？,,,,kajweb,kajweb,,missing_phonetic
PEPChuZhong7_1,人教版初中英语-七年级上册,初中,人教版,7,上册,legacy_unverified,145,,770702,thank you for...,thank you for...,为......而感谢,,,,kajweb,kajweb,,missing_phonetic
PEPChuZhong7_1,人教版初中英语-七年级上册,初中,人教版,7,上册,legacy_unverified,148,,770703,You're welcome.,You're welcome.,别客气。,,,,kajweb,kajweb,,missing_phonetic
PEPChuZhong7_1,人教版初中英语-七年级上册,初中,人教版,7,上册,legacy_unverified,154,,341274,ID card,ID card,n. 学生卡；身份证,,,,kajweb,ecdict,,missing_phonetic
PEPChuZhong7_1,人教版初中英语-七年级上册,初中,人教版,7,上册,legacy_unverified,161,,770704,ask... for...,ask... for...,请求；恳求(给予),,,,kajweb,kajweb,,missing_phonetic
PEPChuZhong7_1,人教版初中英语-七年级上册,初中,人教版,7,上册,legacy_unverified,171,,1812,a set of,a set of,一套；一副；一组,,,,kajweb,ecdict,,missing_phonetic
PEPChuZhong7_1,人教版初中英语-七年级上册,初中,人教版,7,上册,legacy_unverified,181,,149080,come on,come on,快点儿,,,,kajweb,ecdict,,missing_phonetic
PEPChuZhong7_1,人教版初中英语-七年级上册,初中,人教版,7,上册,legacy_unverified,194,,687237,tape player,tape player,n. 激光唱机; 光盘播放机,,,,kajweb,ecdict,,missing_phonetic
PEPChuZhong7_1,人教版初中英语-七年级上册,初中,人教版,7,上册,legacy_unverified,197,,770706,model plane,model plane,n. 飞机模型,,,,kajweb,kajweb,,missing_phonetic
PEPChuZhong7_1,人教版初中英语-七年级上册,初中,人教版,7,上册,legacy_unverified,210,,644469,soccer ball,soccer ball,n. (英式)足球,,,,kajweb,ecdict,,missing_phonetic
PEPChuZhong7_1,人教版初中英语-七年级上册,初中,人教版,7,上册,legacy_unverified,232,,770643,watch TV,watch TV,看电视,,,,kajweb,kajweb,,missing_phonetic
PEPChuZhong7_1,人教版初中英语-七年级上册,初中,人教版,7,上册,legacy_unverified,256,,699140,think about,think about,思考；思索,,,,kajweb,ecdict,,missing_phonetic
PEPChuZhong7_1,人教版初中英语-七年级上册,初中,人教版,7,上册,legacy_unverified,259,,770709,How about...?,How about...?,(提出建议)......怎么样？,,,,kajweb,kajweb,,missing_phonetic
PEPChuZhong7_1,人教版初中英语-七年级上册,初中,人教版,7,上册,legacy_unverified,284,,770711,How much...?,How much...?,(购物时)......多少钱？,,,,kajweb,kajweb,,missing_phonetic
PEPChuZhong7_1,人教版初中英语-七年级上册,初中,人教版,7,上册,legacy_unverified,298,,770712,Can I help you?,Can I help you?,我能帮您吗？,,,,kajweb,kajweb,,missing_phonetic
PEPChuZhong7_1,人教版初中英语-七年级上册,初中,人教版,7,上册,legacy_unverified,303,,770713,Here you are.,Here you are.,给你。,,,,kajweb,kajweb,,missing_phonetic
PEPChuZhong7_1,人教版初中英语-七年级上册,初中,人教版,7,上册,legacy_unverified,322,,1582,a pair of,a pair of,一双,,,,kajweb,ecdict,,missing_phonetic
PEPChuZhong7_1,人教版初中英语-七年级上册,初中,人教版,7,上册,legacy_unverified,338,,770714,Happy birthday!,Happy birthday!,生日快乐！,,,,kajweb,kajweb,,missing_phonetic
PEPChuZhong7_1,人教版初中英语-七年级上册,初中,人教版,7,上册,legacy_unverified,340,,770715,How old...?,How old...?,....多大年纪？..几岁了？,,,,kajweb,kajweb,,missing_phonetic
PEPChuZhong7_1,人教版初中英语-七年级上册,初中,人教版,7,上册,legacy_unverified,342,,770716,See you!,See you!,再见！,,,,kajweb,kajweb,,missing_phonetic
PEPChuZhong7_1,人教版初中英语-七年级上册,初中,人教版,7,上册,legacy_unverified,361,,770718,Have a good time!,Have a good time!,(表示祝愿) 过得愉快！,,,,kajweb,kajweb,,missing_phonetic
PEPChuZhong7_1,人教版初中英语-七年级上册,初中,人教版,7,上册,legacy_unverified,377,,269999,for sure,for sure,无疑；肯定,,,,kajweb,ecdict,,missing_phonetic
PEPChuZhong7_1,人教版初中英语-七年级上册,初中,人教版,7,上册,legacy_unverified,385,,504683,P.M.,P.M.,(p.m.) 下午；午后,,,,kajweb,ecdict,,missing_phonetic
PEPChuZhong7_1,人教版初中英语-七年级上册,初中,人教版,7,上册,legacy_unverified,388,,770721,from... to...,from... to...,从......到......,,,,kajweb,kajweb,,missing_phonetic
PEPChuZhong7_2,人教版初中英语-七年级下册,初中,人教版,7,下册,legacy_unverified,9,,770654,speak English,speak  English,说英语,,,,kajweb,kajweb,,missing_phonetic
PEPChuZhong7_2,人教版初中英语-七年级下册,初中,人教版,7,下册,legacy_unverified,12,,770723,be good at…,be good at…,擅长于……,,,,kajweb,kajweb,,missing_phonetic
PEPChuZhong7_2,人教版初中英语-七年级下册,初中,人教版,7,下册,legacy_unverified,19,,770724,talk to …,talk to …,跟……说,,,,kajweb,kajweb,,missing_phonetic
PEPChuZhong7_2,人教版初中英语-七年级下册,初中,人教版,7,下册,legacy_unverified,22,,770725,play the drums,play the drums,敲鼓,,,,kajweb,kajweb,,missing_phonetic
PEPChuZhong7_2,人教版初中英语-七年级下册,初中,人教版,7,下册,legacy_unverified,26,,770726,play the violin,play the violin,拉小提琴,,,,kajweb,kajweb,,missing_phonetic
PEPChuZhong7_2,人教版初中英语-七年级下册,初中,人教版,7,下册,legacy_unverified,30,,770727,be good with…,be good with…,善于应付……的；对……有办法,,,,kajweb,kajweb,,missing_phonetic
PEPChuZhong7_2,人教版初中英语-七年级下册,初中,人教版,7,下册,legacy_unverified,32,,417988,make friends,make friends,结交朋友,,,,kajweb,ecdict,,missing_phonetic
PEPChuZhong7_2,人教版初中英语-七年级下册,初中,人教版,7,下册,legacy_unverified,34,,770728,help (sb) with sth,help (sb) with sth,在某方面帮助（某人）,,,,kajweb,kajweb,,missing_phonetic
PEPChuZhong7_2,人教版初中英语-七年级下册,初中,人教版,7,下册,legacy_unverified,37,,490044,on the weekend,on the weekend,(在)周末,,,,kajweb,ecdict,,missing_phonetic
PEPChuZhong7_2,人教版初中英语-七年级下册,初中,人教版,7,下册,legacy_unverified,41,,292856,get up,get up,站起；起床,,,,kajweb,ecdict,,missing_phonetic
PEPChuZhong7_2,人教版初中英语-七年级下册,初中,人教版,7,下册,legacy_unverified,47,,685155,take a shower,take a shower,洗淋浴,,,,kajweb,ecdict,,missing_phonetic
PEPChuZhong7_2,人教版初中英语-七年级下册,初中,人教版,7,下册,legacy_unverified,57,,574220,radio station,radio station,n. 广播电台,,,,kajweb,ecdict,,missing_phonetic
PEPChuZhong7_2,人教版初中英语-七年级下册,初中,人教版,7,下册,legacy_unverified,62,,770730,on weekends,on weekends,(在)周末,,,,kajweb,kajweb,,missing_phonetic
PEPChuZhong7_2,人教版初中英语-七年级下册,初中,人教版,7,下册,legacy_unverified,68,,770731,do (one's) homework,do (one’s) homework,做作业,,,,kajweb,kajweb,,missing_phonetic
PEPChuZhong7_2,人教版初中英语-七年级下册,初中,人教版,7,下册,legacy_unverified,72,,685178,take a walk,take a walk,散步；走一走,,,,kajweb,ecdict,,missing_phonetic
PEPChuZhong7_2,人教版初中英语-七年级下册,初中,人教版,7,下册,legacy_unverified,75,,770732,Either…or ……,Either…or ……,要么……要么……；或者……或者……,,,,kajweb,kajweb,,missing_phonetic
PEPChuZhong7_2,人教版初中英语-七年级下册,初中,人教版,7,下册,legacy_unverified,77,,408950,lots of,lots of,大量；许多,,,,kajweb,ecdict,,missing_phonetic
PEPChuZhong7_2,人教版初中英语-七年级下册,初中,人教版,7,下册,legacy_unverified,84,,770734,take the subway,take the subway,乘地铁,,,,kajweb,kajweb,,missing_phonetic
PEPChuZhong7_2,人教版初中英语-七年级下册,初中,人教版,7,下册,legacy_unverified,87,,770735,ride a bike,ride a bike,骑自行车,,,,kajweb,kajweb,,missing_phonetic
PEPChuZhong7_2,人教版初中英语-七年级下册,初中,人教版,7,下册,legacy_unverified,100,,770736,by bike,by bike,骑自行车,,,,kajweb,kajweb,,missing_phonetic
PEPChuZhong7_2,人教版初中英语-七年级下册,初中,人教版,7,下册,legacy_unverified,105,,699172,think of,think of,认为,,,,kajweb,ecdict,,missing_phonetic
PEPChuZhong7_2,人教版初中英语-七年级下册,初中,人教版,7,下册,legacy_unverified,111,,770737,between… and…,between… and…,在……和……之间,,,,kajweb,kajweb,,missing_phonetic
PEPChuZhong7_2,人教版初中英语-七年级下册,初中,人教版,7,下册,legacy_unverified,121,,149216,come true,come true,实现；成为现实,,,,kajweb,ecdict,,missing_phonetic
PEPChuZhong7_2,人教版初中英语-七年级下册,初中,人教版,7,下册,legacy_unverified,124,,770738,(be) on time,(be) on time,准时,,,,kajweb,kajweb,,missing_phonetic
PEPChuZhong7_2,人教版初中英语-七年级下册,初中,人教版,7,下册,legacy_unverified,139,,298301,go out,go out,外出（娱乐）,,,,kajweb,ecdict,,missing_phonetic
PEPChuZhong7_2,人教版初中英语-七年级下册,初中,人教版,7,下册,legacy_unverified,142,,208926,do the dishes,do the dishes,清洗餐具,,,,kajweb,ecdict,,missing_phonetic
PEPChuZhong7_2,人教版初中英语-七年级下册,初中,人教版,7,下册,legacy_unverified,144,,770740,make (one's) bed,make (one’s) bed,铺床,,,,kajweb,kajweb,,missing_phonetic
PEPChuZhong7_2,人教版初中英语-七年级下册,初中,人教版,7,下册,legacy_unverified,154,,770741,be strict (with sb),be strict (with sb),（对某人）要求严格,,,,kajweb,kajweb,,missing_phonetic
PEPChuZhong7_2,人教版初中英语-七年级下册,初中,人教版,7,下册,legacy_unverified,157,,770742,follow the rules,follow the rules,遵守规则,,,,kajweb,kajweb,,missing_phonetic
PEPChuZhong7_2,人教版初中英语-七年级下册,初中,人教版,7,下册,legacy_unverified,180,,648816,South Africa,South  Africa,南非,,,,kajweb,ecdict,,missing_phonetic
PEPChuZhong7_2,人教版初中英语-七年级下册,初中,人教版,7,下册,legacy_unverified,191,,292591,get lost,get lost,迷路,,,,kajweb,ecdict,,missing_phonetic
PEPChuZhong7_2,人教版初中英语-七年级下册,初中,人教版,7,下册,legacy_unverified,195,,770743,be in (great) danger,be in (great) danger,处于（极大）危险之中,,,,kajweb,kajweb,,missing_phonetic
PEPChuZhong7_2,人教版初中英语-七年级下册,初中,人教版,7,下册,legacy_unverified,198,,177376,cut down,cut down,砍倒,,,,kajweb,ecdict,,missing_phonetic
PEPChuZhong7_2,人教版初中英语-七年级下册,初中,人教版,7,下册,legacy_unverified,203,,770744,(be) made of,(be) made of,由……制成的,,,,kajweb,kajweb,,missing_phonetic
PEPChuZhong7_2,人教版初中英语-七年级下册,初中,人教版,7,下册,legacy_unverified,209,,770747,read a newspaper,read a newspaper,看报纸,,,,kajweb,kajweb,,missing_phonetic
PEPChuZhong7_2,人教版初中英语-七年级下册,初中,人教版,7,下册,legacy_unverified,212,,770749,make soup,make soup,做汤,,,,kajweb,kajweb,,missing_phonetic
PEPChuZhong7_2,人教版初中英语-七年级下册,初中,人教版,7,下册,legacy_unverified,215,,770750,go to movies,go to movies,看电影,,,,kajweb,kajweb,,missing_phonetic
PEPChuZhong7_2,人教版初中英语-七年级下册,初中,人教版,7,下册,legacy_unverified,217,,220589,eat out,eat out,出去吃饭,,,,kajweb,ecdict,,missing_phonetic
PEPChuZhong7_2,人教版初中英语-七年级下册,初中,人教版,7,下册,legacy_unverified,221,,770751,drink tea,drink  tea,喝茶,,,,kajweb,kajweb,,missing_phonetic
PEPChuZhong7_2,人教版初中英语-七年级下册,初中,人教版,7,下册,legacy_unverified,234,,770752,Dragon Boat Festival,Dragon Boat Festival,端午节,,,,kajweb,kajweb,,missing_phonetic
PEPChuZhong7_2,人教版初中英语-七年级下册,初中,人教版,7,下册,legacy_unverified,254,,770753,take a message,take a message,捎个口信；传话,,,,kajweb,kajweb,,missing_phonetic
PEPChuZhong7_2,人教版初中英语-七年级下册,初中,人教版,7,下册,legacy_unverified,258,,770754,call(sb)back,call(sb)back,回电话,,,,kajweb,kajweb,,missing_phonetic
PEPChuZhong7_2,人教版初中英语-七年级下册,初中,人教版,7,下册,legacy_unverified,272,,770755,on(a)vacation,on(a)vacation,度假,,,,kajweb,kajweb,,missing_phonetic
PEPChuZhong7_2,人教版初中英语-七年级下册,初中,人教版,7,下册,legacy_unverified,297,,515360,pay phone,pay phone,付费电话,,,,kajweb,ecdict,,missing_phonetic
PEPChuZhong7_2,人教版初中英语-七年级下册,初中,人教版,7,下册,legacy_unverified,300,,9994,across from,across from,在……对面,,,,kajweb,ecdict,,missing_phonetic
PEPChuZhong7_2,人教版初中英语-七年级下册,初中,人教版,7,下册,legacy_unverified,308,,298004,go along,go along,沿着（这条街）走,,,,kajweb,ecdict,,missing_phonetic
PEPChuZhong7_2,人教版初中英语-七年级下册,初中,人教版,7,下册,legacy_unverified,312,,770757,turn right/left,turn right/left,向右、左转,,,,kajweb,kajweb,,missing_phonetic
PEPChuZhong7_2,人教版初中英语-七年级下册,初中,人教版,7,下册,legacy_unverified,316,,770758,spend time,spend time,花时间,,,,kajweb,kajweb,,missing_phonetic
PEPChuZhong7_2,人教版初中英语-七年级下册,初中,人教版,7,下册,legacy_unverified,324,,770759,enjoy reading,enjoy reading,喜欢阅读,,,,kajweb,kajweb,,missing_phonetic
PEPChuZhong7_2,人教版初中英语-七年级下册,初中,人教版,7,下册,legacy_unverified,332,,770760,of medium height,of medium height,中等身高,,,,kajweb,kajweb,,missing_phonetic
PEPChuZhong7_2,人教版初中英语-七年级下册,初中,人教版,7,下册,legacy_unverified,336,,770761,of medium build,of medium build,中等身材,,,,kajweb,kajweb,,missing_phonetic
PEPChuZhong7_2,人教版初中英语-七年级下册,初中,人教版,7,下册,legacy_unverified,339,,1362,a little,a little,一点，少量,,,,kajweb,ecdict,,missing_phonetic
PEPChuZhong7_2,人教版初中英语-七年级下册,初中,人教版,7,下册,legacy_unverified,364,,347369,in the end,in the end,最后,,,,kajweb,ecdict,,missing_phonetic
PEPChuZhong7_2,人教版初中英语-七年级下册,初中,人教版,7,下册,legacy_unverified,378,,770762,take one's order,take one's order,点菜,,,,kajweb,kajweb,,missing_phonetic
PEPChuZhong7_2,人教版初中英语-七年级下册,初中,人教版,7,下册,legacy_unverified,381,,770763,one(large)bowl of,one(large)bowl of,一（大）碗,,,,kajweb,kajweb,,missing_phonetic
PEPChuZhong7_2,人教版初中英语-七年级下册,初中,人教版,7,下册,legacy_unverified,390,,47070,around the world,around the world,世界各地,,,,kajweb,ecdict,,missing_phonetic
PEPChuZhong7_2,人教版初中英语-七年级下册,初中,人教版,7,下册,legacy_unverified,396,,417823,make a wish,make a wish,许愿,,,,kajweb,ecdict,,missing_phonetic
PEPChuZhong7_2,人教版初中英语-七年级下册,初中,人教版,7,下册,legacy_unverified,398,,88928,blow out,blow out,吹灭,,,,kajweb,ecdict,,missing_phonetic
PEPChuZhong7_2,人教版初中英语-七年级下册,初中,人教版,7,下册,legacy_unverified,401,,770764,the UK,the UK,n. 英国,,,,kajweb,kajweb,,missing_phonetic
PEPChuZhong7_2,人教版初中英语-七年级下册,初中,人教版,7,下册,legacy_unverified,405,,770765,get popular,get popular,受欢迎；流行,,,,kajweb,kajweb,,missing_phonetic
PEPChuZhong7_2,人教版初中英语-七年级下册,初中,人教版,7,下册,legacy_unverified,406,,177494,cut up,cut up,切碎,,,,kajweb,ecdict,,missing_phonetic
PEPChuZhong7_2,人教版初中英语-七年级下册,初中,人教版,7,下册,legacy_unverified,408,,770766,bring good luck to…,bring good luck to…,给……带来好运,,,,kajweb,kajweb,,missing_phonetic
PEPChuZhong7_2,人教版初中英语-七年级下册,初中,人教版,7,下册,legacy_unverified,411,,770767,milk a cow,milk a cow,给奶牛挤奶,,,,kajweb,kajweb,,missing_phonetic
PEPChuZhong7_2,人教版初中英语-七年级下册,初中,人教版,7,下册,legacy_unverified,413,,770768,ride a horse,ride a horse,骑马,,,,kajweb,kajweb,,missing_phonetic
PEPChuZhong7_2,人教版初中英语-七年级下册,初中,人教版,7,下册,legacy_unverified,415,,770769,feed chickens,feed chickens,喂鸡,,,,kajweb,kajweb,,missing_phonetic
PEPChuZhong7_2,人教版初中英语-七年级下册,初中,人教版,7,下册,legacy_unverified,418,,770770,quite a lot(of…),quite a lot(of…),许多,,,,kajweb,kajweb,,missing_phonetic
PEPChuZhong7_2,人教版初中英语-七年级下册,初中,人教版,7,下册,legacy_unverified,425,,770771,in the countryside,in the countryside,在乡下；在农村,,,,kajweb,kajweb,,missing_phonetic
PEPChuZhong7_2,人教版初中英语-七年级下册,初中,人教版,7,下册,legacy_unverified,433,,261886,fire station,fire station,n. 消防站,,,,kajweb,ecdict,,missing_phonetic
PEPChuZhong7_2,人教版初中英语-七年级下册,初中,人教版,7,下册,legacy_unverified,444,,23870,all in all,all in all,总的说来,,,,kajweb,ecdict,,missing_phonetic
PEPChuZhong7_2,人教版初中英语-七年级下册,初中,人教版,7,下册,legacy_unverified,447,,72512,be interested in,be interested in,对……感兴趣,,,,kajweb,ecdict,,missing_phonetic
PEPChuZhong7_2,人教版初中英语-七年级下册,初中,人教版,7,下册,legacy_unverified,463,,605587,run away,run away,跑开,,,,kajweb,ecdict,,missing_phonetic
PEPChuZhong7_2,人教版初中英语-七年级下册,初中,人教版,7,下册,legacy_unverified,467,,770772,shout at…,shout at…,冲……大声叫嚷,,,,kajweb,kajweb,,missing_phonetic
PEPChuZhong7_2,人教版初中英语-七年级下册,初中,人教版,7,下册,legacy_unverified,472,,268049,fly a kite,fly a kite,放风筝,,,,kajweb,ecdict,,missing_phonetic
PEPChuZhong7_2,人教版初中英语-七年级下册,初中,人教版,7,下册,legacy_unverified,474,,325026,high school,high school,中学,,,,kajweb,ecdict,,missing_phonetic
PEPChuZhong7_2,人教版初中英语-七年级下册,初中,人教版,7,下册,legacy_unverified,478,,567815,put up,put up,搭起，举起,,,,kajweb,ecdict,,missing_phonetic
PEPChuZhong7_2,人教版初中英语-七年级下册,初中,人教版,7,下册,legacy_unverified,481,,770773,get a surprise,get a surprise,吃惊,,,,kajweb,kajweb,,missing_phonetic
PEPChuZhong7_2,人教版初中英语-七年级下册,初中,人教版,7,下册,legacy_unverified,485,,770774,shout to…,shout to…,对……大声喊叫,,,,kajweb,kajweb,,missing_phonetic
PEPChuZhong7_2,人教版初中英语-七年级下册,初中,人教版,7,下册,legacy_unverified,488,,734016,up and down,up and down,上上下下,,,,kajweb,ecdict,,missing_phonetic
PEPChuZhong8_1,人教版初中英语-八年级上册,初中,人教版,8,上册,legacy_unverified,5,,572599,quite a few,quite a few,相当多；不少(后接可数名词),,,,kajweb,ecdict,,missing_phonetic
PEPChuZhong8_1,人教版初中英语-八年级上册,初中,人教版,8,上册,legacy_unverified,10,,485799,of course,of course,当然,,,,kajweb,ecdict,,missing_phonetic
PEPChuZhong8_1,人教版初中英语-八年级上册,初中,人教版,8,上册,legacy_unverified,23,,770775,feel like(doing sth.),feel like(doing sth.),想要,,,,kajweb,kajweb,,missing_phonetic
PEPChuZhong8_1,人教版初中英语-八年级上册,初中,人教版,8,上册,legacy_unverified,34,,74602,because of,because of,因为；由于,,,,kajweb,ecdict,,missing_phonetic
PEPChuZhong8_1,人教版初中英语-八年级上册,初中,人教版,8,上册,legacy_unverified,42,,315217,have a good time,have a good time,v. 等于enjoy oneself/have fun(doing sth)玩得痛快,,,,kajweb,ecdict,,missing_phonetic
PEPChuZhong8_1,人教版初中英语-八年级上册,初中,人教版,8,上册,legacy_unverified,43,,123077,Central Park,Central Park,n. 中央公园,,,,kajweb,ecdict,,missing_phonetic
PEPChuZhong8_1,人教版初中英语-八年级上册,初中,人教版,8,上册,legacy_unverified,44,,770776,Huangguoshu waterfall,Huangguoshu waterfall,n. 黄果树瀑布,,,,kajweb,kajweb,,missing_phonetic
PEPChuZhong8_1,人教版初中英语-八年级上册,初中,人教版,8,上册,legacy_unverified,48,,770778,Weld Quay,Weld Quay,"海乾街/码头, 位于马来西亚槟城岛(州)",,,,kajweb,kajweb,,missing_phonetic
PEPChuZhong8_1,人教版初中英语-八年级上册,初中,人教版,8,上册,legacy_unverified,49,,770779,Penang Hill,Penang Hill,马来西亚槟榔山（升旗山）,,,,kajweb,kajweb,,missing_phonetic
PEPChuZhong8_1,人教版初中英语-八年级上册,初中,人教版,8,上册,legacy_unverified,50,,770780,tian'anmen square,tian'anmen square,天安门广场,,,,kajweb,kajweb,,missing_phonetic
PEPChuZhong8_1,人教版初中英语-八年级上册,初中,人教版,8,上册,legacy_unverified,51,,770781,the Palace Museum,the Palace Museum,故宫博物院,,,,kajweb,kajweb,,missing_phonetic
PEPChuZhong8_1,人教版初中英语-八年级上册,初中,人教版,8,上册,legacy_unverified,55,,313693,hardly ever,hardly ever,很少；几乎从不；难得,,,,kajweb,ecdict,,missing_phonetic
PEPChuZhong8_1,人教版初中英语-八年级上册,初中,人教版,8,上册,legacy_unverified,62,,770782,swing dance,swing dance,摇摆舞,,,,kajweb,kajweb,,missing_phonetic
PEPChuZhong8_1,人教版初中英语-八年级上册,初中,人教版,8,上册,legacy_unverified,65,,53368,at least,at least,至少,,,,kajweb,ecdict,,missing_phonetic
PEPChuZhong8_1,人教版初中英语-八年级上册,初中,人教版,8,上册,legacy_unverified,79,,673186,such as,such as,例如；诸如,,,,kajweb,ecdict,,missing_phonetic
PEPChuZhong8_1,人教版初中英语-八年级上册,初中,人教版,8,上册,legacy_unverified,107,,115593,care about,care about,关心,,,,kajweb,ecdict,,missing_phonetic
PEPChuZhong8_1,人教版初中英语-八年级上册,初中,人教版,8,上册,legacy_unverified,111,,49733,as long as,as long as,只要,,,,kajweb,ecdict,,missing_phonetic
PEPChuZhong8_1,人教版初中英语-八年级上册,初中,人教版,8,上册,legacy_unverified,113,,71917,be different from,be different from,和...不同,,,,kajweb,ecdict,,missing_phonetic
PEPChuZhong8_1,人教版初中英语-八年级上册,初中,人教版,8,上册,legacy_unverified,115,,98682,bring out,bring out,拿出；推出,,,,kajweb,ecdict,,missing_phonetic
PEPChuZhong8_1,人教版初中英语-八年级上册,初中,人教版,8,上册,legacy_unverified,118,,696612,the same as,the same as,与...同样的,,,,kajweb,ecdict,,missing_phonetic
PEPChuZhong8_1,人教版初中英语-八年级上册,初中,人教版,8,上册,legacy_unverified,125,,346547,in fact,in fact,事实上；实际上,,,,kajweb,ecdict,,missing_phonetic
PEPChuZhong8_1,人教版初中英语-八年级上册,初中,人教版,8,上册,legacy_unverified,132,,73151,be similar to,be similar to,类似于；与...相似,,,,kajweb,ecdict,,missing_phonetic
PEPChuZhong8_1,人教版初中英语-八年级上册,初中,人教版,8,上册,legacy_unverified,148,,644226,so far,so far,到目前为止；迄今为止,,,,kajweb,ecdict,,missing_phonetic
PEPChuZhong8_1,人教版初中英语-八年级上册,初中,人教版,8,上册,legacy_unverified,161,,770783,have…in common,have…in common,有相同特征,,,,kajweb,kajweb,,missing_phonetic
PEPChuZhong8_1,人教版初中英语-八年级上册,初中,人教版,8,上册,legacy_unverified,165,,73418,be up to,be up to,是…….的职责；由…….决定,,,,kajweb,ecdict,,missing_phonetic
PEPChuZhong8_1,人教版初中英语-八年级上册,初中,人教版,8,上册,legacy_unverified,167,,770784,play a role,play a role,发挥作用；有影响,,,,kajweb,kajweb,,missing_phonetic
PEPChuZhong8_1,人教版初中英语-八年级上册,初中,人教版,8,上册,legacy_unverified,171,,418342,make up,make up,编造,,,,kajweb,ecdict,,missing_phonetic
PEPChuZhong8_1,人教版初中英语-八年级上册,初中,人教版,8,上册,legacy_unverified,176,,770785,take…seriously,take…seriously,认真对待......,,,,kajweb,kajweb,,missing_phonetic
PEPChuZhong8_1,人教版初中英语-八年级上册,初中,人教版,8,上册,legacy_unverified,180,,639074,situation comedy,situation comedy,n. 情景喜剧,,,,kajweb,ecdict,,missing_phonetic
PEPChuZhong8_1,人教版初中英语-八年级上册,初中,人教版,8,上册,legacy_unverified,183,,644323,soap opera,soap opera,n. 肥皂剧,,,,kajweb,ecdict,,missing_phonetic
PEPChuZhong8_1,人教版初中英语-八年级上册,初中,人教版,8,上册,legacy_unverified,187,,261068,find out,find out,查明、弄清,,,,kajweb,ecdict,,missing_phonetic
PEPChuZhong8_1,人教版初中英语-八年级上册,初中,人教版,8,上册,legacy_unverified,214,,73007,be ready to,be ready to,愿意做某事,,,,kajweb,ecdict,,missing_phonetic
PEPChuZhong8_1,人教版初中英语-八年级上册,初中,人教版,8,上册,legacy_unverified,218,,770787,take sb.'s place,take sb.’s place,代替；替换,,,,kajweb,kajweb,,missing_phonetic
PEPChuZhong8_1,人教版初中英语-八年级上册,初中,人教版,8,上册,legacy_unverified,220,,770788,do a good job,do a good job,工作干得好；做得好,,,,kajweb,kajweb,,missing_phonetic
PEPChuZhong8_1,人教版初中英语-八年级上册,初中,人教版,8,上册,legacy_unverified,221,,306232,grow up,grow up,长大；成长,,,,kajweb,ecdict,,missing_phonetic
PEPChuZhong8_1,人教版初中英语-八年级上册,初中,人教版,8,上册,legacy_unverified,222,,153694,computer programmer,computer programmer,n. 计算机管理员,,,,kajweb,ecdict,,missing_phonetic
PEPChuZhong8_1,人教版初中英语-八年级上册,初中,人教版,8,上册,legacy_unverified,231,,73250,be sure about,be sure about,确信,,,,kajweb,ecdict,,missing_phonetic
PEPChuZhong8_1,人教版初中英语-八年级上册,初中,人教版,8,上册,legacy_unverified,244,,71362,be able to,be able to,能够做某事,,,,kajweb,ecdict,,missing_phonetic
PEPChuZhong8_1,人教版初中英语-八年级上册,初中,人教版,8,上册,legacy_unverified,250,,53545,at the beginning of,at the beginning of,起初,,,,kajweb,ecdict,,missing_phonetic
PEPChuZhong8_1,人教版初中英语-八年级上册,初中,人教版,8,上册,legacy_unverified,252,,763917,write down,write down,写下,,,,kajweb,ecdict,,missing_phonetic
PEPChuZhong8_1,人教版初中英语-八年级上册,初中,人教版,8,上册,legacy_unverified,255,,315842,have to do with,have to do with,关于;与……有关系,,,,kajweb,ecdict,,missing_phonetic
PEPChuZhong8_1,人教版初中英语-八年级上册,初中,人教版,8,上册,legacy_unverified,257,,685756,take up,take up,学着做；开始做,,,,kajweb,ecdict,,missing_phonetic
PEPChuZhong8_1,人教版初中英语-八年级上册,初中,人教版,8,上册,legacy_unverified,260,,615677,school work,school work,n. 学校作业,,,,kajweb,ecdict,,missing_phonetic
PEPChuZhong8_1,人教版初中英语-八年级上册,初中,人教版,8,上册,legacy_unverified,262,,18544,agree with,agree with,同意,,,,kajweb,ecdict,,missing_phonetic
PEPChuZhong8_1,人教版初中英语-八年级上册,初中,人教版,8,上册,legacy_unverified,276,,536120,play a part,play a part,参与（某事）,,,,kajweb,ecdict,,missing_phonetic
PEPChuZhong8_1,人教版初中英语-八年级上册,初中,人教版,8,上册,legacy_unverified,284,,649361,space station,space station,n. 太空站,,,,kajweb,ecdict,,missing_phonetic
PEPChuZhong8_1,人教版初中英语-八年级上册,初中,人教版,8,上册,legacy_unverified,290,,500595,over and over again,over and over again,多次；反复地,,,,kajweb,ecdict,,missing_phonetic
PEPChuZhong8_1,人教版初中英语-八年级上册,初中,人教版,8,上册,legacy_unverified,294,,334256,hundreds of,hundreds of,许多 ；大量； 成百上千,,,,kajweb,ecdict,,missing_phonetic
PEPChuZhong8_1,人教版初中英语-八年级上册,初中,人教版,8,上册,legacy_unverified,299,,407758,look for,look for,寻找；寻求,,,,kajweb,ecdict,,missing_phonetic
PEPChuZhong8_1,人教版初中英语-八年级上册,初中,人教版,8,上册,legacy_unverified,308,,442231,milk shake,milk shake,n. 奶昔（牛奶和冰淇淋等的混合饮料）,,,,kajweb,ecdict,,missing_phonetic
PEPChuZhong8_1,人教版初中英语-八年级上册,初中,人教版,8,上册,legacy_unverified,349,,550941,prepare for,prepare for,为……准备,,,,kajweb,ecdict,,missing_phonetic
PEPChuZhong8_1,人教版初中英语-八年级上册,初中,人教版,8,上册,legacy_unverified,353,,770789,another time,another time,其他时间，别的时间,,,,kajweb,kajweb,,missing_phonetic
PEPChuZhong8_1,人教版初中英语-八年级上册,初中,人教版,8,上册,legacy_unverified,356,,312649,hang out,hang out,常去某处；泡在某处,,,,kajweb,ecdict,,missing_phonetic
PEPChuZhong8_1,人教版初中英语-八年级上册,初中,人教版,8,上册,legacy_unverified,361,,696131,the day before yesterday,the day before yesterday,前天,,,,kajweb,ecdict,,missing_phonetic
PEPChuZhong8_1,人教版初中英语-八年级上册,初中,人教版,8,上册,legacy_unverified,362,,696130,the day after tomorrow,the day after tomorrow,后天,,,,kajweb,ecdict,,missing_phonetic
PEPChuZhong8_1,人教版初中英语-八年级上册,初中,人教版,8,上册,legacy_unverified,364,,407722,look after,look after,照顾，照料,,,,kajweb,ecdict,,missing_phonetic
PEPChuZhong8_1,人教版初中英语-八年级上册,初中,人教版,8,上册,legacy_unverified,366,,721859,turn down,turn down,减小，关小，调低,,,,kajweb,ecdict,,missing_phonetic
PEPChuZhong8_1,人教版初中英语-八年级上册,初中,人教版,8,上册,legacy_unverified,373,,685170,take a trip,take a trip,去旅行,,,,kajweb,ecdict,,missing_phonetic
PEPChuZhong8_1,人教版初中英语-八年级上册,初中,人教版,8,上册,legacy_unverified,380,,317003,hear from,hear from,收到......来信,,,,kajweb,ecdict,,missing_phonetic
PEPChuZhong8_1,人教版初中英语-八年级上册,初中,人教版,8,上册,legacy_unverified,399,,770790,keep…to oneself,keep…to oneself,保守秘密,,,,kajweb,kajweb,,missing_phonetic
PEPChuZhong8_1,人教版初中英语-八年级上册,初中,人教版,8,上册,legacy_unverified,417,,346677,in half,in half,"分成两半,一半",,,,kajweb,ecdict,,missing_phonetic
PEPChuZhong8_2,人教版初中英语-八年级下册,初中,人教版,8,下册,legacy_unverified,2,,770791,What's the matter?,What’s the matter?,怎么了？出什么事了？,,,,kajweb,kajweb,,missing_phonetic
PEPChuZhong8_2,人教版初中英语-八年级下册,初中,人教版,8,下册,legacy_unverified,4,,315132,have a cold,have a cold,感冒,,,,kajweb,ecdict,,missing_phonetic
PEPChuZhong8_2,人教版初中英语-八年级下册,初中,人教版,8,下册,legacy_unverified,7,,315346,have a stomachache,have a stomachache,胃痛,,,,kajweb,ecdict,,missing_phonetic
PEPChuZhong8_2,人教版初中英语-八年级下册,初中,人教版,8,下册,legacy_unverified,13,,397676,lie down,lie down,躺下,,,,kajweb,ecdict,,missing_phonetic
PEPChuZhong8_2,人教版初中英语-八年级下册,初中,人教版,8,下册,legacy_unverified,18,,685426,take one's temperature,take one's temperature,量体温,,,,kajweb,ecdict,,missing_phonetic
PEPChuZhong8_2,人教版初中英语-八年级下册,初中,人教版,8,下册,legacy_unverified,20,,770793,have a fever,have a fever,发烧,,,,kajweb,kajweb,,missing_phonetic
PEPChuZhong8_2,人教版初中英语-八年级下册,初中,人教版,8,下册,legacy_unverified,22,,770794,take breaks,take breaks,休息(take a break）,,,,kajweb,kajweb,,missing_phonetic
PEPChuZhong8_2,人教版初中英语-八年级下册,初中,人教版,8,下册,legacy_unverified,26,,292600,get off,get off,下车,,,,kajweb,ecdict,,missing_phonetic
PEPChuZhong8_2,人教版初中英语-八年级下册,初中,人教版,8,下册,legacy_unverified,27,,770795,to one's surprise,to one's surprise,使…惊讶，出乎…意料,,,,kajweb,kajweb,,missing_phonetic
PEPChuZhong8_2,人教版初中英语-八年级下册,初中,人教版,8,下册,legacy_unverified,31,,597953,right away,right away,立即，马上,,,,kajweb,ecdict,,missing_phonetic
PEPChuZhong8_2,人教版初中英语-八年级下册,初中,人教版,8,下册,legacy_unverified,32,,292536,get into,get into,参与；陷入,,,,kajweb,ecdict,,missing_phonetic
PEPChuZhong8_2,人教版初中英语-八年级下册,初中,人教版,8,下册,legacy_unverified,42,,73433,be used to,be used to,习惯于……；适应于……,,,,kajweb,ecdict,,missing_phonetic
PEPChuZhong8_2,人教版初中英语-八年级下册,初中,人教版,8,下册,legacy_unverified,44,,685481,take risks,take risks,冒险(take a risk),,,,kajweb,ecdict,,missing_phonetic
PEPChuZhong8_2,人教版初中英语-八年级下册,初中,人教版,8,下册,legacy_unverified,47,,378387,kg,kg,n. 公斤，千克(kilogram),,,,kajweb,ecdict,,missing_phonetic
PEPChuZhong8_2,人教版初中英语-八年级下册,初中,人教版,8,下册,legacy_unverified,49,,770796,run out (of),run out (of),用尽，耗尽,,,,kajweb,kajweb,,missing_phonetic
PEPChuZhong8_2,人教版初中英语-八年级下册,初中,人教版,8,下册,legacy_unverified,51,,177414,cut off,cut off,切除,,,,kajweb,ecdict,,missing_phonetic
PEPChuZhong8_2,人教版初中英语-八年级下册,初中,人教版,8,下册,legacy_unverified,54,,292646,get out of,get out of,离开，从… 出来,,,,kajweb,ecdict,,missing_phonetic
PEPChuZhong8_2,人教版初中英语-八年级下册,初中,人教版,8,下册,legacy_unverified,58,,770797,be in control of,be in control of,掌管，管理,,,,kajweb,kajweb,,missing_phonetic
PEPChuZhong8_2,人教版初中英语-八年级下册,初中,人教版,8,下册,legacy_unverified,61,,294989,give up,give up,放弃,,,,kajweb,ecdict,,missing_phonetic
PEPChuZhong8_2,人教版初中英语-八年级下册,初中,人教版,8,下册,legacy_unverified,63,,139530,clean up,clean up,打扫（清除）干净,,,,kajweb,ecdict,,missing_phonetic
PEPChuZhong8_2,人教版初中英语-八年级下册,初中,人教版,8,下册,legacy_unverified,65,,128618,cheer up,cheer up,变得更高兴，振奋起来,,,,kajweb,ecdict,,missing_phonetic
PEPChuZhong8_2,人教版初中英语-八年级下册,初中,人教版,8,下册,legacy_unverified,66,,294684,give out,give out,分发，散发,,,,kajweb,ecdict,,missing_phonetic
PEPChuZhong8_2,人教版初中英语-八年级下册,初中,人教版,8,下册,legacy_unverified,68,,149238,come up with,come up with,想出，提出,,,,kajweb,ecdict,,missing_phonetic
PEPChuZhong8_2,人教版初中英语-八年级下册,初中,人教版,8,下册,legacy_unverified,69,,567497,put off,put off,推迟,,,,kajweb,ecdict,,missing_phonetic
PEPChuZhong8_2,人教版初中英语-八年级下册,初中,人教版,8,下册,legacy_unverified,72,,312023,hand out,hand out,分发,,,,kajweb,ecdict,,missing_phonetic
PEPChuZhong8_2,人教版初中英语-八年级下册,初中,人教版,8,下册,legacy_unverified,73,,109652,call up,call up,打电话给…某人，征召；征召,,,,kajweb,ecdict,,missing_phonetic
PEPChuZhong8_2,人教版初中英语-八年级下册,初中,人教版,8,下册,legacy_unverified,76,,115596,care for,care for,照顾，非常喜欢,,,,kajweb,ecdict,,missing_phonetic
PEPChuZhong8_2,人教版初中英语-八年级下册,初中,人教版,8,下册,legacy_unverified,83,,719599,try out,try out,试用，试验,,,,kajweb,ecdict,,missing_phonetic
PEPChuZhong8_2,人教版初中英语-八年级下册,初中,人教版,8,下册,legacy_unverified,89,,263409,fix up,fix up,修理，修补,,,,kajweb,ecdict,,missing_phonetic
PEPChuZhong8_2,人教版初中英语-八年级下册,初中,人教版,8,下册,legacy_unverified,90,,294578,give away,give away,赠送，捐赠,,,,kajweb,ecdict,,missing_phonetic
PEPChuZhong8_2,人教版初中英语-八年级下册,初中,人教版,8,下册,legacy_unverified,91,,685193,take after,take after,（外貌或行为）像,,,,kajweb,ecdict,,missing_phonetic
PEPChuZhong8_2,人教版初中英语-八年级下册,初中,人教版,8,下册,legacy_unverified,96,,628061,set up,set up,建立，设立,,,,kajweb,ecdict,,missing_phonetic
PEPChuZhong8_2,人教版初中英语-八年级下册,初中,人教版,8,下册,legacy_unverified,98,,417521,make a difference,make a difference,影响，有作用,,,,kajweb,ecdict,,missing_phonetic
PEPChuZhong8_2,人教版初中英语-八年级下册,初中,人教版,8,下册,legacy_unverified,117,,770798,take out the rubbish,take out the rubbish,倒垃圾,,,,kajweb,kajweb,,missing_phonetic
PEPChuZhong8_2,人教版初中英语-八年级下册,初中,人教版,8,下册,legacy_unverified,121,,23973,all the time,all the time,频繁，反复,,,,kajweb,ecdict,,missing_phonetic
PEPChuZhong8_2,人教版初中英语-八年级下册,初中,人教版,8,下册,legacy_unverified,124,,49856,as soon as,as soon as,一…就…，尽快,,,,kajweb,ecdict,,missing_phonetic
PEPChuZhong8_2,人教版初中英语-八年级下册,初中,人教版,8,下册,legacy_unverified,139,,191799,depend on,depend on,依靠于,,,,kajweb,ecdict,,missing_phonetic
PEPChuZhong8_2,人教版初中英语-八年级下册,初中,人教版,8,下册,legacy_unverified,148,,685240,take care of,take care of,照顾；处理,,,,kajweb,ecdict,,missing_phonetic
PEPChuZhong8_2,人教版初中英语-八年级下册,初中,人教版,8,下册,legacy_unverified,153,,770799,What's wrong?,What's wrong?,哪儿不舒服？,,,,kajweb,kajweb,,missing_phonetic
PEPChuZhong8_2,人教版初中英语-八年级下册,初中,人教版,8,下册,legacy_unverified,155,,407814,look through,look through,浏览，逐一查看,,,,kajweb,ecdict,,missing_phonetic
PEPChuZhong8_2,人教版初中英语-八年级下册,初中,人教版,8,下册,legacy_unverified,159,,762554,work out,work out,解决；成功地发展,,,,kajweb,ecdict,,missing_phonetic
PEPChuZhong8_2,人教版初中英语-八年级下册,初中,人教版,8,下册,legacy_unverified,160,,770800,get on well (with),get on well (with),和睦相处，关系良好,,,,kajweb,kajweb,,missing_phonetic
PEPChuZhong8_2,人教版初中英语-八年级下册,初中,人教版,8,下册,legacy_unverified,185,,177431,cut out,cut out,删去，删除,,,,kajweb,ecdict,,missing_phonetic
PEPChuZhong8_2,人教版初中英语-八年级下册,初中,人教版,8,下册,legacy_unverified,189,,770801,compare…with,compare…with,比较，对比,,,,kajweb,kajweb,,missing_phonetic
PEPChuZhong8_2,人教版初中英语-八年级下册,初中,人教版,8,下册,legacy_unverified,194,,770802,in one's opinion,in one's opinion,依… 看,,,,kajweb,kajweb,,missing_phonetic
PEPChuZhong8_2,人教版初中英语-八年级下册,初中,人教版,8,下册,legacy_unverified,198,,298230,go off,go off,（警报器）发出响声,,,,kajweb,ecdict,,missing_phonetic
PEPChuZhong8_2,人教版初中英语-八年级下册,初中,人教版,8,下册,legacy_unverified,202,,530191,pick up,pick up,接; 取,,,,kajweb,ecdict,,missing_phonetic
PEPChuZhong8_2,人教版初中英语-八年级下册,初中,人教版,8,下册,legacy_unverified,216,,250902,fall asleep,fall asleep,进入梦乡，睡着,,,,kajweb,ecdict,,missing_phonetic
PEPChuZhong8_2,人教版初中英语-八年级下册,初中,人教版,8,下册,legacy_unverified,217,,198652,die down,die down,逐渐变弱，逐渐消失,,,,kajweb,ecdict,,missing_phonetic
PEPChuZhong8_2,人教版初中英语-八年级下册,初中,人教版,8,下册,legacy_unverified,225,,418145,make one's way,make one's way,前往，费力地前进,,,,kajweb,ecdict,,missing_phonetic
PEPChuZhong8_2,人教版初中英语-八年级下册,初中,人教版,8,下册,legacy_unverified,231,,347157,in silence,in silence,沉默，无声,,,,kajweb,ecdict,,missing_phonetic
PEPChuZhong8_2,人教版初中英语-八年级下册,初中,人教版,8,下册,legacy_unverified,237,,53314,at first,at first,首先，最初,,,,kajweb,ecdict,,missing_phonetic
PEPChuZhong8_2,人教版初中英语-八年级下册,初中,人教版,8,下册,legacy_unverified,245,,1364,a little bit,a little bit,有点儿，稍微,,,,kajweb,ecdict,,missing_phonetic
PEPChuZhong8_2,人教版初中英语-八年级下册,初中,人教版,8,下册,legacy_unverified,247,,355844,instead of,instead of,代替，而不是…,,,,kajweb,ecdict,,missing_phonetic
PEPChuZhong8_2,人教版初中英语-八年级下册,初中,人教版,8,下册,legacy_unverified,248,,721871,turn into,turn into,变成,,,,kajweb,ecdict,,missing_phonetic
PEPChuZhong8_2,人教版初中英语-八年级下册,初中,人教版,8,下册,legacy_unverified,256,,770804,once upon,once upon,从前,,,,kajweb,kajweb,,missing_phonetic
PEPChuZhong8_2,人教版初中英语-八年级下册,初中,人教版,8,下册,legacy_unverified,290,,770805,feel free,feel free,（可以）随便（做某事),,,,kajweb,kajweb,,missing_phonetic
PEPChuZhong8_2,人教版初中英语-八年级下册,初中,人教版,8,下册,legacy_unverified,297,,49651,as far as I know,as far as I know,就我所知,,,,kajweb,ecdict,,missing_phonetic
PEPChuZhong8_2,人教版初中英语-八年级下册,初中,人教版,8,下册,legacy_unverified,305,,685308,take in,take in,吸入，吞入,,,,kajweb,ecdict,,missing_phonetic
PEPChuZhong8_2,人教版初中英语-八年级下册,初中,人教版,8,下册,legacy_unverified,308,,347381,in the face of,in the face of,面对（问题，困难）,,,,kajweb,ecdict,,missing_phonetic
PEPChuZhong8_2,人教版初中英语-八年级下册,初中,人教版,8,下册,legacy_unverified,311,,242738,even though,even though,v. （等于even if） 即使，虽然,,,,kajweb,ecdict,,missing_phonetic
PEPChuZhong8_2,人教版初中英语-八年级下册,初中,人教版,8,下册,legacy_unverified,313,,770806,the Pacific Ocean,the Pacific Ocean,太平洋,,,,kajweb,kajweb,,missing_phonetic
PEPChuZhong8_2,人教版初中英语-八年级下册,初中,人教版,8,下册,legacy_unverified,314,,770807,cm,cm,n. 厘米(等于centimeter),,,,kajweb,kajweb,,missing_phonetic
PEPChuZhong8_2,人教版初中英语-八年级下册,初中,人教版,8,下册,legacy_unverified,317,,53277,at birth,at birth,出生时,,,,kajweb,ecdict,,missing_phonetic
PEPChuZhong8_2,人教版初中英语-八年级下册,初中,人教版,8,下册,legacy_unverified,318,,734056,up to,up to,到达（某数量，程度），不多于,,,,kajweb,ecdict,,missing_phonetic
PEPChuZhong8_2,人教版初中英语-八年级下册,初中,人教版,8,下册,legacy_unverified,326,,749904,walk into,walk into,走进,,,,kajweb,ecdict,,missing_phonetic
PEPChuZhong8_2,人教版初中英语-八年级下册,初中,人教版,8,下册,legacy_unverified,330,,493993,or so,or so,大约,,,,kajweb,ecdict,,missing_phonetic
PEPChuZhong8_2,人教版初中英语-八年级下册,初中,人教版,8,下册,legacy_unverified,366,,242900,ever since,ever since,自从,,,,kajweb,ecdict,,missing_phonetic
PEPChuZhong8_2,人教版初中英语-八年级下册,初中,人教版,8,下册,legacy_unverified,372,,490400,one another,one another,互相,,,,kajweb,ecdict,,missing_phonetic
PEPChuZhong8_2,人教版初中英语-八年级下册,初中,人教版,8,下册,legacy_unverified,380,,31101,amusement park,amusement park,游乐场,,,,kajweb,ecdict,,missing_phonetic
PEPChuZhong8_2,人教版初中英语-八年级下册,初中,人教版,8,下册,legacy_unverified,393,,770808,tea art,tea art,茶艺,,,,kajweb,kajweb,,missing_phonetic
PEPChuZhong8_2,人教版初中英语-八年级下册,初中,人教版,8,下册,legacy_unverified,399,,899,a couple of,a couple of,一对，两个；几个,,,,kajweb,ecdict,,missing_phonetic
PEPChuZhong8_2,人教版初中英语-八年级下册,初中,人教版,8,下册,legacy_unverified,405,,700446,thousands of,thousands of,数以千计的，许许多多的,,,,kajweb,ecdict,,missing_phonetic
PEPChuZhong8_2,人教版初中英语-八年级下册,初中,人教版,8,下册,legacy_unverified,413,,770809,all year around,all year around,全年,,,,kajweb,kajweb,,missing_phonetic
PEPChuZhong8_2,人教版初中英语-八年级下册,初中,人教版,8,下册,legacy_unverified,420,,766097,yard sale,yard sale,庭院拍卖会,,,,kajweb,ecdict,,missing_phonetic
PEPChuZhong8_2,人教版初中英语-八年级下册,初中,人教版,8,下册,legacy_unverified,432,,128325,check out,check out,察看，观察,,,,kajweb,ecdict,,missing_phonetic
PEPChuZhong8_2,人教版初中英语-八年级下册,初中,人教版,8,下册,legacy_unverified,436,,373793,junior high school,junior high school,初中,,,,kajweb,ecdict,,missing_phonetic
PEPChuZhong8_2,人教版初中英语-八年级下册,初中,人教版,8,下册,legacy_unverified,438,,139703,clear out,clear out,清理；清除掉,,,,kajweb,ecdict,,missing_phonetic
PEPChuZhong8_2,人教版初中英语-八年级下册,初中,人教版,8,下册,legacy_unverified,440,,473884,no longer,no longer,不再，不复,,,,kajweb,ecdict,,missing_phonetic
PEPChuZhong8_2,人教版初中英语-八年级下册,初中,人教版,8,下册,legacy_unverified,446,,49669,as for,as for,至于，关于,,,,kajweb,ecdict,,missing_phonetic
PEPChuZhong8_2,人教版初中英语-八年级下册,初中,人教版,8,下册,legacy_unverified,448,,705176,to be honest,to be honest,说实在的,,,,kajweb,ecdict,,missing_phonetic
PEPChuZhong8_2,人教版初中英语-八年级下册,初中,人教版,8,下册,legacy_unverified,465,,141256,close to,close to,几乎，接近,,,,kajweb,ecdict,,missing_phonetic
PEPChuZhong9_1,人教版初中英语-九年级全册,初中,人教版,9,全册,legacy_unverified,10,,250941,fall in love with,fall in love with,爱上；与...相爱,,,,kajweb,ecdict,,missing_phonetic
PEPChuZhong9_1,人教版初中英语-九年级全册,初中,人教版,9,全册,legacy_unverified,26,,515257,pay attention to,pay attention to,注意；关注,,,,kajweb,ecdict,,missing_phonetic
PEPChuZhong9_1,人教版初中英语-九年级全册,初中,人教版,9,全册,legacy_unverified,28,,770810,connect … with,connect … with,把...和...连接或联系起来,,,,kajweb,kajweb,,missing_phonetic
PEPChuZhong9_1,人教版初中英语-九年级全册,初中,人教版,9,全册,legacy_unverified,34,,22320,Alexander Graham Bell,Alexander Graham Bell,亚历山大 • 格雷厄姆 • 贝尔,,,,kajweb,ecdict,,missing_phonetic
PEPChuZhong9_1,人教版初中英语-九年级全册,初中,人教版,9,全册,legacy_unverified,69,,130025,Chiang Mai,Chiang Mai,清迈（泰国城市）,,,,kajweb,ecdict,,missing_phonetic
PEPChuZhong9_1,人教版初中英语-九年级全册,初中,人教版,9,全册,legacy_unverified,71,,770812,Valentine's Day,Valentine’s Day,情人节,,,,kajweb,kajweb,,missing_phonetic
PEPChuZhong9_1,人教版初中英语-九年级全册,初中,人教版,9,全册,legacy_unverified,74,,127520,Charles Dickens,Charles  Dickens,查尔斯 • 狄更斯（英国作家）,,,,kajweb,ecdict,,missing_phonetic
PEPChuZhong9_1,人教版初中英语-九年级全册,初中,人教版,9,全册,legacy_unverified,76,,770816,Jacob Marley,Jacob   Marley,雅各布 • 马利,,,,kajweb,kajweb,,missing_phonetic
PEPChuZhong9_1,人教版初中英语-九年级全册,初中,人教版,9,全册,legacy_unverified,113,,277062,from time to time,from time to time,时常；有时,,,,kajweb,ecdict,,missing_phonetic
PEPChuZhong9_1,人教版初中英语-九年级全册,初中,人教版,9,全册,legacy_unverified,118,,184414,deal with,deal with,对付；应付,,,,kajweb,ecdict,,missing_phonetic
PEPChuZhong9_1,人教版初中英语-九年级全册,初中,人教版,9,全册,legacy_unverified,131,,72965,be proud of,be proud of,为...骄傲；感到自豪,,,,kajweb,ecdict,,missing_phonetic
PEPChuZhong9_1,人教版初中英语-九年级全册,初中,人教版,9,全册,legacy_unverified,135,,89937,boarding school,boarding school,寄宿学校,,,,kajweb,ecdict,,missing_phonetic
PEPChuZhong9_1,人教版初中英语-九年级全册,初中,人教版,9,全册,legacy_unverified,137,,346929,in person,in person,亲身；亲自,,,,kajweb,ecdict,,missing_phonetic
PEPChuZhong9_1,人教版初中英语-九年级全册,初中,人教版,9,全册,legacy_unverified,140,,685467,take pride in,take pride in,为...感到自豪,,,,kajweb,ecdict,,missing_phonetic
PEPChuZhong9_1,人教版初中英语-九年级全册,初中,人教版,9,全册,legacy_unverified,165,,473891,no matter,no matter,不论；无论,,,,kajweb,ecdict,,missing_phonetic
PEPChuZhong9_1,人教版初中英语-九年级全册,初中,人教版,9,全册,legacy_unverified,167,,242738,even though,even though,虽然；即使,,,,kajweb,ecdict,,missing_phonetic
PEPChuZhong9_1,人教版初中英语-九年级全册,初中,人教版,9,全册,legacy_unverified,207,,106290,by accident,by accident,偶然；意外地,,,,kajweb,ecdict,,missing_phonetic
PEPChuZhong9_1,人教版初中英语-九年级全册,初中,人教版,9,全册,legacy_unverified,212,,685457,take place,take place,发生；出现,,,,kajweb,ecdict,,missing_phonetic
PEPChuZhong9_1,人教版初中英语-九年级全册,初中,人教版,9,全册,legacy_unverified,214,,760985,without doubt,without doubt,毫无疑问；的确,,,,kajweb,ecdict,,missing_phonetic
PEPChuZhong9_1,人教版初中英语-九年级全册,初中,人教版,9,全册,legacy_unverified,220,,23893,all of a sudden,all of a sudden,突然；猛地,,,,kajweb,ecdict,,missing_phonetic
PEPChuZhong9_1,人教版初中英语-九年级全册,初中,人教版,9,全册,legacy_unverified,226,,106438,by mistake,by mistake,错误地；无意中,,,,kajweb,ecdict,,missing_phonetic
PEPChuZhong9_1,人教版初中英语-九年级全册,初中,人教版,9,全册,legacy_unverified,230,,770829,divide ... into,divide ... into,把...分开,,,,kajweb,kajweb,,missing_phonetic
PEPChuZhong9_1,人教版初中英语-九年级全册,初中,人教版,9,全册,legacy_unverified,233,,770830,the Olympics,the Olympics,奥林匹克运动会,,,,kajweb,kajweb,,missing_phonetic
PEPChuZhong9_1,人教版初中英语-九年级全册,初中,人教版,9,全册,legacy_unverified,238,,770832,CBA,CBA,abbr.. 中国篮球协会(China Basketball Association)，中国篮球协会（中国职业篮球联赛）,,,,kajweb,kajweb,,missing_phonetic
PEPChuZhong9_1,人教版初中英语-九年级全册,初中,人教版,9,全册,legacy_unverified,239,,770833,Chelsea Lanmon,Chelsea Lanmon,切尔西 • 兰曼,,,,kajweb,kajweb,,missing_phonetic
PEPChuZhong9_1,人教版初中英语-九年级全册,初中,人教版,9,全册,legacy_unverified,240,,770834,Jayce Coziar,Jayce  Coziar,杰斯 • 克里亚,,,,kajweb,kajweb,,missing_phonetic
PEPChuZhong9_1,人教版初中英语-九年级全册,初中,人教版,9,全册,legacy_unverified,241,,770835,Jamie Ellsworth,Jamie Ellsworth,杰米 • 埃尔斯沃恩,,,,kajweb,kajweb,,missing_phonetic
PEPChuZhong9_1,人教版初中英语-九年级全册,初中,人教版,9,全册,legacy_unverified,242,,770836,Julie Thompson,Julie   Thompson,朱莉 • 汤普森,,,,kajweb,kajweb,,missing_phonetic
PEPChuZhong9_1,人教版初中英语-九年级全册,初中,人教版,9,全册,legacy_unverified,243,,770837,Whitcomb Judson,Whitcomb   Judson,惠特科姆 • 贾德森,,,,kajweb,kajweb,,missing_phonetic
PEPChuZhong9_1,人教版初中英语-九年级全册,初中,人教版,9,全册,legacy_unverified,244,,770838,Thomas Watson,Thomas  Watson,托马斯 • 沃森,,,,kajweb,kajweb,,missing_phonetic
PEPChuZhong9_1,人教版初中英语-九年级全册,初中,人教版,9,全册,legacy_unverified,245,,770839,George Crum,George   Crum,乔治 • 克拉姆,,,,kajweb,kajweb,,missing_phonetic
PEPChuZhong9_1,人教版初中英语-九年级全册,初中,人教版,9,全册,legacy_unverified,246,,369223,James Naismith,James  Naismith,詹姆斯 • 奈史密斯,,,,kajweb,ecdict,,missing_phonetic
PEPChuZhong9_1,人教版初中英语-九年级全册,初中,人教版,9,全册,legacy_unverified,256,,686068,talk back,talk back,回嘴；顶嘴,,,,kajweb,ecdict,,missing_phonetic
PEPChuZhong9_1,人教版初中英语-九年级全册,初中,人教版,9,全册,legacy_unverified,263,,376482,keep away from,keep away from,避免接近；远离,,,,kajweb,ecdict,,missing_phonetic
PEPChuZhong9_1,人教版初中英语-九年级全册,初中,人教版,9,全册,legacy_unverified,265,,770840,make one's own decision,make one’s own decision,自己做决定,,,,kajweb,kajweb,,missing_phonetic
PEPChuZhong9_1,人教版初中英语-九年级全册,初中,人教版,9,全册,legacy_unverified,270,,770841,get in the way of,get in the way of,挡...的路；妨碍,,,,kajweb,kajweb,,missing_phonetic
PEPChuZhong9_1,人教版初中英语-九年级全册,初中,人教版,9,全册,legacy_unverified,294,,770842,not only … but also,not only … but also,不但...而且,,,,kajweb,kajweb,,missing_phonetic
PEPChuZhong9_1,人教版初中英语-九年级全册,初中,人教版,9,全册,legacy_unverified,313,,770844,J. K. Rowling,J. K. Rowling,J. K. 罗琳（英国作家）,,,,kajweb,kajweb,,missing_phonetic
PEPChuZhong9_1,人教版初中英语-九年级全册,初中,人教版,9,全册,legacy_unverified,316,,770847,Paul Stoker,Paul Stoker,保罗 • 斯托克,,,,kajweb,kajweb,,missing_phonetic
PEPChuZhong9_1,人教版初中英语-九年级全册,初中,人教版,9,全册,legacy_unverified,332,,536779,plenty of,plenty of,大量；充足,,,,kajweb,ecdict,,missing_phonetic
PEPChuZhong9_1,人教版初中英语-九年级全册,初中,人教版,9,全册,legacy_unverified,345,,347667,in total,in total,总共；合计,,,,kajweb,ecdict,,missing_phonetic
PEPChuZhong9_1,人教版初中英语-九年级全册,初中,人教版,9,全册,legacy_unverified,351,,763137,World War II,World War II,第二次世界大战,,,,kajweb,ecdict,,missing_phonetic
PEPChuZhong9_1,人教版初中英语-九年级全册,初中,人教版,9,全册,legacy_unverified,361,,215010,drop by,drop by,顺便访问；随便进入,,,,kajweb,ecdict,,missing_phonetic
PEPChuZhong9_1,人教版初中英语-九年级全册,初中,人教版,9,全册,legacy_unverified,365,,292592,get mad,get mad,大动肝火；气愤,,,,kajweb,ecdict,,missing_phonetic
PEPChuZhong9_1,人教版初中英语-九年级全册,初中,人教版,9,全册,legacy_unverified,366,,770850,make an effort,make an effort,作出努力,,,,kajweb,kajweb,,missing_phonetic
PEPChuZhong9_1,人教版初中英语-九年级全册,初中,人教版,9,全册,legacy_unverified,382,,298311,go out of one's way,go out of one’s way,特地；格外努力,,,,kajweb,ecdict,,missing_phonetic
PEPChuZhong9_1,人教版初中英语-九年级全册,初中,人教版,9,全册,legacy_unverified,383,,770851,make ... feel at home,make ... feel at home,使（某人）感到宾至如归,,,,kajweb,kajweb,,missing_phonetic
PEPChuZhong9_1,人教版初中英语-九年级全册,初中,人教版,9,全册,legacy_unverified,393,,770853,Colombia VmbI,Colombia  VmbI,哥伦比亚（南美洲国家）,,,,kajweb,kajweb,,missing_phonetic
PEPChuZhong9_1,人教版初中英语-九年级全册,初中,人教版,9,全册,legacy_unverified,398,,770855,Sato,Sato,佐藤（日本姓氏）,,,,kajweb,kajweb,,missing_phonetic
PEPChuZhong9_1,人教版初中英语-九年级全册,初中,人教版,9,全册,legacy_unverified,400,,770857,Teresa Lopez Upez,Teresa Lopez Upez,特蕾莎 • 洛佩斯（人名）,,,,kajweb,kajweb,,missing_phonetic
PEPChuZhong9_1,人教版初中英语-九年级全册,初中,人教版,9,全册,legacy_unverified,401,,770858,Marc LeBlanc,Marc LeBlanc,马克 • 勒布朗（人名）,,,,kajweb,kajweb,,missing_phonetic
PEPChuZhong9_1,人教版初中英语-九年级全册,初中,人教版,9,全册,legacy_unverified,402,,770859,the more … the more,the more … the more,越...越... ； 愈...愈...,,,,kajweb,kajweb,,missing_phonetic
PEPChuZhong9_1,人教版初中英语-九年级全册,初中,人教版,9,全册,legacy_unverified,403,,392520,leave out,leave out,不包括；不提及；忽略,,,,kajweb,ecdict,,missing_phonetic
PEPChuZhong9_1,人教版初中英语-九年级全册,初中,人教版,9,全册,legacy_unverified,408,,553516,prime minister,prime minister,n. 总理; 首相,,,,kajweb,ecdict,,missing_phonetic
PEPChuZhong9_1,人教版初中英语-九年级全册,初中,人教版,9,全册,legacy_unverified,414,,770860,neither ... nor,neither ... nor,既不...也不,,,,kajweb,kajweb,,missing_phonetic
PEPChuZhong9_1,人教版初中英语-九年级全册,初中,人教版,9,全册,legacy_unverified,429,,577705,rather than,rather than,而不是,,,,kajweb,ecdict,,missing_phonetic
PEPChuZhong9_1,人教版初中英语-九年级全册,初中,人教版,9,全册,legacy_unverified,431,,564958,pull together,pull together,齐心协力；通力合作,,,,kajweb,ecdict,,missing_phonetic
PEPChuZhong9_1,人教版初中英语-九年级全册,初中,人教版,9,全册,legacy_unverified,441,,770863,give ... a lift,give ... a lift,捎（某人）一程,,,,kajweb,kajweb,,missing_phonetic
PEPChuZhong9_1,人教版初中英语-九年级全册,初中,人教版,9,全册,legacy_unverified,451,,685384,take off,take off,中文释义:（飞机等）起飞；匆忙离开,,,,kajweb,ecdict,,missing_phonetic
PEPChuZhong9_1,人教版初中英语-九年级全册,初中,人教版,9,全册,legacy_unverified,485,,417521,make a difference,make a difference,有关系，作用，影响,,,,kajweb,ecdict,,missing_phonetic
PEPChuZhong9_1,人教版初中英语-九年级全册,初中,人教版,9,全册,legacy_unverified,488,,177414,cut off,cut off,割掉；砍掉,,,,kajweb,ecdict,,missing_phonetic
PEPChuZhong9_1,人教版初中英语-九年级全册,初中,人教版,9,全册,legacy_unverified,509,,770864,WildAid,WildAid,野生救援协会（美国）,,,,kajweb,kajweb,,missing_phonetic
PEPChuZhong9_1,人教版初中英语-九年级全册,初中,人教版,9,全册,legacy_unverified,510,,770865,WWF,WWF,世界自然基金会(World Wide Fund For Nature),,,,kajweb,kajweb,,missing_phonetic
PEPChuZhong9_1,人教版初中英语-九年级全册,初中,人教版,9,全册,legacy_unverified,519,,346041,in a row,in a row,连续几次地,,,,kajweb,ecdict,,missing_phonetic
PEPChuZhong9_1,人教版初中英语-九年级全册,初中,人教版,9,全册,legacy_unverified,525,,417624,make a mess,make a mess,弄得一团糟，一塌糊涂,,,,kajweb,ecdict,,missing_phonetic
PEPChuZhong9_1,人教版初中英语-九年级全册,初中,人教版,9,全册,legacy_unverified,527,,376567,keep one's cool,keep one’s cool,沉住气；保持冷静,,,,kajweb,ecdict,,missing_phonetic
PEPChuZhong9_1,人教版初中英语-九年级全册,初中,人教版,9,全册,legacy_unverified,530,,770872,senior high (school),senior high (school),高中,,,,kajweb,kajweb,,missing_phonetic
PEPChuZhong9_1,人教版初中英语-九年级全册,初中,人教版,9,全册,legacy_unverified,535,,76195,believe in,believe in,信任；信赖,,,,kajweb,ecdict,,missing_phonetic
PEPChuZhong9_1,人教版初中英语-九年级全册,初中,人教版,9,全册,legacy_unverified,545,,73053,be responsible for,be responsible for,对...有责任；负责任,,,,kajweb,ecdict,,missing_phonetic
WaiYanSheChuZhong_1,外研社版初中英语-七年级上册,初中,外研社版（主编：孙有中）,7,上册,legacy_unverified,9,,300140,good morning,good morning,早上好,,,,kajweb,ecdict,,missing_phonetic
WaiYanSheChuZhong_1,外研社版初中英语-七年级上册,初中,外研社版（主编：孙有中）,7,上册,legacy_unverified,11,,300078,good afternoon,good afternoon,下午好,,,,kajweb,ecdict,,missing_phonetic
WaiYanSheChuZhong_1,外研社版初中英语-七年级上册,初中,外研社版（主编：孙有中）,7,上册,legacy_unverified,15,,770877,I'm = I am,I'm = I am,我是,,,,kajweb,kajweb,,missing_phonetic
WaiYanSheChuZhong_1,外研社版初中英语-七年级上册,初中,外研社版（主编：孙有中）,7,上册,legacy_unverified,50,,638883,sit down,sit down,坐下,,,,kajweb,ecdict,,missing_phonetic
WaiYanSheChuZhong_1,外研社版初中英语-七年级上册,初中,外研社版（主编：孙有中）,7,上册,legacy_unverified,59,,658365,stand up,stand up,起立,,,,kajweb,ecdict,,missing_phonetic
WaiYanSheChuZhong_1,外研社版初中英语-七年级上册,初中,外研社版（主编：孙有中）,7,上册,legacy_unverified,96,,770698,in English,in English,用英语,,,,kajweb,kajweb,,missing_phonetic
WaiYanSheChuZhong_1,外研社版初中英语-七年级上册,初中,外研社版（主编：孙有中）,7,上册,legacy_unverified,115,,485799,of course,of course,是的，当然,,,,kajweb,ecdict,,missing_phonetic
WaiYanSheChuZhong_1,外研社版初中英语-七年级上册,初中,外研社版（主编：孙有中）,7,上册,legacy_unverified,122,,770703,You're welcome.,You're welcome.,不用谢，别客气。,,,,kajweb,kajweb,,missing_phonetic
WaiYanSheChuZhong_1,外研社版初中英语-七年级上册,初中,外研社版（主编：孙有中）,7,上册,legacy_unverified,131,,770879,colour (AmE color),colour (AmE color),n. 颜色,,,,kajweb,kajweb,,missing_phonetic
WaiYanSheChuZhong_1,外研社版初中英语-七年级上册,初中,外研社版（主编：孙有中）,7,上册,legacy_unverified,143,,770880,favourite (AmE favorite),favourite (AmE favorite),adj. 最喜爱的,,,,kajweb,kajweb,,missing_phonetic
WaiYanSheChuZhong_1,外研社版初中英语-七年级上册,初中,外研社版（主编：孙有中）,7,上册,legacy_unverified,162,,770881,let's = let us,let's = let us,让我们,,,,kajweb,kajweb,,missing_phonetic
WaiYanSheChuZhong_1,外研社版初中英语-七年级上册,初中,外研社版（主编：孙有中）,7,上册,legacy_unverified,172,,770882,What about ⋯?,What about ⋯?,⋯⋯怎么样？,,,,kajweb,kajweb,,missing_phonetic
WaiYanSheChuZhong_1,外研社版初中英语-七年级上册,初中,外研社版（主编：孙有中）,7,上册,legacy_unverified,179,,13511,adj.,adj.,美国的；美国人的；美洲的,,,,kajweb,ecdict,,missing_phonetic
WaiYanSheChuZhong_1,外研社版初中英语-七年级上册,初中,外研社版（主编：孙有中）,7,上册,legacy_unverified,192,,262418,first name,first name,名字,,,,kajweb,ecdict,,missing_phonetic
WaiYanSheChuZhong_1,外研社版初中英语-七年级上册,初中,外研社版（主编：孙有中）,7,上册,legacy_unverified,194,,388864,last name,last name,姓,,,,kajweb,ecdict,,missing_phonetic
WaiYanSheChuZhong_1,外研社版初中英语-七年级上册,初中,外研社版（主编：孙有中）,7,上册,legacy_unverified,210,,770883,photo (= photograph),photo (= photograph),n. 照片，相片,,,,kajweb,kajweb,,missing_phonetic
WaiYanSheChuZhong_1,外研社版初中英语-七年级上册,初中,外研社版（主编：孙有中）,7,上册,legacy_unverified,215,,489855,on the left,on the left,在左边，在左侧,,,,kajweb,ecdict,,missing_phonetic
WaiYanSheChuZhong_1,外研社版初中英语-七年级上册,初中,外研社版（主编：孙有中）,7,上册,legacy_unverified,218,,770884,on the right,on the right,在右边，在右侧,,,,kajweb,kajweb,,missing_phonetic
WaiYanSheChuZhong_1,外研社版初中英语-七年级上册,初中,外研社版（主编：孙有中）,7,上册,legacy_unverified,222,,471154,next to,next to,在⋯⋯旁边，紧挨着,,,,kajweb,ecdict,,missing_phonetic
WaiYanSheChuZhong_1,外研社版初中英语-七年级上册,初中,外研社版（主编：孙有中）,7,上册,legacy_unverified,232,,770885,theatre (AmE theater),theatre (AmE theater),n. 剧院,,,,kajweb,kajweb,,missing_phonetic
WaiYanSheChuZhong_1,外研社版初中英语-七年级上册,初中,外研社版（主编：孙有中）,7,上册,legacy_unverified,254,,770886,television (= TV),television (= TV),n. 电视；电视机,,,,kajweb,kajweb,,missing_phonetic
WaiYanSheChuZhong_1,外研社版初中英语-七年级上册,初中,外研社版（主编：孙有中）,7,上册,legacy_unverified,268,,1395,a lot of,a lot of,大量；许多,,,,kajweb,ecdict,,missing_phonetic
WaiYanSheChuZhong_1,外研社版初中英语-七年级上册,初中,外研社版（主编：孙有中）,7,上册,legacy_unverified,281,,770887,lab (= laboratory),lab (= laboratory),n. 实验室,,,,kajweb,kajweb,,missing_phonetic
WaiYanSheChuZhong_1,外研社版初中英语-七年级上册,初中,外研社版（主编：孙有中）,7,上册,legacy_unverified,310,,298356,go shopping,go shopping,去买东西，去购物,,,,kajweb,ecdict,,missing_phonetic
WaiYanSheChuZhong_1,外研社版初中英语-七年级上册,初中,外研社版（主编：孙有中）,7,上册,legacy_unverified,316,,707165,too much,too much,太多,,,,kajweb,ecdict,,missing_phonetic
WaiYanSheChuZhong_1,外研社版初中英语-七年级上册,初中,外研社版（主编：孙有中）,7,上册,legacy_unverified,318,,408950,lots of,lots of,大量；许多,,,,kajweb,ecdict,,missing_phonetic
WaiYanSheChuZhong_1,外研社版初中英语-七年级上册,初中,外研社版（主编：孙有中）,7,上册,legacy_unverified,320,,770889,How about ⋯?,How about ⋯?,（征求意见）⋯⋯好吗？⋯⋯行吗？,,,,kajweb,kajweb,,missing_phonetic
WaiYanSheChuZhong_1,外研社版初中英语-七年级上册,初中,外研社版（主编：孙有中）,7,上册,legacy_unverified,334,,72193,be good for,be good for,对⋯⋯有帮助的,,,,kajweb,ecdict,,missing_phonetic
WaiYanSheChuZhong_1,外研社版初中英语-七年级上册,初中,外研社版（主编：孙有中）,7,上册,legacy_unverified,336,,770890,be bad for,be bad for,对⋯⋯有害的,,,,kajweb,kajweb,,missing_phonetic
WaiYanSheChuZhong_1,外研社版初中英语-七年级上册,初中,外研社版（主编：孙有中）,7,上册,legacy_unverified,343,,704,a bit,a bit,稍微；有点儿,,,,kajweb,ecdict,,missing_phonetic
WaiYanSheChuZhong_1,外研社版初中英语-七年级上册,初中,外研社版（主编：孙有中）,7,上册,legacy_unverified,351,,770892,get fat,get fat,发胖,,,,kajweb,kajweb,,missing_phonetic
WaiYanSheChuZhong_1,外研社版初中英语-七年级上册,初中,外研社版（主编：孙有中）,7,上册,legacy_unverified,368,,770895,maths (AmE math),maths (AmE math),n. 数学,,,,kajweb,kajweb,,missing_phonetic
WaiYanSheChuZhong_1,外研社版初中英语-七年级上册,初中,外研社版（主编：孙有中）,7,上册,legacy_unverified,369,,770896,PE (= physical education),PE (= physical education),n. 体育；体育课,,,,kajweb,kajweb,,missing_phonetic
WaiYanSheChuZhong_1,外研社版初中英语-七年级上册,初中,外研社版（主编：孙有中）,7,上册,legacy_unverified,381,,298470,go to school,go to school,上学,,,,kajweb,ecdict,,missing_phonetic
WaiYanSheChuZhong_1,外研社版初中英语-七年级上册,初中,外研社版（主编：孙有中）,7,上册,legacy_unverified,383,,292856,get up,get up,起床,,,,kajweb,ecdict,,missing_phonetic
WaiYanSheChuZhong_1,外研社版初中英语-七年级上册,初中,外研社版（主编：孙有中）,7,上册,legacy_unverified,389,,770899,have lunch,have lunch,吃午餐,,,,kajweb,kajweb,,missing_phonetic
WaiYanSheChuZhong_1,外研社版初中英语-七年级上册,初中,外研社版（主编：孙有中）,7,上册,legacy_unverified,390,,298147,go home,go home,回家,,,,kajweb,ecdict,,missing_phonetic
WaiYanSheChuZhong_1,外研社版初中英语-七年级上册,初中,外研社版（主编：孙有中）,7,上册,legacy_unverified,393,,315478,have dinner,have dinner,吃饭；吃晚餐,,,,kajweb,ecdict,,missing_phonetic
WaiYanSheChuZhong_1,外研社版初中英语-七年级上册,初中,外研社版（主编：孙有中）,7,上册,legacy_unverified,397,,298425,go to bed,go to bed,上床睡觉,,,,kajweb,ecdict,,missing_phonetic
WaiYanSheChuZhong_1,外研社版初中英语-七年级上册,初中,外研社版（主编：孙有中）,7,上册,legacy_unverified,399,,298476,go to sleep,go to sleep,开始睡觉；入睡,,,,kajweb,ecdict,,missing_phonetic
WaiYanSheChuZhong_1,外研社版初中英语-七年级上册,初中,外研社版（主编：孙有中）,7,上册,legacy_unverified,429,,673186,such as,such as,比如,,,,kajweb,ecdict,,missing_phonetic
WaiYanSheChuZhong_1,外研社版初中英语-七年级上册,初中,外研社版（主编：孙有中）,7,上册,legacy_unverified,431,,148984,come from,come from,来自,,,,kajweb,ecdict,,missing_phonetic
WaiYanSheChuZhong_1,外研社版初中英语-七年级上册,初中,外研社版（主编：孙有中）,7,上册,legacy_unverified,457,,1362,a little,a little,少量,,,,kajweb,ecdict,,missing_phonetic
WaiYanSheChuZhong_1,外研社版初中英语-七年级上册,初中,外研社版（主编：孙有中）,7,上册,legacy_unverified,460,,770903,kilo (= kilogram),kilo (= kilogram),n. 千克；公斤,,,,kajweb,kajweb,,missing_phonetic
WaiYanSheChuZhong_1,外研社版初中英语-七年级上册,初中,外研社版（主编：孙有中）,7,上册,legacy_unverified,461,,49937,as well as,as well as,并且，还,,,,kajweb,ecdict,,missing_phonetic
WaiYanSheChuZhong_1,外研社版初中英语-七年级上册,初中,外研社版（主编：孙有中）,7,上册,legacy_unverified,463,,23918,all over the world,all over the world,全世界,,,,kajweb,ecdict,,missing_phonetic
WaiYanSheChuZhong_1,外研社版初中英语-七年级上册,初中,外研社版（主编：孙有中）,7,上册,legacy_unverified,470,,72191,be good at,be good at,擅长,,,,kajweb,ecdict,,missing_phonetic
WaiYanSheChuZhong_1,外研社版初中英语-七年级上册,初中,外研社版（主编：孙有中）,7,上册,legacy_unverified,473,,770904,many kinds of,many kinds of,许多种类,,,,kajweb,kajweb,,missing_phonetic
WaiYanSheChuZhong_1,外研社版初中英语-七年级上册,初中,外研社版（主编：孙有中）,7,上册,legacy_unverified,505,,619219,search for,search for,搜寻；查找,,,,kajweb,ecdict,,missing_phonetic
WaiYanSheChuZhong_1,外研社版初中英语-七年级上册,初中,外研社版（主编：孙有中）,7,上册,legacy_unverified,530,,121259,CD,CD,n. 激光唱片；光盘,,,,kajweb,ecdict,,missing_phonetic
WaiYanSheChuZhong_1,外研社版初中英语-七年级上册,初中,外研社版（主编：孙有中）,7,上册,legacy_unverified,548,,770905,at weekends,at weekends,在周末,,,,kajweb,kajweb,,missing_phonetic
WaiYanSheChuZhong_1,外研社版初中英语-七年级上册,初中,外研社版（主编：孙有中）,7,上册,legacy_unverified,551,,317003,hear from,hear from,收到⋯⋯的来信,,,,kajweb,ecdict,,missing_phonetic
WaiYanSheChuZhong_1,外研社版初中英语-七年级上册,初中,外研社版（主编：孙有中）,7,上册,legacy_unverified,553,,770906,I'm afraid,I'm afraid,[口] 恐怕（用于礼貌地拒绝）,,,,kajweb,kajweb,,missing_phonetic
WaiYanSheChuZhong_1,外研社版初中英语-七年级上册,初中,外研社版（主编：孙有中）,7,上册,legacy_unverified,554,,770907,can't = cannot,can't = cannot,不能,,,,kajweb,kajweb,,missing_phonetic
WaiYanSheChuZhong_1,外研社版初中英语-七年级上册,初中,外研社版（主编：孙有中）,7,上册,legacy_unverified,561,,770909,take photos,take photos,拍照,,,,kajweb,kajweb,,missing_phonetic
WaiYanSheChuZhong_1,外研社版初中英语-七年级上册,初中,外研社版（主编：孙有中）,7,上册,legacy_unverified,563,,749621,wait for,wait for,等待，等候,,,,kajweb,ecdict,,missing_phonetic
WaiYanSheChuZhong_1,外研社版初中英语-七年级上册,初中,外研社版（主编：孙有中）,7,上册,legacy_unverified,567,,1043,a few,a few,一些；几个,,,,kajweb,ecdict,,missing_phonetic
WaiYanSheChuZhong_1,外研社版初中英语-七年级上册,初中,外研社版（主编：孙有中）,7,上册,legacy_unverified,569,,489662,on sale,on sale,正在出售,,,,kajweb,ecdict,,missing_phonetic
WaiYanSheChuZhong_1,外研社版初中英语-七年级上册,初中,外研社版（主编：孙有中）,7,上册,legacy_unverified,573,,298026,go back,go back,回去,,,,kajweb,ecdict,,missing_phonetic
WaiYanSheChuZhong_1,外研社版初中英语-七年级上册,初中,外研社版（主编：孙有中）,7,上册,legacy_unverified,576,,292600,get off,get off,下（飞机、火车、公共汽车等）,,,,kajweb,ecdict,,missing_phonetic
WaiYanSheChuZhong_1,外研社版初中英语-七年级上册,初中,外研社版（主编：孙有中）,7,上册,legacy_unverified,599,,292678,get ready for,get ready for,为⋯⋯做好准备,,,,kajweb,ecdict,,missing_phonetic
WaiYanSheChuZhong_1,外研社版初中英语-七年级上册,初中,外研社版（主编：孙有中）,7,上册,legacy_unverified,602,,53614,at the moment,at the moment,此刻，目前,,,,kajweb,ecdict,,missing_phonetic
WaiYanSheChuZhong_1,外研社版初中英语-七年级上册,初中,外研社版（主编：孙有中）,7,上册,legacy_unverified,604,,53705,at work,at work,在工作,,,,kajweb,ecdict,,missing_phonetic
WaiYanSheChuZhong_1,外研社版初中英语-七年级上册,初中,外研社版（主编：孙有中）,7,上册,legacy_unverified,606,,567428,put away,put away,收起；收拾好,,,,kajweb,ecdict,,missing_phonetic
WaiYanSheChuZhong_1,外研社版初中英语-七年级上册,初中,外研社版（主编：孙有中）,7,上册,legacy_unverified,621,,770910,programme (AmE program),programme (AmE program),n. （电视）节目,,,,kajweb,kajweb,,missing_phonetic
WaiYanSheChuZhong_2,外研社版初中英语-七年级下册,初中,外研社版（主编：孙有中）,7,下册,legacy_unverified,7,,262426,first of all,first of all,首先；第一,,,,kajweb,ecdict,,missing_phonetic
WaiYanSheChuZhong_2,外研社版初中英语-七年级下册,初中,外研社版（主编：孙有中）,7,下册,legacy_unverified,10,,770911,lost and found box,lost and found box,失物招领箱,,,,kajweb,kajweb,,missing_phonetic
WaiYanSheChuZhong_2,外研社版初中英语-七年级下册,初中,外研社版（主编：孙有中）,7,下册,legacy_unverified,17,,71734,be careful with,be careful with,小心（对待）⋯⋯,,,,kajweb,ecdict,,missing_phonetic
WaiYanSheChuZhong_2,外研社版初中英语-七年级下册,初中,外研社版（主编：孙有中）,7,下册,legacy_unverified,19,,277006,from now on,from now on,从现在开始,,,,kajweb,ecdict,,missing_phonetic
WaiYanSheChuZhong_2,外研社版初中英语-七年级下册,初中,外研社版（主编：孙有中）,7,下册,legacy_unverified,20,,770912,here is/are ⋯,here is/are ⋯,（用于刚找到某人或某物时）在这儿,,,,kajweb,kajweb,,missing_phonetic
WaiYanSheChuZhong_2,外研社版初中英语-七年级下册,初中,外研社版（主编：孙有中）,7,下册,legacy_unverified,24,,770913,lost and found office,lost and found office,失物招领处,,,,kajweb,kajweb,,missing_phonetic
WaiYanSheChuZhong_2,外研社版初中英语-七年级下册,初中,外研社版（主编：孙有中）,7,下册,legacy_unverified,25,,345985,in a hurry,in a hurry,匆匆忙忙,,,,kajweb,ecdict,,missing_phonetic
WaiYanSheChuZhong_2,外研社版初中英语-七年级下册,初中,外研社版（主编：孙有中）,7,下册,legacy_unverified,32,,334256,hundreds of,hundreds of,几百；成百上千,,,,kajweb,ecdict,,missing_phonetic
WaiYanSheChuZhong_2,外研社版初中英语-七年级下册,初中,外研社版（主编：孙有中）,7,下册,legacy_unverified,33,,407758,look for,look for,寻找,,,,kajweb,ecdict,,missing_phonetic
WaiYanSheChuZhong_2,外研社版初中英语-七年级下册,初中,外研社版（主编：孙有中）,7,下册,legacy_unverified,50,,770914,that's all,that's all,仅此而已,,,,kajweb,kajweb,,missing_phonetic
WaiYanSheChuZhong_2,外研社版初中英语-七年级下册,初中,外研社版（主编：孙有中）,7,下册,legacy_unverified,52,,763293,worry about,worry about,担心⋯⋯,,,,kajweb,ecdict,,missing_phonetic
WaiYanSheChuZhong_2,外研社版初中英语-七年级下册,初中,外研社版（主编：孙有中）,7,下册,legacy_unverified,57,,770915,get on well with sb.,get on well with sb.,与某人相处融洽,,,,kajweb,kajweb,,missing_phonetic
WaiYanSheChuZhong_2,外研社版初中英语-七年级下册,初中,外研社版（主编：孙有中）,7,下册,legacy_unverified,59,,770916,ready to do sth.,ready to do sth.,乐于做某事,,,,kajweb,kajweb,,missing_phonetic
WaiYanSheChuZhong_2,外研社版初中英语-七年级下册,初中,外研社版（主编：孙有中）,7,下册,legacy_unverified,72,,770917,just like,just like,正如；正像,,,,kajweb,kajweb,,missing_phonetic
WaiYanSheChuZhong_2,外研社版初中英语-七年级下册,初中,外研社版（主编：孙有中）,7,下册,legacy_unverified,77,,298321,go over,go over,复习；练习,,,,kajweb,ecdict,,missing_phonetic
WaiYanSheChuZhong_2,外研社版初中英语-七年级下册,初中,外研社版（主编：孙有中）,7,下册,legacy_unverified,89,,417988,make friends,make friends,交朋友,,,,kajweb,ecdict,,missing_phonetic
WaiYanSheChuZhong_2,外研社版初中英语-七年级下册,初中,外研社版（主编：孙有中）,7,下册,legacy_unverified,95,,232639,enjoy oneself,enjoy oneself,过的愉快,,,,kajweb,ecdict,,missing_phonetic
WaiYanSheChuZhong_2,外研社版初中英语-七年级下册,初中,外研社版（主编：孙有中）,7,下册,legacy_unverified,99,,427254,May Day,May Day,五一劳动节,,,,kajweb,ecdict,,missing_phonetic
WaiYanSheChuZhong_2,外研社版初中英语-七年级下册,初中,外研社版（主编：孙有中）,7,下册,legacy_unverified,102,,685178,take a walk,take a walk,散步,,,,kajweb,ecdict,,missing_phonetic
WaiYanSheChuZhong_2,外研社版初中英语-七年级下册,初中,外研社版（主编：孙有中）,7,下册,legacy_unverified,108,,770918,summer holiday,summer holiday,暑假,,,,kajweb,kajweb,,missing_phonetic
WaiYanSheChuZhong_2,外研社版初中英语-七年级下册,初中,外研社版（主编：孙有中）,7,下册,legacy_unverified,112,,770919,go sightseeing,go sightseeing,观光,,,,kajweb,kajweb,,missing_phonetic
WaiYanSheChuZhong_2,外研社版初中英语-七年级下册,初中,外研社版（主编：孙有中）,7,下册,legacy_unverified,121,,347410,in the future,in the future,将来,,,,kajweb,ecdict,,missing_phonetic
WaiYanSheChuZhong_2,外研社版初中英语-七年级下册,初中,外研社版（主编：孙有中）,7,下册,legacy_unverified,131,,71362,be able to,be able to,能够做⋯⋯,,,,kajweb,ecdict,,missing_phonetic
WaiYanSheChuZhong_2,外研社版初中英语-七年级下册,初中,外研社版（主编：孙有中）,7,下册,legacy_unverified,133,,770920,not ⋯ any more,not ⋯ any more,不再⋯⋯,,,,kajweb,kajweb,,missing_phonetic
WaiYanSheChuZhong_2,外研社版初中英语-七年级下册,初中,外研社版（主编：孙有中）,7,下册,legacy_unverified,144,,710869,traffic jam,traffic jam,交通堵塞,,,,kajweb,ecdict,,missing_phonetic
WaiYanSheChuZhong_2,外研社版初中英语-七年级下册,初中,外研社版（主编：孙有中）,7,下册,legacy_unverified,147,,149216,come true,come true,（希望、梦想等）实现，成真,,,,kajweb,ecdict,,missing_phonetic
WaiYanSheChuZhong_2,外研社版初中英语-七年级下册,初中,外研社版（主编：孙有中）,7,下册,legacy_unverified,148,,770921,here is/are,here is/are,（用于介绍某人或某物）下面,,,,kajweb,kajweb,,missing_phonetic
WaiYanSheChuZhong_2,外研社版初中英语-七年级下册,初中,外研社版（主编：孙有中）,7,下册,legacy_unverified,149,,770922,bike (=bicycle),bike (=bicycle),n. 自行车,,,,kajweb,kajweb,,missing_phonetic
WaiYanSheChuZhong_2,外研社版初中英语-七年级下册,初中,外研社版（主编：孙有中）,7,下册,legacy_unverified,153,,770923,not only ⋯ but also ⋯,not only ⋯ but also ⋯,不仅⋯⋯而且⋯⋯,,,,kajweb,kajweb,,missing_phonetic
WaiYanSheChuZhong_2,外研社版初中英语-七年级下册,初中,外研社版（主编：孙有中）,7,下册,legacy_unverified,163,,49936,as well,as well,和；又；也,,,,kajweb,ecdict,,missing_phonetic
WaiYanSheChuZhong_2,外研社版初中英语-七年级下册,初中,外研社版（主编：孙有中）,7,下册,legacy_unverified,169,,453277,Mother's Day,Mother's Day,母亲节,,,,kajweb,ecdict,,missing_phonetic
WaiYanSheChuZhong_2,外研社版初中英语-七年级下册,初中,外研社版（主编：孙有中）,7,下册,legacy_unverified,174,,719594,try on,try on,试穿,,,,kajweb,ecdict,,missing_phonetic
WaiYanSheChuZhong_2,外研社版初中英语-七年级下册,初中,外研社版（主编：孙有中）,7,下册,legacy_unverified,176,,749605,wait a minute,wait a minute,别急；稍等一会,,,,kajweb,ecdict,,missing_phonetic
WaiYanSheChuZhong_2,外研社版初中英语-七年级下册,初中,外研社版（主编：孙有中）,7,下册,legacy_unverified,195,,770924,one of ⋯⋯,one of ⋯⋯,之一,,,,kajweb,kajweb,,missing_phonetic
WaiYanSheChuZhong_2,外研社版初中英语-七年级下册,初中,外研社版（主编：孙有中）,7,下册,legacy_unverified,201,,298301,go out,go out,外出；游玩,,,,kajweb,ecdict,,missing_phonetic
WaiYanSheChuZhong_2,外研社版初中英语-七年级下册,初中,外研社版（主编：孙有中）,7,下册,legacy_unverified,203,,490408,one day,one day,总有一天,,,,kajweb,ecdict,,missing_phonetic
WaiYanSheChuZhong_2,外研社版初中英语-七年级下册,初中,外研社版（主编：孙有中）,7,下册,legacy_unverified,220,,770925,Why not ⋯?,Why not ⋯?,为什么不⋯⋯呢？,,,,kajweb,kajweb,,missing_phonetic
WaiYanSheChuZhong_2,外研社版初中英语-七年级下册,初中,外研社版（主编：孙有中）,7,下册,legacy_unverified,230,,770927,metre (AmE meter),metre (AmE meter),n. 米,,,,kajweb,kajweb,,missing_phonetic
WaiYanSheChuZhong_2,外研社版初中英语-七年级下册,初中,外研社版（主编：孙有中）,7,下册,legacy_unverified,265,,770929,movie theater (BrE theatre),movie theater (BrE theatre),电影院,,,,kajweb,kajweb,,missing_phonetic
WaiYanSheChuZhong_2,外研社版初中英语-七年级下册,初中,外研社版（主编：孙有中）,7,下册,legacy_unverified,277,,490275,once upon a time,once upon a time,从前,,,,kajweb,ecdict,,missing_phonetic
WaiYanSheChuZhong_2,外研社版初中英语-七年级下册,初中,外研社版（主编：孙有中）,7,下册,legacy_unverified,279,,298118,go for a walk,go for a walk,散步,,,,kajweb,ecdict,,missing_phonetic
WaiYanSheChuZhong_2,外研社版初中英语-七年级下册,初中,外研社版（主编：孙有中）,7,下册,legacy_unverified,282,,23810,all alone,all alone,独自一人的,,,,kajweb,ecdict,,missing_phonetic
WaiYanSheChuZhong_2,外研社版初中英语-七年级下册,初中,外研社版（主编：孙有中）,7,下册,legacy_unverified,285,,530191,pick up,pick up,拿起；举起,,,,kajweb,ecdict,,missing_phonetic
WaiYanSheChuZhong_2,外研社版初中英语-七年级下册,初中,外研社版（主编：孙有中）,7,下册,legacy_unverified,302,,346938,in pieces,in pieces,破碎,,,,kajweb,ecdict,,missing_phonetic
WaiYanSheChuZhong_2,外研社版初中英语-七年级下册,初中,外研社版（主编：孙有中）,7,下册,legacy_unverified,306,,53314,at first,at first,起初；首先,,,,kajweb,ecdict,,missing_phonetic
WaiYanSheChuZhong_2,外研社版初中英语-七年级下册,初中,外研社版（主编：孙有中）,7,下册,legacy_unverified,316,,770931,Women's Day,Women's Day,妇女节,,,,kajweb,kajweb,,missing_phonetic
WaiYanSheChuZhong_2,外研社版初中英语-七年级下册,初中,外研社版（主编：孙有中）,7,下册,legacy_unverified,318,,770932,Children's Day,Children's Day,儿童节,,,,kajweb,kajweb,,missing_phonetic
WaiYanSheChuZhong_2,外研社版初中英语-七年级下册,初中,外研社版（主编：孙有中）,7,下册,legacy_unverified,326,,261068,find out,find out,发现；查明；弄清,,,,kajweb,ecdict,,missing_phonetic
WaiYanSheChuZhong_2,外研社版初中英语-七年级下册,初中,外研社版（主编：孙有中）,7,下册,legacy_unverified,328,,53535,at the age of,at the age of,在⋯⋯岁时,,,,kajweb,ecdict,,missing_phonetic
WaiYanSheChuZhong_2,外研社版初中英语-七年级下册,初中,外研社版（主编：孙有中）,7,下册,legacy_unverified,333,,770933,in the 1860s,in the 1860s,在19世纪60年代,,,,kajweb,kajweb,,missing_phonetic
WaiYanSheChuZhong_2,外研社版初中英语-七年级下册,初中,外研社版（主编：孙有中）,7,下册,legacy_unverified,344,,47070,around the world,around the world,世界各地,,,,kajweb,ecdict,,missing_phonetic
WaiYanSheChuZhong_2,外研社版初中英语-七年级下册,初中,外研社版（主编：孙有中）,7,下册,legacy_unverified,371,,770937,2ussian,2ussian,俄罗斯,,,,kajweb,kajweb,,missing_phonetic
WaiYanSheChuZhong_2,外研社版初中英语-七年级下册,初中,外研社版（主编：孙有中）,7,下册,legacy_unverified,377,,219665,each other,each other,互相；彼此,,,,kajweb,ecdict,,missing_phonetic
WaiYanSheChuZhong_2,外研社版初中英语-七年级下册,初中,外研社版（主编：孙有中）,7,下册,legacy_unverified,390,,770938,North American,North American,北美人,,,,kajweb,kajweb,,missing_phonetic
WaiYanSheChuZhong_2,外研社版初中英语-七年级下册,初中,外研社版（主编：孙有中）,7,下册,legacy_unverified,393,,46293,arm in arm,arm in arm,臂挽臂地,,,,kajweb,ecdict,,missing_phonetic
WaiYanSheChuZhong_2,外研社版初中英语-七年级下册,初中,外研社版（主编：孙有中）,7,下册,legacy_unverified,394,,770939,South American,South American,南美人,,,,kajweb,kajweb,,missing_phonetic
WaiYanSheChuZhong_2,外研社版初中英语-七年级下册,初中,外研社版（主编：孙有中）,7,下册,legacy_unverified,398,,479464,not at all,not at all,一点也不,,,,kajweb,ecdict,,missing_phonetic
WaiYanSheChuZhong_2,外研社版初中英语-七年级下册,初中,外研社版（主编：孙有中）,7,下册,legacy_unverified,403,,346547,in fact,in fact,事实上,,,,kajweb,ecdict,,missing_phonetic
WaiYanSheChuZhong_2,外研社版初中英语-七年级下册,初中,外研社版（主编：孙有中）,7,下册,legacy_unverified,409,,770940,pop (=popular),pop (=popular),adj. 流行的；受欢迎的,,,,kajweb,kajweb,,missing_phonetic
WaiYanSheChuZhong_2,外研社版初中英语-七年级下册,初中,外研社版（主编：孙有中）,7,下册,legacy_unverified,423,,770942,centre (AmE center),centre (AmE center),n. 中心,,,,kajweb,kajweb,,missing_phonetic
WaiYanSheChuZhong_3,外研社版初中英语-八年级上册,初中,外研社版（主编：孙有中）,8,上册,legacy_unverified,13,,407825,look up,look up,查；查找,,,,kajweb,ecdict,,missing_phonetic
WaiYanSheChuZhong_3,外研社版初中英语-八年级上册,初中,外研社版（主编：孙有中）,8,上册,legacy_unverified,15,,417627,make a mistake,make a mistake,犯错误,,,,kajweb,ecdict,,missing_phonetic
WaiYanSheChuZhong_3,外研社版初中英语-八年级上册,初中,外研社版（主编：孙有中）,8,上册,legacy_unverified,20,,763917,write down,write down,写下；记下,,,,kajweb,ecdict,,missing_phonetic
WaiYanSheChuZhong_3,外研社版初中英语-八年级上册,初中,外研社版（主编：孙有中）,8,上册,legacy_unverified,31,,770944,agree with sb.,agree with sb.,同意某人,,,,kajweb,kajweb,,missing_phonetic
WaiYanSheChuZhong_3,外研社版初中英语-八年级上册,初中,外研社版（主编：孙有中）,8,上册,legacy_unverified,33,,50863,ask for,ask for,请求（给予）,,,,kajweb,ecdict,,missing_phonetic
WaiYanSheChuZhong_3,外研社版初中英语-八年级上册,初中,外研社版（主编：孙有中）,8,上册,legacy_unverified,49,,770945,pretty good,pretty good,相当好；很好,,,,kajweb,kajweb,,missing_phonetic
WaiYanSheChuZhong_3,外研社版初中英语-八年级上册,初中,外研社版（主编：孙有中）,8,上册,legacy_unverified,55,,329199,home town,home town,故乡；家乡,,,,kajweb,ecdict,,missing_phonetic
WaiYanSheChuZhong_3,外研社版初中英语-八年级上册,初中,外研社版（主编：孙有中）,8,上册,legacy_unverified,57,,72092,be famous for,be famous for,因⋯⋯而闻名,,,,kajweb,ecdict,,missing_phonetic
WaiYanSheChuZhong_3,外研社版初中英语-八年级上册,初中,外研社版（主编：孙有中）,8,上册,legacy_unverified,73,,770791,What's the matter?,What's the matter?,怎么了？,,,,kajweb,kajweb,,missing_phonetic
WaiYanSheChuZhong_3,外研社版初中英语-八年级上册,初中,外研社版（主编：孙有中）,8,上册,legacy_unverified,81,,536779,plenty of,plenty of,大量；众多,,,,kajweb,ecdict,,missing_phonetic
WaiYanSheChuZhong_3,外研社版初中英语-八年级上册,初中,外研社版（主编：孙有中）,8,上册,legacy_unverified,84,,770947,cheer ⋯ on,cheer ⋯ on,用欢呼声激励；为⋯⋯加油,,,,kajweb,kajweb,,missing_phonetic
WaiYanSheChuZhong_3,外研社版初中英语-八年级上册,初中,外研社版（主编：孙有中）,8,上册,legacy_unverified,91,,750967,warm up,warm up,热身；做准备活动,,,,kajweb,ecdict,,missing_phonetic
WaiYanSheChuZhong_3,外研社版初中英语-八年级上册,初中,外研社版（主编：孙有中）,8,上册,legacy_unverified,107,,253180,far from,far from,远离,,,,kajweb,ecdict,,missing_phonetic
WaiYanSheChuZhong_3,外研社版初中英语-八年级上册,初中,外研社版（主编：孙有中）,8,上册,legacy_unverified,110,,23973,all the time,all the time,一直；不断地,,,,kajweb,ecdict,,missing_phonetic
WaiYanSheChuZhong_3,外研社版初中英语-八年级上册,初中,外研社版（主编：孙有中）,8,上册,legacy_unverified,121,,347369,in the end,in the end,最后；终于,,,,kajweb,ecdict,,missing_phonetic
WaiYanSheChuZhong_3,外研社版初中英语-八年级上册,初中,外研社版（主编：孙有中）,8,上册,legacy_unverified,122,,770948,no idea,no idea,不知道,,,,kajweb,kajweb,,missing_phonetic
WaiYanSheChuZhong_3,外研社版初中英语-八年级上册,初中,外研社版（主编：孙有中）,8,上册,legacy_unverified,139,,346409,in danger,in danger,处于危险中,,,,kajweb,ecdict,,missing_phonetic
WaiYanSheChuZhong_3,外研社版初中英语-八年级上册,初中,外研社版（主编：孙有中）,8,上册,legacy_unverified,140,,53365,at last,at last,终于；最后,,,,kajweb,ecdict,,missing_phonetic
WaiYanSheChuZhong_3,外研社版初中英语-八年级上册,初中,外研社版（主编：孙有中）,8,上册,legacy_unverified,143,,699172,think of,think of,想到；想出,,,,kajweb,ecdict,,missing_phonetic
WaiYanSheChuZhong_3,外研社版初中英语-八年级上册,初中,外研社版（主编：孙有中）,8,上册,legacy_unverified,147,,685222,take away,take away,夺去；拿走,,,,kajweb,ecdict,,missing_phonetic
WaiYanSheChuZhong_3,外研社版初中英语-八年级上册,初中,外研社版（主编：孙有中）,8,上册,legacy_unverified,150,,346920,in peace,in peace,和平地；平静地,,,,kajweb,ecdict,,missing_phonetic
WaiYanSheChuZhong_3,外研社版初中英语-八年级上册,初中,外研社版（主编：孙有中）,8,上册,legacy_unverified,152,,407722,look after,look after,照顾；照管,,,,kajweb,ecdict,,missing_phonetic
WaiYanSheChuZhong_3,外研社版初中英语-八年级上册,初中,外研社版（主编：孙有中）,8,上册,legacy_unverified,163,,628061,set up,set up,开办；设立；创办；建立,,,,kajweb,ecdict,,missing_phonetic
WaiYanSheChuZhong_3,外研社版初中英语-八年级上册,初中,外研社版（主编：孙有中）,8,上册,legacy_unverified,165,,770949,nature park,nature park,自然公园,,,,kajweb,kajweb,,missing_phonetic
WaiYanSheChuZhong_3,外研社版初中英语-八年级上册,初中,外研社版（主编：孙有中）,8,上册,legacy_unverified,175,,689140,tea party,tea party,茶会,,,,kajweb,ecdict,,missing_phonetic
WaiYanSheChuZhong_3,外研社版初中英语-八年级上册,初中,外研社版（主编：孙有中）,8,上册,legacy_unverified,177,,490270,once or twice,once or twice,偶尔；一两次,,,,kajweb,ecdict,,missing_phonetic
WaiYanSheChuZhong_3,外研社版初中英语-八年级上册,初中,外研社版（主编：孙有中）,8,上册,legacy_unverified,182,,699140,think about,think about,考虑,,,,kajweb,ecdict,,missing_phonetic
WaiYanSheChuZhong_3,外研社版初中英语-八年级上册,初中,外研社版（主编：孙有中）,8,上册,legacy_unverified,193,,347658,in time,in time,及时,,,,kajweb,ecdict,,missing_phonetic
WaiYanSheChuZhong_3,外研社版初中英语-八年级上册,初中,外研社版（主编：孙有中）,8,上册,legacy_unverified,194,,250992,fall off,fall off,从⋯⋯跌落,,,,kajweb,ecdict,,missing_phonetic
WaiYanSheChuZhong_3,外研社版初中英语-八年级上册,初中,外研社版（主编：孙有中）,8,上册,legacy_unverified,197,,515256,pay attention,pay attention,注意；留心,,,,kajweb,ecdict,,missing_phonetic
WaiYanSheChuZhong_3,外研社版初中英语-八年级上册,初中,外研社版（主编：孙有中）,8,上册,legacy_unverified,199,,634222,side by side,side by side,并排地；肩并肩地,,,,kajweb,ecdict,,missing_phonetic
WaiYanSheChuZhong_3,外研社版初中英语-八年级上册,初中,外研社版（主编：孙有中）,8,上册,legacy_unverified,220,,312630,hang on,hang on,[口]稍等,,,,kajweb,ecdict,,missing_phonetic
WaiYanSheChuZhong_3,外研社版初中英语-八年级上册,初中,外研社版（主编：孙有中）,8,上册,legacy_unverified,225,,141197,close down,close down,（永久）关闭，关停,,,,kajweb,ecdict,,missing_phonetic
WaiYanSheChuZhong_3,外研社版初中英语-八年级上册,初中,外研社版（主编：孙有中）,8,上册,legacy_unverified,254,,149080,come on,come on,快点,,,,kajweb,ecdict,,missing_phonetic
WaiYanSheChuZhong_3,外研社版初中英语-八年级上册,初中,外研社版（主编：孙有中）,8,上册,legacy_unverified,259,,277062,from time to time,from time to time,有时；间或,,,,kajweb,ecdict,,missing_phonetic
WaiYanSheChuZhong_3,外研社版初中英语-八年级上册,初中,外研社版（主编：孙有中）,8,上册,legacy_unverified,263,,770953,a chess set,a chess set,一副国际象棋,,,,kajweb,kajweb,,missing_phonetic
WaiYanSheChuZhong_3,外研社版初中英语-八年级上册,初中,外研社版（主编：孙有中）,8,上册,legacy_unverified,283,,270018,for the first time,for the first time,首次；初次,,,,kajweb,ecdict,,missing_phonetic
WaiYanSheChuZhong_3,外研社版初中英语-八年级上册,初中,外研社版（主编：孙有中）,8,上册,legacy_unverified,294,,262257,first aid,first aid,急救,,,,kajweb,ecdict,,missing_phonetic
WaiYanSheChuZhong_3,外研社版初中英语-八年级上册,初中,外研社版（主编：孙有中）,8,上册,legacy_unverified,298,,770954,at the bottom of,at the bottom of,在⋯⋯的底部,,,,kajweb,kajweb,,missing_phonetic
WaiYanSheChuZhong_3,外研社版初中英语-八年级上册,初中,外研社版（主编：孙有中）,8,上册,legacy_unverified,300,,770955,What's wrong with ⋯?,What's wrong with ⋯?,⋯⋯怎么了？,,,,kajweb,kajweb,,missing_phonetic
WaiYanSheChuZhong_3,外研社版初中英语-八年级上册,初中,外研社版（主编：孙有中）,8,上册,legacy_unverified,303,,398185,lift up,lift up,抬起；提起,,,,kajweb,ecdict,,missing_phonetic
WaiYanSheChuZhong_3,外研社版初中英语-八年级上册,初中,外研社版（主编：孙有中）,8,上册,legacy_unverified,316,,770956,keep clear of ⋯,keep clear of ⋯,不和⋯⋯接触,,,,kajweb,kajweb,,missing_phonetic
WaiYanSheChuZhong_4,外研社版初中英语-八年级下册,初中,外研社版（主编：孙有中）,8,下册,legacy_unverified,10,,315371,have a try,have a try,尝一尝；试试看,,,,kajweb,ecdict,,missing_phonetic
WaiYanSheChuZhong_4,外研社版初中英语-八年级下册,初中,外研社版（主编：孙有中）,8,下册,legacy_unverified,25,,770957,be proud of …,be proud of …,为……而感到到骄傲,,,,kajweb,kajweb,,missing_phonetic
WaiYanSheChuZhong_4,外研社版初中英语-八年级下册,初中,外研社版（主编：孙有中）,8,下册,legacy_unverified,28,,770958,sb. can't wait,sb. can't wait,某人等不及了,,,,kajweb,kajweb,,missing_phonetic
WaiYanSheChuZhong_4,外研社版初中英语-八年级下册,初中,外研社版（主编：孙有中）,8,下册,legacy_unverified,30,,53501,at school,at school,在学校；上学,,,,kajweb,ecdict,,missing_phonetic
WaiYanSheChuZhong_4,外研社版初中英语-八年级下册,初中,外研社版（主编：孙有中）,8,下册,legacy_unverified,38,,262468,first prize,first prize,一等奖,,,,kajweb,ecdict,,missing_phonetic
WaiYanSheChuZhong_4,外研社版初中英语-八年级下册,初中,外研社版（主编：孙有中）,8,下册,legacy_unverified,42,,418342,make up,make up,编写；创作,,,,kajweb,ecdict,,missing_phonetic
WaiYanSheChuZhong_4,外研社版初中英语-八年级下册,初中,外研社版（主编：孙有中）,8,下册,legacy_unverified,57,,166903,count down,count down,倒数；倒计时,,,,kajweb,ecdict,,missing_phonetic
WaiYanSheChuZhong_4,外研社版初中英语-八年级下册,初中,外研社版（主编：孙有中）,8,下册,legacy_unverified,73,,649376,space travel,space travel,航天旅行,,,,kajweb,ecdict,,missing_phonetic
WaiYanSheChuZhong_4,外研社版初中英语-八年级下册,初中,外研社版（主编：孙有中）,8,下册,legacy_unverified,79,,646250,solar system,solar system,星系；（尤指）太阳系,,,,kajweb,ecdict,,missing_phonetic
WaiYanSheChuZhong_4,外研社版初中英语-八年级下册,初中,外研社版（主编：孙有中）,8,下册,legacy_unverified,98,,119548,catch a cold,catch a cold,感冒,,,,kajweb,ecdict,,missing_phonetic
WaiYanSheChuZhong_4,外研社版初中英语-八年级下册,初中,外研社版（主编：孙有中）,8,下册,legacy_unverified,100,,770959,take sb.'s temperature,take sb.'s temperature,量某人的体温,,,,kajweb,kajweb,,missing_phonetic
WaiYanSheChuZhong_4,外研社版初中英语-八年级下册,初中,外研社版（主编：孙有中）,8,下册,legacy_unverified,108,,770960,take part (in sth.),take part (in sth.),参加，参与（某事）,,,,kajweb,kajweb,,missing_phonetic
WaiYanSheChuZhong_4,外研社版初中英语-八年级下册,初中,外研社版（主编：孙有中）,8,下册,legacy_unverified,110,,770961,in excellent condition,in excellent condition,健康状况很好,,,,kajweb,kajweb,,missing_phonetic
WaiYanSheChuZhong_4,外研社版初中英语-八年级下册,初中,外研社版（主编：孙有中）,8,下册,legacy_unverified,118,,770962,feel awful,feel awful,感到不舒服,,,,kajweb,kajweb,,missing_phonetic
WaiYanSheChuZhong_4,外研社版初中英语-八年级下册,初中,外研社版（主编：孙有中）,8,下册,legacy_unverified,119,,23912,all over,all over,浑身；到处,,,,kajweb,ecdict,,missing_phonetic
WaiYanSheChuZhong_4,外研社版初中英语-八年级下册,初中,外研社版（主编：孙有中）,8,下册,legacy_unverified,129,,770963,can't help doing sth.,can't help doing sth.,忍不住做某事,,,,kajweb,kajweb,,missing_phonetic
WaiYanSheChuZhong_4,外研社版初中英语-八年级下册,初中,外研社版（主编：孙有中）,8,下册,legacy_unverified,132,,770964,orange-and-white,orange-and-white,adj. 橙白相间的,,,,kajweb,kajweb,,missing_phonetic
WaiYanSheChuZhong_4,外研社版初中英语-八年级下册,初中,外研社版（主编：孙有中）,8,下册,legacy_unverified,134,,770965,win the heart of sb.,win the heart of sb.,赢得某人的心,,,,kajweb,kajweb,,missing_phonetic
WaiYanSheChuZhong_4,外研社版初中英语-八年级下册,初中,外研社版（主编：孙有中）,8,下册,legacy_unverified,152,,702639,tidy up,tidy up,使整齐；使整洁,,,,kajweb,ecdict,,missing_phonetic
WaiYanSheChuZhong_4,外研社版初中英语-八年级下册,初中,外研社版（主编：孙有中）,8,下册,legacy_unverified,170,,149085,come out,come out,出版；问世,,,,kajweb,ecdict,,missing_phonetic
WaiYanSheChuZhong_4,外研社版初中英语-八年级下册,初中,外研社版（主编：孙有中）,8,下册,legacy_unverified,172,,49546,as a result,as a result,结果；因此,,,,kajweb,ecdict,,missing_phonetic
WaiYanSheChuZhong_4,外研社版初中英语-八年级下册,初中,外研社版（主编：孙有中）,8,下册,legacy_unverified,176,,770968,make a list,make a list,列清单,,,,kajweb,kajweb,,missing_phonetic
WaiYanSheChuZhong_4,外研社版初中英语-八年级下册,初中,外研社版（主编：孙有中）,8,下册,legacy_unverified,178,,53577,at the end of,at the end of,在……的结尾；在……的末端,,,,kajweb,ecdict,,missing_phonetic
WaiYanSheChuZhong_4,外研社版初中英语-八年级下册,初中,外研社版（主编：孙有中）,8,下册,legacy_unverified,188,,53647,at the same time,at the same time,同时,,,,kajweb,ecdict,,missing_phonetic
WaiYanSheChuZhong_4,外研社版初中英语-八年级下册,初中,外研社版（主编：孙有中）,8,下册,legacy_unverified,191,,191799,depend on,depend on,取决于；决定于,,,,kajweb,ecdict,,missing_phonetic
WaiYanSheChuZhong_4,外研社版初中英语-八年级下册,初中,外研社版（主编：孙有中）,8,下册,legacy_unverified,199,,770969,stay in touch (with sb.),stay in touch (with sb.),（与某人）保持联系,,,,kajweb,kajweb,,missing_phonetic
WaiYanSheChuZhong_4,外研社版初中英语-八年级下册,初中,外研社版（主编：孙有中）,8,下册,legacy_unverified,203,,260081,fill out,fill out,填写；填充,,,,kajweb,ecdict,,missing_phonetic
WaiYanSheChuZhong_4,外研社版初中英语-八年级下册,初中,外研社版（主编：孙有中）,8,下册,legacy_unverified,205,,685756,take up,take up,占去（时间或空间）,,,,kajweb,ecdict,,missing_phonetic
WaiYanSheChuZhong_4,外研社版初中英语-八年级下册,初中,外研社版（主编：孙有中）,8,下册,legacy_unverified,206,,539536,point out,point out,指出；指明,,,,kajweb,ecdict,,missing_phonetic
WaiYanSheChuZhong_4,外研社版初中英语-八年级下册,初中,外研社版（主编：孙有中）,8,下册,legacy_unverified,209,,53663,at the top of,at the top of,在……的顶端,,,,kajweb,ecdict,,missing_phonetic
WaiYanSheChuZhong_4,外研社版初中英语-八年级下册,初中,外研社版（主编：孙有中）,8,下册,legacy_unverified,216,,770970,wake sb. up,wake sb. up,唤醒某人,,,,kajweb,kajweb,,missing_phonetic
WaiYanSheChuZhong_4,外研社版初中英语-八年级下册,初中,外研社版（主编：孙有中）,8,下册,legacy_unverified,235,,371949,join in,join in,参加,,,,kajweb,ecdict,,missing_phonetic
WaiYanSheChuZhong_4,外研社版初中英语-八年级下册,初中,外研社版（主编：孙有中）,8,下册,legacy_unverified,236,,770971,No problem,No problem,没什么，没关系（用于礼貌地回答某人的感谢或道歉）,,,,kajweb,kajweb,,missing_phonetic
WaiYanSheChuZhong_4,外研社版初中英语-八年级下册,初中,外研社版（主编：孙有中）,8,下册,legacy_unverified,238,,347157,in silence,in silence,安静地；沉默地,,,,kajweb,ecdict,,missing_phonetic
WaiYanSheChuZhong_4,外研社版初中英语-八年级下册,初中,外研社版（主编：孙有中）,8,下册,legacy_unverified,242,,183335,day by day,day by day,一天天地；渐渐地,,,,kajweb,ecdict,,missing_phonetic
WaiYanSheChuZhong_4,外研社版初中英语-八年级下册,初中,外研社版（主编：孙有中）,8,下册,legacy_unverified,252,,770972,show sb. around,show sb. around,带某人参观；给某人做向导,,,,kajweb,kajweb,,missing_phonetic
WaiYanSheChuZhong_4,外研社版初中英语-八年级下册,初中,外研社版（主编：孙有中）,8,下册,legacy_unverified,253,,489438,on air,on air,（广播或电视）播出,,,,kajweb,ecdict,,missing_phonetic
WaiYanSheChuZhong_4,外研社版初中英语-八年级下册,初中,外研社版（主编：孙有中）,8,下册,legacy_unverified,262,,346929,in person,in person,亲自；本人,,,,kajweb,ecdict,,missing_phonetic
WaiYanSheChuZhong_5,外研社版初中英语-九年级上册,初中,外研社版（主编：孙有中）,9,上册,legacy_unverified,10,,770802,in one's opinion,in one's opinion,按某人的意见；据某人看来,,,,kajweb,kajweb,,missing_phonetic
WaiYanSheChuZhong_5,外研社版初中英语-九年级上册,初中,外研社版（主编：孙有中）,9,上册,legacy_unverified,13,,442637,millions of,millions of,大量的；无数的,,,,kajweb,ecdict,,missing_phonetic
WaiYanSheChuZhong_5,外研社版初中英语-九年级上册,初中,外研社版（主编：孙有中）,9,上册,legacy_unverified,21,,298401,go through,go through,穿过,,,,kajweb,ecdict,,missing_phonetic
WaiYanSheChuZhong_5,外研社版初中英语-九年级上册,初中,外研社版（主编：孙有中）,9,上册,legacy_unverified,25,,250904,fall away,fall away,突然向下倾斜,,,,kajweb,ecdict,,missing_phonetic
WaiYanSheChuZhong_5,外研社版初中英语-九年级上册,初中,外研社版（主编：孙有中）,9,上册,legacy_unverified,28,,490075,on top of,on top of,在⋯⋯上面；盖住,,,,kajweb,ecdict,,missing_phonetic
WaiYanSheChuZhong_5,外研社版初中英语-九年级上册,初中,外研社版（主编：孙有中）,9,上册,legacy_unverified,33,,637266,since then,since then,从那以后,,,,kajweb,ecdict,,missing_phonetic
WaiYanSheChuZhong_5,外研社版初中英语-九年级上册,初中,外研社版（主编：孙有中）,9,上册,legacy_unverified,39,,685174,take a vacation,take a vacation,去度假,,,,kajweb,ecdict,,missing_phonetic
WaiYanSheChuZhong_5,外研社版初中英语-九年级上册,初中,外研社版（主编：孙有中）,9,上册,legacy_unverified,45,,49856,as soon as,as soon as,一⋯⋯就⋯⋯,,,,kajweb,ecdict,,missing_phonetic
WaiYanSheChuZhong_5,外研社版初中英语-九年级上册,初中,外研社版（主编：孙有中）,9,上册,legacy_unverified,61,,390939,lay the table,lay the table,摆放餐桌,,,,kajweb,ecdict,,missing_phonetic
WaiYanSheChuZhong_5,外研社版初中英语-九年级上册,初中,外研社版（主编：孙有中）,9,上册,legacy_unverified,70,,490259,once again,once again,再一次,,,,kajweb,ecdict,,missing_phonetic
WaiYanSheChuZhong_5,外研社版初中英语-九年级上册,初中,外研社版（主编：孙有中）,9,上册,legacy_unverified,74,,294989,give up,give up,放弃（努力）,,,,kajweb,ecdict,,missing_phonetic
WaiYanSheChuZhong_5,外研社版初中英语-九年级上册,初中,外研社版（主编：孙有中）,9,上册,legacy_unverified,85,,770973,die for,die for,为⋯⋯而死,,,,kajweb,kajweb,,missing_phonetic
WaiYanSheChuZhong_5,外研社版初中英语-九年级上册,初中,外研社版（主编：孙有中）,9,上册,legacy_unverified,90,,685240,take care of,take care of,照顾；护理,,,,kajweb,ecdict,,missing_phonetic
WaiYanSheChuZhong_5,外研社版初中英语-九年级上册,初中,外研社版（主编：孙有中）,9,上册,legacy_unverified,93,,53534,at that time,at that time,那时候,,,,kajweb,ecdict,,missing_phonetic
WaiYanSheChuZhong_5,外研社版初中英语-九年级上册,初中,外研社版（主编：孙有中）,9,上册,legacy_unverified,94,,489613,on one's own,on one's own,独自一人,,,,kajweb,ecdict,,missing_phonetic
WaiYanSheChuZhong_5,外研社版初中英语-九年级上册,初中,外研社版（主编：孙有中）,9,上册,legacy_unverified,101,,198674,die of,die of,死于⋯⋯,,,,kajweb,ecdict,,missing_phonetic
WaiYanSheChuZhong_5,外研社版初中英语-九年级上册,初中,外研社版（主编：孙有中）,9,上册,legacy_unverified,117,,899,a couple of,a couple of,两个,,,,kajweb,ecdict,,missing_phonetic
WaiYanSheChuZhong_5,外研社版初中英语-九年级上册,初中,外研社版（主编：孙有中）,9,上册,legacy_unverified,123,,73513,be worried about,be worried about,担心,,,,kajweb,ecdict,,missing_phonetic
WaiYanSheChuZhong_5,外研社版初中英语-九年级上册,初中,外研社版（主编：孙有中）,9,上册,legacy_unverified,125,,489485,on business,on business,出差,,,,kajweb,ecdict,,missing_phonetic
WaiYanSheChuZhong_5,外研社版初中英语-九年级上册,初中,外研社版（主编：孙有中）,9,上册,legacy_unverified,129,,749758,wake up,wake up,醒；醒来,,,,kajweb,ecdict,,missing_phonetic
WaiYanSheChuZhong_5,外研社版初中英语-九年级上册,初中,外研社版（主编：孙有中）,9,上册,legacy_unverified,130,,311983,hand in,hand in,提交；上交,,,,kajweb,ecdict,,missing_phonetic
WaiYanSheChuZhong_5,外研社版初中英语-九年级上册,初中,外研社版（主编：孙有中）,9,上册,legacy_unverified,133,,23842,all day long,all day long,整天,,,,kajweb,ecdict,,missing_phonetic
WaiYanSheChuZhong_5,外研社版初中英语-九年级上册,初中,外研社版（主编：孙有中）,9,上册,legacy_unverified,140,,770975,against the rules,against the rules,违反规定,,,,kajweb,kajweb,,missing_phonetic
WaiYanSheChuZhong_5,外研社版初中英语-九年级上册,初中,外研社版（主编：孙有中）,9,上册,legacy_unverified,141,,347686,in trouble,in trouble,遇上麻烦；处于困境,,,,kajweb,ecdict,,missing_phonetic
WaiYanSheChuZhong_5,外研社版初中英语-九年级上册,初中,外研社版（主编：孙有中）,9,上册,legacy_unverified,145,,770976,No entry.,No entry.,禁止入内。,,,,kajweb,kajweb,,missing_phonetic
WaiYanSheChuZhong_5,外研社版初中英语-九年级上册,初中,外研社版（主编：孙有中）,9,上册,legacy_unverified,146,,473853,no good,no good,不合适的； 不方便的,,,,kajweb,ecdict,,missing_phonetic
WaiYanSheChuZhong_5,外研社版初中英语-九年级上册,初中,外研社版（主编：孙有中）,9,上册,legacy_unverified,147,,473976,no wonder,no wonder,难怪；不足不奇,,,,kajweb,ecdict,,missing_phonetic
WaiYanSheChuZhong_5,外研社版初中英语-九年级上册,初中,外研社版（主编：孙有中）,9,上册,legacy_unverified,163,,770977,compare ⋯ with ⋯,compare ⋯ with ⋯,比较⋯⋯与⋯⋯,,,,kajweb,kajweb,,missing_phonetic
WaiYanSheChuZhong_5,外研社版初中英语-九年级上册,初中,外研社版（主编：孙有中）,9,上册,legacy_unverified,164,,770978,of all ages,of all ages,所有年龄段的,,,,kajweb,kajweb,,missing_phonetic
WaiYanSheChuZhong_5,外研社版初中英语-九年级上册,初中,外研社版（主编：孙有中）,9,上册,legacy_unverified,173,,770979,get into the habit of ⋯,get into the habit of ⋯,养成⋯⋯的习惯,,,,kajweb,kajweb,,missing_phonetic
WaiYanSheChuZhong_5,外研社版初中英语-九年级上册,初中,外研社版（主编：孙有中）,9,上册,legacy_unverified,179,,355844,instead of,instead of,而不是,,,,kajweb,ecdict,,missing_phonetic
WaiYanSheChuZhong_5,外研社版初中英语-九年级上册,初中,外研社版（主编：孙有中）,9,上册,legacy_unverified,184,,388903,last word,last word,最后一句话；最终决定,,,,kajweb,ecdict,,missing_phonetic
WaiYanSheChuZhong_5,外研社版初中英语-九年级上册,初中,外研社版（主编：孙有中）,9,上册,legacy_unverified,185,,149116,come round,come round,拜访（某人的家）,,,,kajweb,ecdict,,missing_phonetic
WaiYanSheChuZhong_5,外研社版初中英语-九年级上册,初中,外研社版（主编：孙有中）,9,上册,legacy_unverified,187,,719599,try out,try out,试用；试,,,,kajweb,ecdict,,missing_phonetic
WaiYanSheChuZhong_5,外研社版初中英语-九年级上册,初中,外研社版（主编：孙有中）,9,上册,legacy_unverified,189,,473884,no longer,no longer,不再,,,,kajweb,ecdict,,missing_phonetic
WaiYanSheChuZhong_5,外研社版初中英语-九年级上册,初中,外研社版（主编：孙有中）,9,上册,legacy_unverified,190,,770980,be angry with sb.,be angry with sb.,生某人的气,,,,kajweb,kajweb,,missing_phonetic
WaiYanSheChuZhong_5,外研社版初中英语-九年级上册,初中,外研社版（主编：孙有中）,9,上册,legacy_unverified,194,,53368,at least,at least,至少；起码,,,,kajweb,ecdict,,missing_phonetic
WaiYanSheChuZhong_5,外研社版初中英语-九年级上册,初中,外研社版（主编：孙有中）,9,上册,legacy_unverified,198,,539009,pocket money,pocket money,零花钱,,,,kajweb,ecdict,,missing_phonetic
WaiYanSheChuZhong_5,外研社版初中英语-九年级上册,初中,外研社版（主编：孙有中）,9,上册,legacy_unverified,205,,418249,make sense,make sense,易理解；合情理；有意义,,,,kajweb,ecdict,,missing_phonetic
WaiYanSheChuZhong_5,外研社版初中英语-九年级上册,初中,外研社版（主编：孙有中）,9,上册,legacy_unverified,206,,106590,by the way,by the way,顺便提一下（用于在交谈中插入新话题、题外话或评论）,,,,kajweb,ecdict,,missing_phonetic
WaiYanSheChuZhong_5,外研社版初中英语-九年级上册,初中,外研社版（主编：孙有中）,9,上册,legacy_unverified,210,,292578,get into trouble,get into trouble,遇上麻烦,,,,kajweb,ecdict,,missing_phonetic
WaiYanSheChuZhong_5,外研社版初中英语-九年级上册,初中,外研社版（主编：孙有中）,9,上册,legacy_unverified,211,,605587,run away,run away,逃走；逃跑,,,,kajweb,ecdict,,missing_phonetic
WaiYanSheChuZhong_5,外研社版初中英语-九年级上册,初中,外研社版（主编：孙有中）,9,上册,legacy_unverified,215,,269856,for a time,for a time,一小段时间；一度；一时,,,,kajweb,ecdict,,missing_phonetic
WaiYanSheChuZhong_5,外研社版初中英语-九年级上册,初中,外研社版（主编：孙有中）,9,上册,legacy_unverified,222,,515296,pay for,pay for,为⋯⋯付出代价,,,,kajweb,ecdict,,missing_phonetic
WaiYanSheChuZhong_5,外研社版初中英语-九年级上册,初中,外研社版（主编：孙有中）,9,上册,legacy_unverified,226,,658274,stand for,stand for,是⋯⋯的缩写；代表,,,,kajweb,ecdict,,missing_phonetic
WaiYanSheChuZhong_5,外研社版初中英语-九年级上册,初中,外研社版（主编：孙有中）,9,上册,legacy_unverified,233,,473973,no way,no way,决不；不可能,,,,kajweb,ecdict,,missing_phonetic
WaiYanSheChuZhong_5,外研社版初中英语-九年级上册,初中,外研社版（主编：孙有中）,9,上册,legacy_unverified,251,,673542,suffer from,suffer from,受（某种病痛）折磨；因⋯⋯而受苦,,,,kajweb,ecdict,,missing_phonetic
WaiYanSheChuZhong_5,外研社版初中英语-九年级上册,初中,外研社版（主编：孙有中）,9,上册,legacy_unverified,253,,770982,stop sb. (from) doing sth.,stop sb. (from) doing sth.,阻止某人做某事,,,,kajweb,kajweb,,missing_phonetic
WaiYanSheChuZhong_5,外研社版初中英语-九年级上册,初中,外研社版（主编：孙有中）,9,上册,legacy_unverified,256,,685467,take pride in,take pride in,感到自豪,,,,kajweb,ecdict,,missing_phonetic
WaiYanSheChuZhong_5,外研社版初中英语-九年级上册,初中,外研社版（主编：孙有中）,9,上册,legacy_unverified,258,,567815,put up,put up,张贴；公布,,,,kajweb,ecdict,,missing_phonetic
WaiYanSheChuZhong_5,外研社版初中英语-九年级上册,初中,外研社版（主编：孙有中）,9,上册,legacy_unverified,263,,700446,thousands of,thousands of,好几千；成千上万,,,,kajweb,ecdict,,missing_phonetic
WaiYanSheChuZhong_5,外研社版初中英语-九年级上册,初中,外研社版（主编：孙有中）,9,上册,legacy_unverified,274,,407814,look through,look through,快速阅读；浏览,,,,kajweb,ecdict,,missing_phonetic
WaiYanSheChuZhong_5,外研社版初中英语-九年级上册,初中,外研社版（主编：孙有中）,9,上册,legacy_unverified,276,,53235,at a time,at a time,每次；一次,,,,kajweb,ecdict,,missing_phonetic
WaiYanSheChuZhong_5,外研社版初中英语-九年级上册,初中,外研社版（主编：孙有中）,9,上册,legacy_unverified,277,,106399,by hand,by hand,用手；靠手做,,,,kajweb,ecdict,,missing_phonetic
WaiYanSheChuZhong_5,外研社版初中英语-九年级上册,初中,外研社版（主编：孙有中）,9,上册,legacy_unverified,282,,346089,in a way,in a way,从某一角度；从某一点上看；在某种程度上,,,,kajweb,ecdict,,missing_phonetic
WaiYanSheChuZhong_5,外研社版初中英语-九年级上册,初中,外研社版（主编：孙有中）,9,上册,legacy_unverified,283,,770984,compare ⋯ to,compare ⋯ to,把⋯⋯比作,,,,kajweb,kajweb,,missing_phonetic
WaiYanSheChuZhong_5,外研社版初中英语-九年级上册,初中,外研社版（主编：孙有中）,9,上册,legacy_unverified,293,,749610,wait and see,wait and see,等等看；等着瞧,,,,kajweb,ecdict,,missing_phonetic
WaiYanSheChuZhong_5,外研社版初中英语-九年级上册,初中,外研社版（主编：孙有中）,9,上册,legacy_unverified,294,,770985,here we go,here we go,我们这就看看,,,,kajweb,kajweb,,missing_phonetic
WaiYanSheChuZhong_5,外研社版初中英语-九年级上册,初中,外研社版（主编：孙有中）,9,上册,legacy_unverified,296,,6316,according to,according to,根据；按照；据⋯⋯所说,,,,kajweb,ecdict,,missing_phonetic
WaiYanSheChuZhong_5,外研社版初中英语-九年级上册,初中,外研社版（主编：孙有中）,9,上册,legacy_unverified,299,,608296,sailing boat,sailing boat,帆船,,,,kajweb,ecdict,,missing_phonetic
WaiYanSheChuZhong_5,外研社版初中英语-九年级上册,初中,外研社版（主编：孙有中）,9,上册,legacy_unverified,303,,770986,keep x,keep x,（使）避开；（使）不靠近,,,,kajweb,kajweb,,missing_phonetic
WaiYanSheChuZhong_5,外研社版初中英语-九年级上册,初中,外研社版（主编：孙有中）,9,上册,legacy_unverified,304,,770987,keep sb./sth. away,keep sb./sth. away,（使）避开；（使）不靠近,,,,kajweb,kajweb,,missing_phonetic
WaiYanSheChuZhong_5,外研社版初中英语-九年级上册,初中,外研社版（主编：孙有中）,9,上册,legacy_unverified,307,,770988,cut sth. off sth.,cut sth. off sth.,把某物从某物上剪掉,,,,kajweb,kajweb,,missing_phonetic
WaiYanSheChuZhong_5,外研社版初中英语-九年级上册,初中,外研社版（主编：孙有中）,9,上册,legacy_unverified,310,,770989,keep a diary,keep a diary,写日记,,,,kajweb,kajweb,,missing_phonetic
WaiYanSheChuZhong_5,外研社版初中英语-九年级上册,初中,外研社版（主编：孙有中）,9,上册,legacy_unverified,314,,770990,brush sth. off sth.,brush sth. off sth.,把某物从某物上刷掉,,,,kajweb,kajweb,,missing_phonetic
WaiYanSheChuZhong_5,外研社版初中英语-九年级上册,初中,外研社版（主编：孙有中）,9,上册,legacy_unverified,315,,53661,at the time,at the time,那时；在那段时间,,,,kajweb,ecdict,,missing_phonetic
WaiYanSheChuZhong_5,外研社版初中英语-九年级上册,初中,外研社版（主编：孙有中）,9,上册,legacy_unverified,316,,770991,be surprised at,be surprised at,对⋯⋯感到惊奇,,,,kajweb,kajweb,,missing_phonetic
WaiYanSheChuZhong_5,外研社版初中英语-九年级上册,初中,外研社版（主编：孙有中）,9,上册,legacy_unverified,330,,767402,you bet,you bet,的确；当然；一定,,,,kajweb,ecdict,,missing_phonetic
WaiYanSheChuZhong_5,外研社版初中英语-九年级上册,初中,外研社版（主编：孙有中）,9,上册,legacy_unverified,331,,696730,the thing is,the thing is,答案是；问题是,,,,kajweb,ecdict,,missing_phonetic
WaiYanSheChuZhong_5,外研社版初中英语-九年级上册,初中,外研社版（主编：孙有中）,9,上册,legacy_unverified,340,,770992,be in with a chance,be in with a chance,有可能；有机会,,,,kajweb,kajweb,,missing_phonetic
WaiYanSheChuZhong_5,外研社版初中英语-九年级上册,初中,外研社版（主编：孙有中）,9,上册,legacy_unverified,342,,579777,read out,read out,朗读；宣读,,,,kajweb,ecdict,,missing_phonetic
WaiYanSheChuZhong_5,外研社版初中英语-九年级上册,初中,外研社版（主编：孙有中）,9,上册,legacy_unverified,344,,151388,compared with,compared with,（与⋯⋯）相比,,,,kajweb,ecdict,,missing_phonetic
WaiYanSheChuZhong_5,外研社版初中英语-九年级上册,初中,外研社版（主编：孙有中）,9,上册,legacy_unverified,345,,242738,even though,even though,即使；尽管,,,,kajweb,ecdict,,missing_phonetic
WaiYanSheChuZhong_5,外研社版初中英语-九年级上册,初中,外研社版（主编：孙有中）,9,上册,legacy_unverified,349,,770993,protect sth. against sth.,protect sth. against sth.,保护⋯⋯；使⋯⋯不受,,,,kajweb,kajweb,,missing_phonetic
WaiYanSheChuZhong_5,外研社版初中英语-九年级上册,初中,外研社版（主编：孙有中）,9,上册,legacy_unverified,375,,770995,tons of,tons of,许多；很多,,,,kajweb,kajweb,,missing_phonetic
WaiYanSheChuZhong_6,外研社版初中英语-九年级下册,初中,外研社版（主编：孙有中）,9,下册,legacy_unverified,2,,74602,because of,because of,因为；由于,,,,kajweb,ecdict,,missing_phonetic
WaiYanSheChuZhong_6,外研社版初中英语-九年级下册,初中,外研社版（主编：孙有中）,9,下册,legacy_unverified,6,,49733,as long as,as long as,只要,,,,kajweb,ecdict,,missing_phonetic
WaiYanSheChuZhong_6,外研社版初中英语-九年级下册,初中,外研社版（主编：孙有中）,9,下册,legacy_unverified,13,,685384,take off,take off,脱去,,,,kajweb,ecdict,,missing_phonetic
WaiYanSheChuZhong_6,外研社版初中英语-九年级下册,初中,外研社版（主编：孙有中）,9,下册,legacy_unverified,32,,650366,speak up,speak up,大声说,,,,kajweb,ecdict,,missing_phonetic
WaiYanSheChuZhong_6,外研社版初中英语-九年级下册,初中,外研社版（主编：孙有中）,9,下册,legacy_unverified,51,,298230,go off,go off,离开,,,,kajweb,ecdict,,missing_phonetic
WaiYanSheChuZhong_6,外研社版初中英语-九年级下册,初中,外研社版（主编：孙有中）,9,下册,legacy_unverified,54,,770996,in one go,in one go,一口气；一下子,,,,kajweb,kajweb,,missing_phonetic
WaiYanSheChuZhong_6,外研社版初中英语-九年级下册,初中,外研社版（主编：孙有中）,9,下册,legacy_unverified,56,,600355,rock climbing,rock climbing,攀岩,,,,kajweb,ecdict,,missing_phonetic
WaiYanSheChuZhong_6,外研社版初中英语-九年级下册,初中,外研社版（主编：孙有中）,9,下册,legacy_unverified,63,,250902,fall asleep,fall asleep,入睡；睡着,,,,kajweb,ecdict,,missing_phonetic
WaiYanSheChuZhong_6,外研社版初中英语-九年级下册,初中,外研社版（主编：孙有中）,9,下册,legacy_unverified,75,,109566,call off,call off,取消；决定终止,,,,kajweb,ecdict,,missing_phonetic
WaiYanSheChuZhong_6,外研社版初中英语-九年级下册,初中,外研社版（主编：孙有中）,9,下册,legacy_unverified,76,,695895,thanks to,thanks to,多亏；归功于,,,,kajweb,ecdict,,missing_phonetic
WaiYanSheChuZhong_6,外研社版初中英语-九年级下册,初中,外研社版（主编：孙有中）,9,下册,legacy_unverified,82,,490268,once in a while,once in a while,偶尔；有时；间或,,,,kajweb,ecdict,,missing_phonetic
WaiYanSheChuZhong_6,外研社版初中英语-九年级下册,初中,外研社版（主编：孙有中）,9,下册,legacy_unverified,102,,319349,help yourself,help yourself,随便做（或用）吧；请自便,,,,kajweb,ecdict,,missing_phonetic
WaiYanSheChuZhong_6,外研社版初中英语-九年级下册,初中,外研社版（主编：孙有中）,9,下册,legacy_unverified,121,,389752,laugh at,laugh at,嘲笑；对⋯⋯一笑置之,,,,kajweb,ecdict,,missing_phonetic
WaiYanSheChuZhong_6,外研社版初中英语-九年级下册,初中,外研社版（主编：孙有中）,9,下册,legacy_unverified,123,,294989,give up,give up,放弃（努力）,,,,kajweb,ecdict,,missing_phonetic
WaiYanSheChuZhong_6,外研社版初中英语-九年级下册,初中,外研社版（主编：孙有中）,9,下册,legacy_unverified,124,,719596,try one's best,try one's best,尽某人最大的努力,,,,kajweb,ecdict,,missing_phonetic
ChuZhong_2,初中英语词汇（正序版）,初中,,,,exam_reference,748,,770617,Miss,Miss,n. 女士，小姐，年轻未婚女子,,,,kajweb,kajweb,,missing_phonetic
ChuZhong_2,初中英语词汇（正序版）,初中,,,,exam_reference,1021,,770612,Rusia,Rusia,鲁西亚（地名）,,,,kajweb,kajweb,,missing_phonetic
ChuZhong_2,初中英语词汇（正序版）,初中,,,,exam_reference,1323,,770615,VCD,VCD,abbr. 视频高密光盘（Video Compact Disc）；可变电容二极管（Variable Capacitance Diode）,,,,kajweb,kajweb,,missing_phonetic
