book_id,stage,edition,grade,volume,coverage,title,pdf_bytes,md5,action,local_pdf,page_url
68d46462-868d-ccd5-9ea0-c385214b76e6,初中,人教版,7,上册,candidate_unverified,（根据2022年版课程标准修订）义务教育教科书 英语 七年级 上册,14180637,f279edbc87a7bfdf89586d3eb9a787a4,obtain_and_verify_wordlist_or_extract_pdf,,https://basic.smartedu.cn/tchMaterial/detail?contentType=assets_document&contentId=68d46462-868d-ccd5-9ea0-c385214b76e6
a795a3b3-7150-e3ff-5eb8-d76684e53e3a,初中,人教版,7,上册,candidate_unverified,（根据2022年版课程标准修订）义务教育教科书 英语 七年级 上册,11928952,111b87a41f8cfee01a7965e122ee1c0f,obtain_and_verify_wordlist_or_extract_pdf,,https://basic.smartedu.cn/tchMaterial/detail?contentType=assets_document&contentId=a795a3b3-7150-e3ff-5eb8-d76684e53e3a
5f12c902-f141-4ae2-9dcb-e2c504a7783b,初中,人教版,7,下册,candidate_unverified,（根据2022年版课程标准修订）义务教育教科书·英语 七年级 下册,18789465,6ea4763822a47f0e39ea22b759925cae,obtain_and_verify_wordlist_or_extract_pdf,,https://basic.smartedu.cn/tchMaterial/detail?contentType=assets_document&contentId=5f12c902-f141-4ae2-9dcb-e2c504a7783b
f7a7eb5e-12dc-4c96-a4b8-219ca3bcee19,初中,人教版,7,下册,candidate_unverified,（根据2022年版课程标准修订）义务教育教科书·英语七年级下册,10027213,aab6c02d300dc8f79f426d0f0ac8b159,review_extracted_sample,materials/初中/英语/人教版/（根据2022年版课程标准修订）义务教育教科书·英语七年级下册__f7a7eb5e/教材.pdf,https://basic.smartedu.cn/tchMaterial/detail?contentType=assets_document&contentId=f7a7eb5e-12dc-4c96-a4b8-219ca3bcee19
453025ca-58bd-442e-8543-5ef5222d50c6,初中,人教版,8,上册,candidate_unverified,（根据2022年版课程标准修订）义务教育教科书·英语八年级上册,22550362,a36110b626314598bd3e66400c1cc07b,obtain_and_verify_wordlist_or_extract_pdf,,https://basic.smartedu.cn/tchMaterial/detail?contentType=assets_document&contentId=453025ca-58bd-442e-8543-5ef5222d50c6
467816b8-e76c-43fc-afc7-91638f97dba8,初中,人教版,8,下册,candidate_unverified,（根据2022年版课程标准修订）义务教育教科书·英语八年级下册,18531088,a02b54b652a1b7640ad71222ce8c4aad,obtain_and_verify_wordlist_or_extract_pdf,,https://basic.smartedu.cn/tchMaterial/detail?contentType=assets_document&contentId=467816b8-e76c-43fc-afc7-91638f97dba8
33f98190-ed21-f303-9657-d29d792f27a9,初中,人教版,7,上册,candidate_unverified,（根据2022年版课程标准修订）义务教育教科书•英语 七年级上册,17947229,4640958ba6a069ebd48ec9d662778412,obtain_and_verify_wordlist_or_extract_pdf,,https://basic.smartedu.cn/tchMaterial/detail?contentType=assets_document&contentId=33f98190-ed21-f303-9657-d29d792f27a9
7055a895-2dbd-8b3d-4988-6c357fe5dae1,初中,人教版,9,上册,missing,（根据2022年版课程标准修订）义务教育教科书•英语 九年级上册,22859697,1212072ddb842bf1175672f81aff6922,obtain_and_verify_wordlist_or_extract_pdf,,https://basic.smartedu.cn/tchMaterial/detail?contentType=assets_document&contentId=7055a895-2dbd-8b3d-4988-6c357fe5dae1
5700edda-c4c1-11ea-29c4-8fe2c1ca7beb,初中,人教版,8,上册,candidate_unverified,（根据2022年版课程标准修订）义务教育教科书•英语 八年级上册,27090165,81d03bed24628b1314c44041fa10399f,obtain_and_verify_wordlist_or_extract_pdf,,https://basic.smartedu.cn/tchMaterial/detail?contentType=assets_document&contentId=5700edda-c4c1-11ea-29c4-8fe2c1ca7beb
1b40f564-90cc-47d8-d7fd-9ce4362cc82d,初中,冀教版,9,上册,missing,（根据2022年版课程标准修订）义务教育教科书 英语 九年级上册,57310138,182a6b09e30db06d8eaf704833bf5b24,obtain_and_verify_wordlist_or_extract_pdf,,https://basic.smartedu.cn/tchMaterial/detail?contentType=assets_document&contentId=1b40f564-90cc-47d8-d7fd-9ce4362cc82d
6bc0797f-f38f-d43f-3849-cfca0acb0f11,初中,冀教版,7,上册,missing,（根据2022年版课程标准修订）义务教育教科书·英语 七年级上册,54688743,69ab8d44e59e0a7d9fd01d46ff78d962,obtain_and_verify_wordlist_or_extract_pdf,,https://basic.smartedu.cn/tchMaterial/detail?contentType=assets_document&contentId=6bc0797f-f38f-d43f-3849-cfca0acb0f11
9a302b3a-92a7-2713-ecb0-78438c05bf28,初中,冀教版,7,上册,missing,（根据2022年版课程标准修订）义务教育教科书·英语 七年级上册,267891194,dbef6e62c4efabcab3cfca4134cfc3e3-52,obtain_and_verify_wordlist_or_extract_pdf,,https://basic.smartedu.cn/tchMaterial/detail?contentType=assets_document&contentId=9a302b3a-92a7-2713-ecb0-78438c05bf28
448cb9d0-38c8-c2a5-e7f9-13015370b307,初中,冀教版,8,上册,missing,（根据2022年版课程标准修订）义务教育教科书·英语 八年级上册,35816278,e3032e112278f650770727ed26aa9107-5,obtain_and_verify_wordlist_or_extract_pdf,,https://basic.smartedu.cn/tchMaterial/detail?contentType=assets_document&contentId=448cb9d0-38c8-c2a5-e7f9-13015370b307
c720a469-fbb6-4e94-b59f-e5cfb133f296,初中,冀教版,8,上册,missing,（根据2022年版课程标准修订）义务教育教科书·英语 八年级上册,49007041,e9a378887075a3d7b913a4e48cbd99a1,obtain_and_verify_wordlist_or_extract_pdf,,https://basic.smartedu.cn/tchMaterial/detail?contentType=assets_document&contentId=c720a469-fbb6-4e94-b59f-e5cfb133f296
f0c5df3c-b649-4309-8ce5-455914d9f15c,初中,冀教版,7,下册,missing,（根据2022年版课程标准修订）义务教育教科书·英语七年级下册,57314585,3d7699f3e214ba8f0094b6cfc83816e5,obtain_and_verify_wordlist_or_extract_pdf,,https://basic.smartedu.cn/tchMaterial/detail?contentType=assets_document&contentId=f0c5df3c-b649-4309-8ce5-455914d9f15c
f8344d21-4e85-4a71-5f02-b4ecae943972,初中,冀教版,7,下册,missing,（根据2022年版课程标准修订）义务教育教科书·英语七年级下册,56788032,2f6c665f9d51b4752e57ce0cb45cf165,obtain_and_verify_wordlist_or_extract_pdf,,https://basic.smartedu.cn/tchMaterial/detail?contentType=assets_document&contentId=f8344d21-4e85-4a71-5f02-b4ecae943972
bfb70cd2-c00a-4bad-a7c9-79683b7f7404,初中,冀教版,8,下册,missing,（根据2022年版课程标准修订）义务教育教科书·英语八年级下册,78713781,0b558ee283b6825ef45dd0abd5bcbc80,obtain_and_verify_wordlist_or_extract_pdf,,https://basic.smartedu.cn/tchMaterial/detail?contentType=assets_document&contentId=bfb70cd2-c00a-4bad-a7c9-79683b7f7404
0b5bb159-2176-678c-4723-19799c829011,初中,北师大版,7,上册,missing,（根据2022年版课程标准修订）义务教育教科书 英语 七年级上册,19977692,89aa175acce31ca3fe3bb485fc2d0eb4,obtain_and_verify_wordlist_or_extract_pdf,,https://basic.smartedu.cn/tchMaterial/detail?contentType=assets_document&contentId=0b5bb159-2176-678c-4723-19799c829011
1bb3e2fe-45a1-2999-e8b4-9fc63d0929bb,初中,北师大版,7,上册,missing,（根据2022年版课程标准修订）义务教育教科书 英语 七年级上册,60729089,22fceab1ad31cfd3fc8f9e5744eea2ce,obtain_and_verify_wordlist_or_extract_pdf,,https://basic.smartedu.cn/tchMaterial/detail?contentType=assets_document&contentId=1bb3e2fe-45a1-2999-e8b4-9fc63d0929bb
331959b8-d722-eac6-5466-4bac34806136,初中,北师大版,7,上册,missing,（根据2022年版课程标准修订）义务教育教科书 英语 七年级上册,60796211,a816ff7761cbae6eaaad36d9a7987fb7,obtain_and_verify_wordlist_or_extract_pdf,,https://basic.smartedu.cn/tchMaterial/detail?contentType=assets_document&contentId=331959b8-d722-eac6-5466-4bac34806136
4fda3b14-5955-0c46-3bc7-1990ba4d0fc3,初中,北师大版,9,上册,missing,（根据2022年版课程标准修订）义务教育教科书 英语 九年级上册,23232145,d600afb0889267dbdaed4e45a850a347,obtain_and_verify_wordlist_or_extract_pdf,,https://basic.smartedu.cn/tchMaterial/detail?contentType=assets_document&contentId=4fda3b14-5955-0c46-3bc7-1990ba4d0fc3
9620efee-9ef4-4601-9ff4-c677e64d7a44,初中,北师大版,8,上册,missing,（根据2022年版课程标准修订）义务教育教科书 英语 八年级上册,124573644,8604a4956c5f05eb2884cade7a265340-3,obtain_and_verify_wordlist_or_extract_pdf,,https://basic.smartedu.cn/tchMaterial/detail?contentType=assets_document&contentId=9620efee-9ef4-4601-9ff4-c677e64d7a44
f5985d26-222c-933d-50b2-0109cdc4e339,初中,北师大版,8,上册,missing,（根据2022年版课程标准修订）义务教育教科书 英语 八年级上册,22297257,17748e0230f9249b6402921e4c4282d3,obtain_and_verify_wordlist_or_extract_pdf,,https://basic.smartedu.cn/tchMaterial/detail?contentType=assets_document&contentId=f5985d26-222c-933d-50b2-0109cdc4e339
33469df9-57bf-d078-af19-1de3dbfabfe0,初中,北师大版,7,下册,missing,（根据2022年版课程标准修订）义务教育教科书·英语 七年级 下册,76946669,6580a3df5cc5af221a1794476faf7e26,obtain_and_verify_wordlist_or_extract_pdf,,https://basic.smartedu.cn/tchMaterial/detail?contentType=assets_document&contentId=33469df9-57bf-d078-af19-1de3dbfabfe0
7901c4be-a21e-49b4-afe8-793e29be5fad,初中,北师大版,7,下册,missing,（根据2022年版课程标准修订）义务教育教科书·英语七年级下册,76946669,6580a3df5cc5af221a1794476faf7e26,obtain_and_verify_wordlist_or_extract_pdf,,https://basic.smartedu.cn/tchMaterial/detail?contentType=assets_document&contentId=7901c4be-a21e-49b4-afe8-793e29be5fad
98165b99-7f4d-4534-a016-00f82526fc4d,初中,北师大版,8,下册,missing,（根据2022年版课程标准修订）义务教育教科书·英语八年级下册,76013563,463180943c2021363509bea9ca3648dd,obtain_and_verify_wordlist_or_extract_pdf,,https://basic.smartedu.cn/tchMaterial/detail?contentType=assets_document&contentId=98165b99-7f4d-4534-a016-00f82526fc4d
adb3ff3e-323b-5895-30b3-b4aab73ebffd,初中,外研社版（主编：孙有中）,7,上册,candidate_unverified,（根据2022年版课程标准修订）义务教育教科书 英语 七年级上册,147167833,735cf16709faf58682c1edd1e8e54f9e,obtain_and_verify_wordlist_or_extract_pdf,,https://basic.smartedu.cn/tchMaterial/detail?contentType=assets_document&contentId=adb3ff3e-323b-5895-30b3-b4aab73ebffd
2c8772f1-c624-51e1-215d-f0a35f4b5820,初中,外研社版（主编：孙有中）,9,上册,candidate_unverified,（根据2022年版课程标准修订）义务教育教科书 英语 九年级上册,208536122,6daa5a6631ffe189f04cdd8cc4f35cc7,obtain_and_verify_wordlist_or_extract_pdf,,https://basic.smartedu.cn/tchMaterial/detail?contentType=assets_document&contentId=2c8772f1-c624-51e1-215d-f0a35f4b5820
4631365b-5647-850e-5956-ca29c27a1d16,初中,外研社版（主编：孙有中）,8,上册,candidate_unverified,（根据2022年版课程标准修订）义务教育教科书 英语 八年级上册,193080121,4870f24f0a5576ab02f5b7f46b26c061,obtain_and_verify_wordlist_or_extract_pdf,,https://basic.smartedu.cn/tchMaterial/detail?contentType=assets_document&contentId=4631365b-5647-850e-5956-ca29c27a1d16
80a9d47b-a6c9-36c5-cd53-ba5ac343f971,初中,外研社版（主编：孙有中）,7,下册,candidate_unverified,（根据2022年版课程标准修订）义务教育教科书·英语 七年级 下册,196726658,8de541382d564855754b809cc57ce670,obtain_and_verify_wordlist_or_extract_pdf,,https://basic.smartedu.cn/tchMaterial/detail?contentType=assets_document&contentId=80a9d47b-a6c9-36c5-cd53-ba5ac343f971
b7ca9536-ccd7-a4db-56b3-971645c54515,初中,外研社版（主编：孙有中）,7,上册,candidate_unverified,（根据2022年版课程标准修订）义务教育教科书·英语 七年级上册,123040213,8015bffb01aa1f63ee9e08f4e1a7b029-3,obtain_and_verify_wordlist_or_extract_pdf,,https://basic.smartedu.cn/tchMaterial/detail?contentType=assets_document&contentId=b7ca9536-ccd7-a4db-56b3-971645c54515
e184b1ad-1d69-5695-601a-1b3b8ab6e885,初中,外研社版（主编：孙有中）,7,上册,candidate_unverified,（根据2022年版课程标准修订）义务教育教科书·英语 七年级上册,130081727,1a5b2bd98bab9019b5826334f6c56b97,obtain_and_verify_wordlist_or_extract_pdf,,https://basic.smartedu.cn/tchMaterial/detail?contentType=assets_document&contentId=e184b1ad-1d69-5695-601a-1b3b8ab6e885
23ad107e-37cc-5751-f3c0-e5d234106b2d,初中,外研社版（主编：孙有中）,8,上册,candidate_unverified,（根据2022年版课程标准修订）义务教育教科书·英语 八年级上册,122264373,9518315ae7304f29a8bfbfb8b7eb08b2,obtain_and_verify_wordlist_or_extract_pdf,,https://basic.smartedu.cn/tchMaterial/detail?contentType=assets_document&contentId=23ad107e-37cc-5751-f3c0-e5d234106b2d
e97b46fe-ed57-9d08-5533-60ff4bb437ae,初中,外研社版（主编：孙有中）,8,下册,candidate_unverified,（根据2022年版课程标准修订）义务教育教科书·英语 八年级下册,172966629,aa52cea5d508e898e62c0e9cfa1165e5,obtain_and_verify_wordlist_or_extract_pdf,,https://basic.smartedu.cn/tchMaterial/detail?contentType=assets_document&contentId=e97b46fe-ed57-9d08-5533-60ff4bb437ae
d199388d-afe7-4ff2-912d-cea6ac4b9b1b,初中,外研社版（主编：孙有中）,7,下册,candidate_unverified,（根据2022年版课程标准修订）义务教育教科书·英语七年级下册,169573369,31ba0305019a2040dd458d938ca869b3,obtain_and_verify_wordlist_or_extract_pdf,,https://basic.smartedu.cn/tchMaterial/detail?contentType=assets_document&contentId=d199388d-afe7-4ff2-912d-cea6ac4b9b1b
e7788a04-22eb-46ee-b16e-c0cf356c8a49,初中,沪外教版,9,下册,missing,义务教育教科书·英语九年级下册,17555985,50a6b5bb4aed2e6dc263775ee1db3216,obtain_and_verify_wordlist_or_extract_pdf,,https://basic.smartedu.cn/tchMaterial/detail?contentType=assets_document&contentId=e7788a04-22eb-46ee-b16e-c0cf356c8a49
aa6c165a-3d8e-40d7-aaf2-4c1b3af36c89,初中,沪外教版,9,上册,missing,（根据2022年版课程标准修订）义务教育教科书 英语 九年级上册,32149636,173d648c9fcda4aca250a14ab973763c,obtain_and_verify_wordlist_or_extract_pdf,,https://basic.smartedu.cn/tchMaterial/detail?contentType=assets_document&contentId=aa6c165a-3d8e-40d7-aaf2-4c1b3af36c89
3e5abc1b-2bc3-7e27-6525-2138ef0b298b,初中,沪外教版,7,上册,missing,（根据2022年版课程标准修订）义务教育教科书·英语 七年级上册,93040683,4d4814ccbf90c35988f972b9829ae701,obtain_and_verify_wordlist_or_extract_pdf,,https://basic.smartedu.cn/tchMaterial/detail?contentType=assets_document&contentId=3e5abc1b-2bc3-7e27-6525-2138ef0b298b
456e85df-63bb-1b8b-928a-a60706d21704,初中,沪外教版,7,上册,missing,（根据2022年版课程标准修订）义务教育教科书·英语 七年级上册,9987432,dd8580391f6bb9c99930db595fa911cf,obtain_and_verify_wordlist_or_extract_pdf,,https://basic.smartedu.cn/tchMaterial/detail?contentType=assets_document&contentId=456e85df-63bb-1b8b-928a-a60706d21704
2a2d221f-d407-49e9-bb53-267fde8b0d07,初中,沪外教版,7,下册,missing,（根据2022年版课程标准修订）义务教育教科书·英语七年级下册,59693056,bea657d6d5ea11584d69be55d7023da9,obtain_and_verify_wordlist_or_extract_pdf,,https://basic.smartedu.cn/tchMaterial/detail?contentType=assets_document&contentId=2a2d221f-d407-49e9-bb53-267fde8b0d07
6bec9b00-149b-41cd-a378-81f76c3f20cc,初中,沪外教版,8,上册,missing,（根据2022年版课程标准修订）义务教育教科书·英语八年级上册,13900455,b755afd870b2e65582a54b39c4fc518e,obtain_and_verify_wordlist_or_extract_pdf,,https://basic.smartedu.cn/tchMaterial/detail?contentType=assets_document&contentId=6bec9b00-149b-41cd-a378-81f76c3f20cc
ce303c14-ba79-a2f5-7819-1ef12fb74479,初中,沪外教版,8,上册,missing,（根据2022年版课程标准修订）义务教育教科书·英语八年级上册,17484016,131bcc1ddde442c97c492268f0df4049-3,obtain_and_verify_wordlist_or_extract_pdf,,https://basic.smartedu.cn/tchMaterial/detail?contentType=assets_document&contentId=ce303c14-ba79-a2f5-7819-1ef12fb74479
fadfbe3b-03d5-4b80-b5d8-3910ecf70ec6,初中,沪外教版,8,下册,missing,（根据2022年版课程标准修订）义务教育教科书·英语八年级下册,15740801,e1427e881f917f2fd8bf05e7287d8245,obtain_and_verify_wordlist_or_extract_pdf,,https://basic.smartedu.cn/tchMaterial/detail?contentType=assets_document&contentId=fadfbe3b-03d5-4b80-b5d8-3910ecf70ec6
8a9962e7-f8e6-4f5f-8e2a-df9bf874bf0c,初中,沪教版,9,下册,missing,义务教育教科书·英语九年级下册,77908079,21225d1088342bfa71942112e66c492c,obtain_and_verify_wordlist_or_extract_pdf,,https://basic.smartedu.cn/tchMaterial/detail?contentType=assets_document&contentId=8a9962e7-f8e6-4f5f-8e2a-df9bf874bf0c
454dfc04-1259-20fe-cfa2-108408618de7,初中,沪教版,7,上册,missing,（根据2022年版课程标准修订）义务教育教科书 英语 七年级 上册,25828087,e653a5c16c19d2378bcc43d7f411498e,obtain_and_verify_wordlist_or_extract_pdf,,https://basic.smartedu.cn/tchMaterial/detail?contentType=assets_document&contentId=454dfc04-1259-20fe-cfa2-108408618de7
dcba2daf-0832-7ef4-2490-ceb47ff8fa2a,初中,沪教版,7,上册,missing,（根据2022年版课程标准修订）义务教育教科书 英语 七年级 上册,17040644,0ae8f6f99ec6580fe6e8687aa3023b4b,obtain_and_verify_wordlist_or_extract_pdf,,https://basic.smartedu.cn/tchMaterial/detail?contentType=assets_document&contentId=dcba2daf-0832-7ef4-2490-ceb47ff8fa2a
fc01119a-7b2b-d5fb-74c8-415bd8e00f4a,初中,沪教版,7,上册,missing,（根据2022年版课程标准修订）义务教育教科书 英语 七年级 上册,110395628,d212b6bd8281bc67d75c961ee76876af-14,obtain_and_verify_wordlist_or_extract_pdf,,https://basic.smartedu.cn/tchMaterial/detail?contentType=assets_document&contentId=fc01119a-7b2b-d5fb-74c8-415bd8e00f4a
13f39e27-05a6-4f55-aa35-09b29500b015,初中,沪教版,7,下册,missing,（根据2022年版课程标准修订）义务教育教科书·英语七年级下册,23539346,f2d1aa85474ba51665cbdbf25cb851a7,obtain_and_verify_wordlist_or_extract_pdf,,https://basic.smartedu.cn/tchMaterial/detail?contentType=assets_document&contentId=13f39e27-05a6-4f55-aa35-09b29500b015
65a59980-6e5c-7f76-82e8-ab16222baafb,初中,沪教版,7,下册,missing,（根据2022年版课程标准修订）义务教育教科书·英语七年级下册,41150769,55befca40757828ff9ffc0fc34451dc8,obtain_and_verify_wordlist_or_extract_pdf,,https://basic.smartedu.cn/tchMaterial/detail?contentType=assets_document&contentId=65a59980-6e5c-7f76-82e8-ab16222baafb
b1a19b7a-5a7f-4d0e-9f9d-b5e59dafc979,初中,沪教版,9,上册,missing,（根据2022年版课程标准修订）义务教育教科书·英语九年级上册,112487176,192bdc8560d195043cd427b401f0bc2a,obtain_and_verify_wordlist_or_extract_pdf,,https://basic.smartedu.cn/tchMaterial/detail?contentType=assets_document&contentId=b1a19b7a-5a7f-4d0e-9f9d-b5e59dafc979
01fb75fc-776a-43cc-a974-b03d61679125,初中,沪教版,8,上册,missing,（根据2022年版课程标准修订）义务教育教科书·英语八年级上册,27642288,665588745f162fcaea346101f36a298f,obtain_and_verify_wordlist_or_extract_pdf,,https://basic.smartedu.cn/tchMaterial/detail?contentType=assets_document&contentId=01fb75fc-776a-43cc-a974-b03d61679125
90442b57-1067-ae52-9aa6-92fdcc4b8589,初中,沪教版,8,上册,missing,（根据2022年版课程标准修订）义务教育教科书·英语八年级上册,111625009,70c6fddb5d3760df7b43ca1846925d7b-14,obtain_and_verify_wordlist_or_extract_pdf,,https://basic.smartedu.cn/tchMaterial/detail?contentType=assets_document&contentId=90442b57-1067-ae52-9aa6-92fdcc4b8589
d9587713-66bd-4f85-806f-cc2fa5619cd3,初中,沪教版,8,下册,missing,（根据2022年版课程标准修订）义务教育教科书·英语八年级下册,75613840,ce493545f4102551e4f49d46ba745ccc,obtain_and_verify_wordlist_or_extract_pdf,,https://basic.smartedu.cn/tchMaterial/detail?contentType=assets_document&contentId=d9587713-66bd-4f85-806f-cc2fa5619cd3
1bf8014a-678a-46b5-a7c5-f0248b1bdab3,初中,科普版,9,下册,missing,义务教育教科书·英语九年级下册,43841288,3eac2f48c2ba448dc1c538aa35ab2228,obtain_and_verify_wordlist_or_extract_pdf,,https://basic.smartedu.cn/tchMaterial/detail?contentType=assets_document&contentId=1bf8014a-678a-46b5-a7c5-f0248b1bdab3
183b9902-f0a9-6f61-748c-26929e5ce40c,初中,科普版,7,上册,missing,（根据2022年版课程标准修订）义务教育教科书 英语 七年级上册,17841409,88dcc6c8b610d52a8e742167a9a18ea8,obtain_and_verify_wordlist_or_extract_pdf,,https://basic.smartedu.cn/tchMaterial/detail?contentType=assets_document&contentId=183b9902-f0a9-6f61-748c-26929e5ce40c
521b01ef-4e76-466e-b50e-a20508a9b893,初中,科普版,9,上册,missing,（根据2022年版课程标准修订）义务教育教科书 英语 九年级上册,14214830,34c3c5cc1a9fdd368c14b0662dff43ce,obtain_and_verify_wordlist_or_extract_pdf,,https://basic.smartedu.cn/tchMaterial/detail?contentType=assets_document&contentId=521b01ef-4e76-466e-b50e-a20508a9b893
c00290fc-3c5c-9221-1be3-77e4fed67197,初中,科普版,8,上册,missing,（根据2022年版课程标准修订）义务教育教科书 英语 八年级上册,20437118,595f065caebd99fe2d4ad5d24fee8379,obtain_and_verify_wordlist_or_extract_pdf,,https://basic.smartedu.cn/tchMaterial/detail?contentType=assets_document&contentId=c00290fc-3c5c-9221-1be3-77e4fed67197
4360e8a1-7e94-34ab-eeaa-57819834b24b,初中,科普版,7,上册,missing,（根据2022年版课程标准修订）义务教育教科书 英语七年级上册,73220290,e026db0541ea28744a9543310f65c670,obtain_and_verify_wordlist_or_extract_pdf,,https://basic.smartedu.cn/tchMaterial/detail?contentType=assets_document&contentId=4360e8a1-7e94-34ab-eeaa-57819834b24b
b40da2ba-8292-4cb0-986e-cc7da87f7855,初中,科普版,8,上册,missing,（根据2022年版课程标准修订）义务教育教科书 英语八年级上册,134536315,adc06807603084dd4ce6abd74d30fda7-3,obtain_and_verify_wordlist_or_extract_pdf,,https://basic.smartedu.cn/tchMaterial/detail?contentType=assets_document&contentId=b40da2ba-8292-4cb0-986e-cc7da87f7855
adf997ce-573b-ad1e-845e-1adcb1c53768,初中,科普版,7,上册,missing,（根据2022年版课程标准修订）义务教育教科书 英语（七年级 上册）,85705615,1f4f8d7af55ce5397217bf401ea05164,obtain_and_verify_wordlist_or_extract_pdf,,https://basic.smartedu.cn/tchMaterial/detail?contentType=assets_document&contentId=adf997ce-573b-ad1e-845e-1adcb1c53768
a0edf423-c4de-7780-672f-010b0c8a6f83,初中,科普版,7,下册,missing,（根据2022年版课程标准修订）义务教育教科书·英语 七年级 下册,21545205,f67c8c2c6c9bbf43b4b717521e4df70e,obtain_and_verify_wordlist_or_extract_pdf,,https://basic.smartedu.cn/tchMaterial/detail?contentType=assets_document&contentId=a0edf423-c4de-7780-672f-010b0c8a6f83
3cb05979-f64e-48f8-8fc3-27e99abf6929,初中,科普版,7,下册,missing,（根据2022年版课程标准修订）义务教育教科书·英语七年级下册,69011896,5f8016f338c74b4cec8f0a19d7195945,obtain_and_verify_wordlist_or_extract_pdf,,https://basic.smartedu.cn/tchMaterial/detail?contentType=assets_document&contentId=3cb05979-f64e-48f8-8fc3-27e99abf6929
ff77182f-5acf-4b36-9dbf-6d8bbca2431a,初中,科普版,8,下册,missing,（根据2022年版课程标准修订）义务教育教科书·英语八年级下册,19275030,d4de6dfb21e6bb654900f628e12ed19e,obtain_and_verify_wordlist_or_extract_pdf,,https://basic.smartedu.cn/tchMaterial/detail?contentType=assets_document&contentId=ff77182f-5acf-4b36-9dbf-6d8bbca2431a
92286669-0bc5-423e-844c-06c4eddffd2e,初中,译林版,9,下册,missing,义务教育教科书·英语九年级下册,44211746,267580b9920716a58d8bdd3244d065f4,obtain_and_verify_wordlist_or_extract_pdf,,https://basic.smartedu.cn/tchMaterial/detail?contentType=assets_document&contentId=92286669-0bc5-423e-844c-06c4eddffd2e
64f242e1-9902-067f-a769-7ed0a761c430,初中,译林版,7,上册,missing,（根据2022年版课程标准修订）义务教育教科书·英语 七年级上册,53233500,c99d2293b437fb004ee9f6abfd90f34d,obtain_and_verify_wordlist_or_extract_pdf,,https://basic.smartedu.cn/tchMaterial/detail?contentType=assets_document&contentId=64f242e1-9902-067f-a769-7ed0a761c430
9f7701cb-d16d-4b3e-c46d-06c3042dec5c,初中,译林版,7,上册,missing,（根据2022年版课程标准修订）义务教育教科书·英语 七年级上册,56172906,cccceabba99c2baa45a4e8977f48c01c-7,obtain_and_verify_wordlist_or_extract_pdf,,https://basic.smartedu.cn/tchMaterial/detail?contentType=assets_document&contentId=9f7701cb-d16d-4b3e-c46d-06c3042dec5c
c69fbfe9-1233-33a6-d354-45ec9a34d1c9,初中,译林版,7,上册,missing,（根据2022年版课程标准修订）义务教育教科书·英语 七年级上册,27926646,75889ee572c7395f3390ca60a4161163,obtain_and_verify_wordlist_or_extract_pdf,,https://basic.smartedu.cn/tchMaterial/detail?contentType=assets_document&contentId=c69fbfe9-1233-33a6-d354-45ec9a34d1c9
d068ad85-ce64-49f6-8ecd-11ee1e409c32,初中,译林版,7,下册,missing,（根据2022年版课程标准修订）义务教育教科书·英语 七年级下册,34311002,a3c0d10b4e41c01697f96f8d1bc68c7f,obtain_and_verify_wordlist_or_extract_pdf,,https://basic.smartedu.cn/tchMaterial/detail?contentType=assets_document&contentId=d068ad85-ce64-49f6-8ecd-11ee1e409c32
e87a217b-7e40-4ac1-9531-e6e6fb6cddf3,初中,译林版,7,下册,missing,（根据2022年版课程标准修订）义务教育教科书·英语 七年级下册,39082605,6e16dada84db9e0e0db4f786c0177b15,obtain_and_verify_wordlist_or_extract_pdf,,https://basic.smartedu.cn/tchMaterial/detail?contentType=assets_document&contentId=e87a217b-7e40-4ac1-9531-e6e6fb6cddf3
01b3ebf7-5e9a-471e-a5fe-beb76deb5207,初中,译林版,9,上册,missing,（根据2022年版课程标准修订）义务教育教科书·英语九年级上册,70917167,d378b3a771c8b70ba0b11e435ed847b0,obtain_and_verify_wordlist_or_extract_pdf,,https://basic.smartedu.cn/tchMaterial/detail?contentType=assets_document&contentId=01b3ebf7-5e9a-471e-a5fe-beb76deb5207
4573420f-2680-44e2-8def-7e8c4fa71297,初中,译林版,8,上册,missing,（根据2022年版课程标准修订）义务教育教科书·英语八年级上册,103080170,1e1ac690318519fdbe2de6170204cf95-2,obtain_and_verify_wordlist_or_extract_pdf,,https://basic.smartedu.cn/tchMaterial/detail?contentType=assets_document&contentId=4573420f-2680-44e2-8def-7e8c4fa71297
ec138881-112c-779f-2fdf-c744667107d3,初中,译林版,8,上册,missing,（根据2022年版课程标准修订）义务教育教科书·英语八年级上册,98539181,f42166e8cc33a0bac0aa0b6dfdd615a7-12,obtain_and_verify_wordlist_or_extract_pdf,,https://basic.smartedu.cn/tchMaterial/detail?contentType=assets_document&contentId=ec138881-112c-779f-2fdf-c744667107d3
b33b5100-d1f9-427e-a9d6-03336612895a,初中,译林版,8,下册,missing,（根据2022年版课程标准修订）义务教育教科书·英语八年级下册,43681508,72e7dce5f7266f2bf7dd4009159c229f,obtain_and_verify_wordlist_or_extract_pdf,,https://basic.smartedu.cn/tchMaterial/detail?contentType=assets_document&contentId=b33b5100-d1f9-427e-a9d6-03336612895a
033a4870-04a1-44ae-9046-653019cef3fb,初中（五•四学制）,教科外研社版,7,上册,missing,（根据2022年版课程标准修订）义务教育教科书·英语（五四学制）七年级上册,197977320,c05c6088d13d76034a4e00e569eda56c,obtain_and_verify_wordlist_or_extract_pdf,,https://basic.smartedu.cn/tchMaterial/detail?contentType=assets_document&contentId=033a4870-04a1-44ae-9046-653019cef3fb
90a6f7fb-4a70-4fb1-ac4b-5528ad4c5607,初中（五•四学制）,教科外研社版,7,下册,missing,（根据2022年版课程标准修订）义务教育教科书·英语（五四学制）七年级下册,79448759,3546210b8dda72398cc8632bd85e6efb,obtain_and_verify_wordlist_or_extract_pdf,,https://basic.smartedu.cn/tchMaterial/detail?contentType=assets_document&contentId=90a6f7fb-4a70-4fb1-ac4b-5528ad4c5607
3854d824-3435-949e-23ca-aeabfd124a26,初中（五•四学制）,教科外研社版,6,上册,missing,（根据2022年版课程标准修订）义务教育教科书·英语（五四学制）六年级上册,96898164,e9dcd0eb04412c95a1539fdc200a1e2d,obtain_and_verify_wordlist_or_extract_pdf,,https://basic.smartedu.cn/tchMaterial/detail?contentType=assets_document&contentId=3854d824-3435-949e-23ca-aeabfd124a26
58bb2298-740a-d9b2-20b1-439bf7afc7c8,初中（五•四学制）,教科外研社版,6,上册,missing,（根据2022年版课程标准修订）义务教育教科书·英语（五四学制）六年级上册,98268829,f3d971113934b172ebd863b89c5a4486,obtain_and_verify_wordlist_or_extract_pdf,,https://basic.smartedu.cn/tchMaterial/detail?contentType=assets_document&contentId=58bb2298-740a-d9b2-20b1-439bf7afc7c8
befa8908-a56e-4e2e-9fc7-7e69e6f50ea3,初中（五•四学制）,教科外研社版,6,下册,missing,（根据2022年版课程标准修订）义务教育教科书·英语（五四学制）六年级下册,93092775,d9b6712eb6c38d67c93f7ec97e210115,obtain_and_verify_wordlist_or_extract_pdf,,https://basic.smartedu.cn/tchMaterial/detail?contentType=assets_document&contentId=befa8908-a56e-4e2e-9fc7-7e69e6f50ea3
ed902c9b-1f3a-9106-f610-a2a16e2cd73f,初中（五•四学制）,教科外研社版,9,全一册,missing,（根据2022年版课程标准修订）义务教育教科书•英语（五四学制）九年级全一册,208085449,1bd0cb34de151492f07030acc781b94d,obtain_and_verify_wordlist_or_extract_pdf,,https://basic.smartedu.cn/tchMaterial/detail?contentType=assets_document&contentId=ed902c9b-1f3a-9106-f610-a2a16e2cd73f
1bdbefe3-2fdb-68fe-fc4f-88bd8522733c,初中（五•四学制）,教科外研社版,8,上册,missing,（根据2022年版课程标准修订）义务教育教科书•英语（五四学制）八年级上册,498386909,ef17534f6b8060da074051812684f219,obtain_and_verify_wordlist_or_extract_pdf,,https://basic.smartedu.cn/tchMaterial/detail?contentType=assets_document&contentId=1bdbefe3-2fdb-68fe-fc4f-88bd8522733c
6710272b-c226-4cbd-8e50-d9bb1a343961,初中（五•四学制）,教科版,9,下册,missing,义务教育教科书（五•四学制）·英语九年级下册,87445218,-2be41cb66033332bbb58370608282372,obtain_and_verify_wordlist_or_extract_pdf,,https://basic.smartedu.cn/tchMaterial/detail?contentType=assets_document&contentId=6710272b-c226-4cbd-8e50-d9bb1a343961
a5cd58b0-f965-44fa-8858-eacd8f15fe23,初中（五•四学制）,教科版,8,下册,missing,义务教育教科书（五•四学制）·英语八年级下册,82249746,-5e32158fbdbf7085b5d7c32d5adee847,obtain_and_verify_wordlist_or_extract_pdf,,https://basic.smartedu.cn/tchMaterial/detail?contentType=assets_document&contentId=a5cd58b0-f965-44fa-8858-eacd8f15fe23
05ca4b0d-230a-42de-974a-0f33464b8301,初中（五•四学制）,教科版,7,上册,missing,（根据2022年版课程标准修订）义务教育教科书·英语（五四学制）七年级上册,197977320,9a0ac0f027e32af4a2628136f25eda4a-4,obtain_and_verify_wordlist_or_extract_pdf,,https://basic.smartedu.cn/tchMaterial/detail?contentType=assets_document&contentId=05ca4b0d-230a-42de-974a-0f33464b8301
8a8de067-2f77-4e91-98e3-318239db470e,初中（五•四学制）,教科版,7,下册,missing,（根据2022年版课程标准修订）义务教育教科书（五•四学制）·英语七年级下册,79448759,3546210b8dda72398cc8632bd85e6efb,obtain_and_verify_wordlist_or_extract_pdf,,https://basic.smartedu.cn/tchMaterial/detail?contentType=assets_document&contentId=8a8de067-2f77-4e91-98e3-318239db470e
31416fa3-c274-7511-934c-713ff79bb4c3,初中（五•四学制）,教科版,9,全一册,missing,（根据2022年版课程标准修订）义务教育教科书（五•四学制）·英语九年级全一册,345056608,c865f58393ffc0836985e6bbb0c59587-42,obtain_and_verify_wordlist_or_extract_pdf,,https://basic.smartedu.cn/tchMaterial/detail?contentType=assets_document&contentId=31416fa3-c274-7511-934c-713ff79bb4c3
9bfa9181-ca0d-4fa2-b185-e8951a5f05cf,初中（五•四学制）,教科版,8,上册,missing,（根据2022年版课程标准修订）义务教育教科书（五•四学制）·英语八年级上册,493976462,782c1e84014f5729c1b8d2160b7f6447,obtain_and_verify_wordlist_or_extract_pdf,,https://basic.smartedu.cn/tchMaterial/detail?contentType=assets_document&contentId=9bfa9181-ca0d-4fa2-b185-e8951a5f05cf
3baf3343-a329-4a75-bace-cf012ff6d13e,初中（五•四学制）,教科版,6,下册,missing,（根据2022年版课程标准修订）义务教育教科书（五•四学制）·英语六年级下册,103324589,03437a04e55ecdadec7b3511f2a4cb61,obtain_and_verify_wordlist_or_extract_pdf,,https://basic.smartedu.cn/tchMaterial/detail?contentType=assets_document&contentId=3baf3343-a329-4a75-bace-cf012ff6d13e
99cfbf74-fae2-cbd7-a2fb-5939f99646d5,初中（五•四学制）,教科版,6,下册,missing,（根据2022年版课程标准修订）义务教育教科书（五•四学制）·英语六年级下册,104427228,887a3d9fc5bca06a06e89e23535043ef,obtain_and_verify_wordlist_or_extract_pdf,,https://basic.smartedu.cn/tchMaterial/detail?contentType=assets_document&contentId=99cfbf74-fae2-cbd7-a2fb-5939f99646d5
3ccf9708-fbd0-48a0-931f-4f7cadacd504,初中（五•四学制）,教科版,6,上册,missing,（根据2022年版课程标准修订）义务教育教科书（五•四学制）•英语六年级上册,228174141,88dabb93b6301b94a6500a50ae1a37e1,obtain_and_verify_wordlist_or_extract_pdf,,https://basic.smartedu.cn/tchMaterial/detail?contentType=assets_document&contentId=3ccf9708-fbd0-48a0-931f-4f7cadacd504
4a7492f6-ef07-50bf-edaf-5bc2625e8b8d,初中（五•四学制）,沪教版,7,上册,missing,（根据2022年版课程标准修订）义务教育教科书（五·四学制） 英语 七年级 上册,24357262,31f4c49c541a199d24b3be478ce1b8fc,obtain_and_verify_wordlist_or_extract_pdf,,https://basic.smartedu.cn/tchMaterial/detail?contentType=assets_document&contentId=4a7492f6-ef07-50bf-edaf-5bc2625e8b8d
91490de6-2a1d-308e-2950-e485446c69ef,初中（五•四学制）,沪教版,7,上册,missing,（根据2022年版课程标准修订）义务教育教科书（五·四学制） 英语 七年级 上册,29568443,2229c0098b447bbfe5293e4f3b010650,obtain_and_verify_wordlist_or_extract_pdf,,https://basic.smartedu.cn/tchMaterial/detail?contentType=assets_document&contentId=91490de6-2a1d-308e-2950-e485446c69ef
9dafb61c-5293-2faf-f0a1-59e20b43eaed,初中（五•四学制）,沪教版,7,上册,missing,（根据2022年版课程标准修订）义务教育教科书（五·四学制） 英语 七年级 上册,25900016,91ebc8f930723acf1cd9d71d8c839a47-4,obtain_and_verify_wordlist_or_extract_pdf,,https://basic.smartedu.cn/tchMaterial/detail?contentType=assets_document&contentId=9dafb61c-5293-2faf-f0a1-59e20b43eaed
13b0253e-5825-943b-007c-3110422ee884,初中（五•四学制）,沪教版,7,下册,missing,（根据2022年版课程标准修订）义务教育教科书（五·四学制） 英语 七年级 下册,19733061,484d589ba08e4ebce740ac823db6303a,obtain_and_verify_wordlist_or_extract_pdf,,https://basic.smartedu.cn/tchMaterial/detail?contentType=assets_document&contentId=13b0253e-5825-943b-007c-3110422ee884
1dcc5207-c993-09a4-09a8-079686747f38,初中（五•四学制）,沪教版,9,上册,missing,（根据2022年版课程标准修订）义务教育教科书（五·四学制） 英语 九年级上册,33186204,411ecf1fb50bcd388461deb8af32fe5a-4,obtain_and_verify_wordlist_or_extract_pdf,,https://basic.smartedu.cn/tchMaterial/detail?contentType=assets_document&contentId=1dcc5207-c993-09a4-09a8-079686747f38
fd2e54fb-f77b-3bce-c81a-0ff76d9debe7,初中（五•四学制）,沪教版,8,上册,missing,（根据2022年版课程标准修订）义务教育教科书（五·四学制） 英语 八年级 上册,41842300,32941e4acb1d6a58e858ec3af6f36cce,obtain_and_verify_wordlist_or_extract_pdf,,https://basic.smartedu.cn/tchMaterial/detail?contentType=assets_document&contentId=fd2e54fb-f77b-3bce-c81a-0ff76d9debe7
dbfcba4a-fe4e-1693-0c18-cabaccfe81cb,初中（五•四学制）,沪教版,8,上册,missing,（根据2022年版课程标准修订）义务教育教科书（五·四学制） 英语 八年级上册,41399175,d3d25b4aed0cd4077689de232ed76752-5,obtain_and_verify_wordlist_or_extract_pdf,,https://basic.smartedu.cn/tchMaterial/detail?contentType=assets_document&contentId=dbfcba4a-fe4e-1693-0c18-cabaccfe81cb
060066ae-cd3b-d133-02c2-e34685671790,初中（五•四学制）,沪教版,6,上册,missing,（根据2022年版课程标准修订）义务教育教科书（五·四学制） 英语 六年级 上册,22182360,1256e628ebd97807f7ce798261431a2b-3,obtain_and_verify_wordlist_or_extract_pdf,,https://basic.smartedu.cn/tchMaterial/detail?contentType=assets_document&contentId=060066ae-cd3b-d133-02c2-e34685671790
30122fd0-1bb6-f966-79fe-fa47afedd842,初中（五•四学制）,沪教版,6,上册,missing,（根据2022年版课程标准修订）义务教育教科书（五·四学制） 英语 六年级 上册,20177750,3aef3f2356227a15880cb917bd8a3f59,obtain_and_verify_wordlist_or_extract_pdf,,https://basic.smartedu.cn/tchMaterial/detail?contentType=assets_document&contentId=30122fd0-1bb6-f966-79fe-fa47afedd842
ffaef417-5682-af96-b998-b125cb43f15e,初中（五•四学制）,沪教版,6,上册,missing,（根据2022年版课程标准修订）义务教育教科书（五·四学制） 英语 六年级 上册,16055064,a2cc662f42bb286c43728e9e89f94ff2,obtain_and_verify_wordlist_or_extract_pdf,,https://basic.smartedu.cn/tchMaterial/detail?contentType=assets_document&contentId=ffaef417-5682-af96-b998-b125cb43f15e
935fb9e6-a448-74ad-eb25-e7022ddfc6d5,初中（五•四学制）,沪教版,6,下册,missing,（根据2022年版课程标准修订）义务教育教科书（五·四学制） 英语 六年级 下册,12908183,cd724d2bd03c1df7f74af3794a454228,obtain_and_verify_wordlist_or_extract_pdf,,https://basic.smartedu.cn/tchMaterial/detail?contentType=assets_document&contentId=935fb9e6-a448-74ad-eb25-e7022ddfc6d5
5f72a1e5-6754-7c81-9759-b7f310b16263,初中（五•四学制）,沪教版,7,下册,missing,（根据2022年版课程标准修订）义务教育教科书（五·四学制）·英语 七年级下册,20188193,d749a0b89055a885cce60074d72ea7e6,obtain_and_verify_wordlist_or_extract_pdf,,https://basic.smartedu.cn/tchMaterial/detail?contentType=assets_document&contentId=5f72a1e5-6754-7c81-9759-b7f310b16263
a5e66ba2-d435-9e52-1dc4-0034467293d2,初中（五•四学制）,沪教版,8,下册,missing,（根据2022年版课程标准修订）义务教育教科书（五·四学制）·英语 八年级下册,32507734,24a8cf2d676608e8ee0d37d0ca8d6d09,obtain_and_verify_wordlist_or_extract_pdf,,https://basic.smartedu.cn/tchMaterial/detail?contentType=assets_document&contentId=a5e66ba2-d435-9e52-1dc4-0034467293d2
ec3945f9-9e54-f3f1-471c-45d9675fa73b,初中（五•四学制）,沪教版,6,下册,missing,（根据2022年版课程标准修订）义务教育教科书（五·四学制）·英语 六年级下册,15636874,0207d61b13df3287c3a30fb7bdae15d2,obtain_and_verify_wordlist_or_extract_pdf,,https://basic.smartedu.cn/tchMaterial/detail?contentType=assets_document&contentId=ec3945f9-9e54-f3f1-471c-45d9675fa73b
4e9dbc63-e230-4aea-84e4-b8a295079303,初中（五•四学制）,鲁教版,8,下册,missing,义务教育教科书（五•四学制）·英语八年级下册,219160617,7674bd6a5ef7ec1e03804a5beb8901ea,obtain_and_verify_wordlist_or_extract_pdf,,https://basic.smartedu.cn/tchMaterial/detail?contentType=assets_document&contentId=4e9dbc63-e230-4aea-84e4-b8a295079303
389692e9-3214-96ea-e311-d26d867677dd,初中（五•四学制）,鲁教版,6,上册,missing,（根据2022年版课程标准修订）义务教育教书（五·四学制）·英语（六年级上册）,8844228,b28f2c8329640dbebd790a9c1fa5532e,obtain_and_verify_wordlist_or_extract_pdf,,https://basic.smartedu.cn/tchMaterial/detail?contentType=assets_document&contentId=389692e9-3214-96ea-e311-d26d867677dd
f22855a6-876c-8865-1340-b06c17aef138,初中（五•四学制）,鲁教版,6,上册,missing,（根据2022年版课程标准修订）义务教育教书（五·四学制）·英语（六年级上册）,351396483,594fd526ce8a97268983f990f284cbfe-68,obtain_and_verify_wordlist_or_extract_pdf,,https://basic.smartedu.cn/tchMaterial/detail?contentType=assets_document&contentId=f22855a6-876c-8865-1340-b06c17aef138
04d6e76b-40c8-71f6-d94f-7070135e570c,初中（五•四学制）,鲁教版,7,上册,missing,（根据2022年版课程标准修订）义务教育教科书 英语 七年级上册,22373367,e2cb2a673acdd2adc480fefe1482e5f4,obtain_and_verify_wordlist_or_extract_pdf,,https://basic.smartedu.cn/tchMaterial/detail?contentType=assets_document&contentId=04d6e76b-40c8-71f6-d94f-7070135e570c
830ebaf5-86d4-417d-b4f0-c17e757d733d,初中（五•四学制）,鲁教版,9,全一册,missing,（根据2022年版课程标准修订）义务教育教科书 英语 九年级全一册,238984997,d900b1f23c516392a9d3b7568857b6f3,obtain_and_verify_wordlist_or_extract_pdf,,https://basic.smartedu.cn/tchMaterial/detail?contentType=assets_document&contentId=830ebaf5-86d4-417d-b4f0-c17e757d733d
68bbb81e-75e7-4fb4-a266-07607fc9a6a6,初中（五•四学制）,鲁教版,8,上册,missing,（根据2022年版课程标准修订）义务教育教科书 英语 八年级上册,385542707,fc49b30465e93cc3ecd1a231d4d37c9d,obtain_and_verify_wordlist_or_extract_pdf,,https://basic.smartedu.cn/tchMaterial/detail?contentType=assets_document&contentId=68bbb81e-75e7-4fb4-a266-07607fc9a6a6
22aeb099-00b3-d489-a905-007083a5470f,初中（五•四学制）,鲁教版,6,上册,missing,（根据2022年版课程标准修订）义务教育教科书 英语 六年级上册,119629013,6ff6cbe8428a0fa5612563835aa14d1c,obtain_and_verify_wordlist_or_extract_pdf,,https://basic.smartedu.cn/tchMaterial/detail?contentType=assets_document&contentId=22aeb099-00b3-d489-a905-007083a5470f
7e2320b6-ca51-9980-0eea-a53d8c364a10,初中（五•四学制）,鲁教版,6,下册,missing,（根据2022年版课程标准修订）义务教育教科书·英语 六年级 下册,128999038,3bf2692044fb17f885f888f2947b3769,obtain_and_verify_wordlist_or_extract_pdf,,https://basic.smartedu.cn/tchMaterial/detail?contentType=assets_document&contentId=7e2320b6-ca51-9980-0eea-a53d8c364a10
14068cd3-4615-45db-9e21-ecdd28306a3b,初中（五•四学制）,鲁教版,7,上册,missing,（根据2022年版课程标准修订）义务教育教科书（五•四学制）·英语七年级上册,22555353,8da246773fb599a769bfd7ced1772920,obtain_and_verify_wordlist_or_extract_pdf,,https://basic.smartedu.cn/tchMaterial/detail?contentType=assets_document&contentId=14068cd3-4615-45db-9e21-ecdd28306a3b
3aa28c0b-c2df-4662-b474-055e5e2f7689,初中（五•四学制）,鲁教版,7,下册,missing,（根据2022年版课程标准修订）义务教育教科书（五•四学制）·英语七年级下册,307667098,3d5564c57db49c5820e43cc5a5e6c2a3,obtain_and_verify_wordlist_or_extract_pdf,,https://basic.smartedu.cn/tchMaterial/detail?contentType=assets_document&contentId=3aa28c0b-c2df-4662-b474-055e5e2f7689
713c659a-6ee5-4dc0-a6e4-4f92ce2503b5,初中（五•四学制）,鲁教版,6,下册,missing,（根据2022年版课程标准修订）义务教育教科书（五•四学制）·英语六年级下册,50295148,5f67fd092b44d14707dafbe1611834b9,obtain_and_verify_wordlist_or_extract_pdf,,https://basic.smartedu.cn/tchMaterial/detail?contentType=assets_document&contentId=713c659a-6ee5-4dc0-a6e4-4f92ce2503b5
85abe93c-f91e-0b0a-0afa-ebe2655e03a0,小学,人教大同版,3,上册,missing,（根据2022年版课程标准修订）义务教育教科书 英语 三年级 上册,99929416,780fc39eca3f4c9d7c6794b77bda949a,obtain_and_verify_wordlist_or_extract_pdf,,https://basic.smartedu.cn/tchMaterial/detail?contentType=assets_document&contentId=85abe93c-f91e-0b0a-0afa-ebe2655e03a0
f38f12ef-f856-54dc-0064-af0a6441a88b,小学,人教大同版,3,上册,missing,（根据2022年版课程标准修订）义务教育教科书 英语 三年级 上册,98361469,3029ef17fc460d145043d6bcc8b10823,obtain_and_verify_wordlist_or_extract_pdf,,https://basic.smartedu.cn/tchMaterial/detail?contentType=assets_document&contentId=f38f12ef-f856-54dc-0064-af0a6441a88b
0b0a036f-c24f-3187-b9e8-e65f8b408770,小学,人教大同版,3,下册,missing,（根据2022年版课程标准修订）义务教育教科书 英语 三年级 下册,85137831,fabd7e495e010747a2234c97244d5dbf,obtain_and_verify_wordlist_or_extract_pdf,,https://basic.smartedu.cn/tchMaterial/detail?contentType=assets_document&contentId=0b0a036f-c24f-3187-b9e8-e65f8b408770
9bd74663-47c1-e76b-6f95-d51732c8a78b,小学,人教大同版,4,上册,missing,（根据2022年版课程标准修订）义务教育教科书 英语 四年级 上册,173956188,0c7ba4c5a20c0e9808fd442598062db9-4,obtain_and_verify_wordlist_or_extract_pdf,,https://basic.smartedu.cn/tchMaterial/detail?contentType=assets_document&contentId=9bd74663-47c1-e76b-6f95-d51732c8a78b
4e8f8b48-72af-e009-9928-9ced0d6d97c3,小学,人教大同版,3,下册,missing,（根据2022年版课程标准修订）义务教育教科书·英语 三年级 下册,104669170,8efd37f519986656988de8561ff0d693,obtain_and_verify_wordlist_or_extract_pdf,,https://basic.smartedu.cn/tchMaterial/detail?contentType=assets_document&contentId=4e8f8b48-72af-e009-9928-9ced0d6d97c3
be006a8b-9219-af51-5af4-659a04a2baae,小学,人教大同版,3,上册,missing,（根据2022年版课程标准修订）义务教育教科书·英语 三年级上册,99999190,944ab5541e068534c03c16ddff7dfbde,obtain_and_verify_wordlist_or_extract_pdf,,https://basic.smartedu.cn/tchMaterial/detail?contentType=assets_document&contentId=be006a8b-9219-af51-5af4-659a04a2baae
7ed767b2-bca4-7550-5108-72c6e8a05285,小学,人教大同版,5,上册,missing,（根据2022年版课程标准修订）义务教育教科书·英语 五年级上册,108120818,c58c8e95f56c13fd02d20fc753bc5f83-13,obtain_and_verify_wordlist_or_extract_pdf,,https://basic.smartedu.cn/tchMaterial/detail?contentType=assets_document&contentId=7ed767b2-bca4-7550-5108-72c6e8a05285
05e7f636-ec84-f69e-2c40-dcfdfc8f4f9f,小学,人教大同版,6,上册,missing,（根据2022年版课程标准修订）义务教育教科书·英语 六年级上册,114781931,bd5fb8f72fc42142a9e06dbae54ee493-14,obtain_and_verify_wordlist_or_extract_pdf,,https://basic.smartedu.cn/tchMaterial/detail?contentType=assets_document&contentId=05e7f636-ec84-f69e-2c40-dcfdfc8f4f9f
8c7c9b7f-6491-83a4-ce6e-5183fc23b379,小学,人教大同版,4,下册,missing,（根据2022年版课程标准修订）义务教育教科书·英语 四年级 下册,90801935,a3e5c2b1bd83748b6b3fb63298d0031f,obtain_and_verify_wordlist_or_extract_pdf,,https://basic.smartedu.cn/tchMaterial/detail?contentType=assets_document&contentId=8c7c9b7f-6491-83a4-ce6e-5183fc23b379
f710ce81-57a6-8573-3c5e-af468f7da718,小学,人教大同版,4,上册,missing,（根据2022年版课程标准修订）义务教育教科书·英语 四年级上册,109645197,ee9b7aed12f5e44d73e8cc03bb50db7c-14,obtain_and_verify_wordlist_or_extract_pdf,,https://basic.smartedu.cn/tchMaterial/detail?contentType=assets_document&contentId=f710ce81-57a6-8573-3c5e-af468f7da718
c5180299-d288-46e2-a0df-9f04c94fd922,小学,人教版（主编：吴欣）,5,下册,candidate_unverified,义务教育教科书·英语（三年级起点）五年级下册,16558985,a75cdb75ddd06de6b1398b486c0e6cff,obtain_and_verify_wordlist_or_extract_pdf,,https://basic.smartedu.cn/tchMaterial/detail?contentType=assets_document&contentId=c5180299-d288-46e2-a0df-9f04c94fd922
1417c7bc-52d9-4c4d-92fd-796a92a6d275,小学,人教版（主编：吴欣）,6,下册,candidate_unverified,义务教育教科书·英语（三年级起点）六年级下册,14465826,de24cb28bd4bff79f25d5697078aafea,obtain_and_verify_wordlist_or_extract_pdf,,https://basic.smartedu.cn/tchMaterial/detail?contentType=assets_document&contentId=1417c7bc-52d9-4c4d-92fd-796a92a6d275
485d2118-1652-ea90-8da7-5b9eaeb71dc4,小学,人教版（主编：吴欣）,3,上册,candidate_unverified,（根据2022年版课程标准修订）义务教育教科书 英语 三年级 上册,19571002,0e63e5dfa8b55fe5412dbf4752bc49f1,obtain_and_verify_wordlist_or_extract_pdf,,https://basic.smartedu.cn/tchMaterial/detail?contentType=assets_document&contentId=485d2118-1652-ea90-8da7-5b9eaeb71dc4
b3c7d0d5-d148-f4c3-ed2a-ebef1e651fe6,小学,人教版（主编：吴欣）,3,上册,candidate_unverified,（根据2022年版课程标准修订）义务教育教科书 英语 （PEP）三年级 上册,22605212,bf3bde129f28cb9ef8e679da4c3881e9,obtain_and_verify_wordlist_or_extract_pdf,,https://basic.smartedu.cn/tchMaterial/detail?contentType=assets_document&contentId=b3c7d0d5-d148-f4c3-ed2a-ebef1e651fe6
9eb54ff2-1c7b-4441-abff-c44b714a2302,小学,人教版（主编：吴欣）,3,下册,candidate_unverified,（根据2022年版课程标准修订）义务教育教科书·英语 三年级 下册,16598098,340c9a902eff282e9b7a71cbf046468d,obtain_and_verify_wordlist_or_extract_pdf,,https://basic.smartedu.cn/tchMaterial/detail?contentType=assets_document&contentId=9eb54ff2-1c7b-4441-abff-c44b714a2302
18b54350-f833-4b5c-a1b9-ebbf02cf4545,小学,人教版（主编：吴欣）,4,下册,candidate_unverified,（根据2022年版课程标准修订）义务教育教科书·英语 四年级下册,17568442,77808a2714f6d720f5ed0cb56231857f,obtain_and_verify_wordlist_or_extract_pdf,,https://basic.smartedu.cn/tchMaterial/detail?contentType=assets_document&contentId=18b54350-f833-4b5c-a1b9-ebbf02cf4545
10b11234-3b0a-4b3e-b4b4-db3013774529,小学,人教版（主编：吴欣）,3,下册,candidate_unverified,（根据2022年版课程标准修订）义务教育教科书·英语三年级下册,15974481,46b80eb49082f12050535c4cf614b7d3,obtain_and_verify_wordlist_or_extract_pdf,,https://basic.smartedu.cn/tchMaterial/detail?contentType=assets_document&contentId=10b11234-3b0a-4b3e-b4b4-db3013774529
02736c70-9509-438f-8e16-2902feaf5ed8,小学,人教版（主编：吴欣）,4,上册,candidate_unverified,（根据2022年版课程标准修订）义务教育教科书·英语（PEP）四年级上册,16042634,d7b00e8a9777e2690e6bdb8bd3916334,obtain_and_verify_wordlist_or_extract_pdf,,https://basic.smartedu.cn/tchMaterial/detail?contentType=assets_document&contentId=02736c70-9509-438f-8e16-2902feaf5ed8
dd6173ba-579a-356e-900c-cb53e152229c,小学,人教版（主编：吴欣）,3,上册,candidate_unverified,（根据2022年版课程标准修订）义务教育教科书•英语 三年级上册,20776724,c61978a16b9e009a639048fcf44c35fb,obtain_and_verify_wordlist_or_extract_pdf,,https://basic.smartedu.cn/tchMaterial/detail?contentType=assets_document&contentId=dd6173ba-579a-356e-900c-cb53e152229c
9f1cda77-2dc7-442b-82f1-97243f7ec39d,小学,人教版（主编：吴欣）,5,上册,candidate_unverified,（根据2022年版课程标准修订）义务教育教科书•英语 五年级上册,12910169,e0187dbe450cf242c015d9b753356943,obtain_and_verify_wordlist_or_extract_pdf,,https://basic.smartedu.cn/tchMaterial/detail?contentType=assets_document&contentId=9f1cda77-2dc7-442b-82f1-97243f7ec39d
9e2878bf-964d-47fb-85ba-937cf61159a5,小学,人教版（主编：吴欣）,6,上册,candidate_unverified,（根据2022年版课程标准修订）义务教育教科书•英语 六年级上册,13527377,94898706b48a6d737c9a768574db3778,obtain_and_verify_wordlist_or_extract_pdf,,https://basic.smartedu.cn/tchMaterial/detail?contentType=assets_document&contentId=9e2878bf-964d-47fb-85ba-937cf61159a5
be6e00c8-0068-8453-927f-646f6f753a5a,小学,人教版（主编：吴欣）,4,上册,candidate_unverified,（根据2022年版课程标准修订）义务教育教科书•英语 四年级上册,19586319,91b05cbb3dd4a5b01465b1c68f7dd7e7,obtain_and_verify_wordlist_or_extract_pdf,,https://basic.smartedu.cn/tchMaterial/detail?contentType=assets_document&contentId=be6e00c8-0068-8453-927f-646f6f753a5a
64ddeaff-657a-4662-808b-b9ef2707c899,小学,人教版（主编：苗兴伟）,3,上册,missing,（根据2022年版课程标准修订）义务教育教科书 英语 三年级 上册,34629115,d3cbc19c57df83eeca3d40e5ecb64c4a,obtain_and_verify_wordlist_or_extract_pdf,,https://basic.smartedu.cn/tchMaterial/detail?contentType=assets_document&contentId=64ddeaff-657a-4662-808b-b9ef2707c899
21dab880-b5f0-b116-1996-9a9e36e4e398,小学,人教版（主编：苗兴伟）,3,上册,missing,（根据2022年版课程标准修订）义务教育教科书 英语（精通） 三年级 上册,36401157,be09aae51ac1d1a0b7db1e7252b04266,obtain_and_verify_wordlist_or_extract_pdf,,https://basic.smartedu.cn/tchMaterial/detail?contentType=assets_document&contentId=21dab880-b5f0-b116-1996-9a9e36e4e398
3bf2b43c-b596-4be5-870d-6f6d811b726f,小学,人教版（主编：苗兴伟）,3,下册,missing,（根据2022年版课程标准修订）义务教育教科书·英语 三年级 下册,18915647,826a5b4f8456de8e6db220377b18260b,obtain_and_verify_wordlist_or_extract_pdf,,https://basic.smartedu.cn/tchMaterial/detail?contentType=assets_document&contentId=3bf2b43c-b596-4be5-870d-6f6d811b726f
ea0ee632-314b-40a2-8a58-b745cbfa7960,小学,人教版（主编：苗兴伟）,4,下册,missing,（根据2022年版课程标准修订）义务教育教科书·英语 四年级 下册,22120103,f9ac9eeb7c1b0d5a821a8ce2f0dede16,obtain_and_verify_wordlist_or_extract_pdf,,https://basic.smartedu.cn/tchMaterial/detail?contentType=assets_document&contentId=ea0ee632-314b-40a2-8a58-b745cbfa7960
8f294c09-3fba-4ab3-8cf8-19b6c7d70775,小学,人教版（主编：苗兴伟）,3,下册,missing,（根据2022年版课程标准修订）义务教育教科书·英语三年级下册,35094409,19452a67da8c5d309083736acdc41440,obtain_and_verify_wordlist_or_extract_pdf,,https://basic.smartedu.cn/tchMaterial/detail?contentType=assets_document&contentId=8f294c09-3fba-4ab3-8cf8-19b6c7d70775
4648aca1-ef0e-5790-c13d-66b5b4fc06b5,小学,人教版（主编：苗兴伟）,4,上册,missing,（根据2022年版课程标准修订）义务教育教科书·英语（精通）四年级上册,39072296,2f8d6e9239f501f3d5d7685517906dc9,obtain_and_verify_wordlist_or_extract_pdf,,https://basic.smartedu.cn/tchMaterial/detail?contentType=assets_document&contentId=4648aca1-ef0e-5790-c13d-66b5b4fc06b5
ac983965-a1a1-3393-e994-85c4a5e317b7,小学,人教版（主编：苗兴伟）,3,上册,missing,（根据2022年版课程标准修订）义务教育教科书•英语 三年级上册,17318370,7b2685d37845f76ee4bb10a553ce6d90,obtain_and_verify_wordlist_or_extract_pdf,,https://basic.smartedu.cn/tchMaterial/detail?contentType=assets_document&contentId=ac983965-a1a1-3393-e994-85c4a5e317b7
0d53b423-e9d3-63ae-9a22-0bce900d3b97,小学,人教版（主编：苗兴伟）,5,上册,missing,（根据2022年版课程标准修订）义务教育教科书•英语 五年级上册,16763447,8d6231ce9edcdc9f772bda7141662456,obtain_and_verify_wordlist_or_extract_pdf,,https://basic.smartedu.cn/tchMaterial/detail?contentType=assets_document&contentId=0d53b423-e9d3-63ae-9a22-0bce900d3b97
1bdff68f-4558-272a-ef0c-bd2b9558f6a5,小学,人教版（主编：苗兴伟）,6,上册,missing,（根据2022年版课程标准修订）义务教育教科书•英语 六年级上册,18970676,edbdd592e59a2df57c6e1008515de447,obtain_and_verify_wordlist_or_extract_pdf,,https://basic.smartedu.cn/tchMaterial/detail?contentType=assets_document&contentId=1bdff68f-4558-272a-ef0c-bd2b9558f6a5
36d1fc6f-cda4-8ba5-6fb4-424b5381cd05,小学,人教版（主编：苗兴伟）,4,上册,missing,（根据2022年版课程标准修订）义务教育教科书•英语 四年级上册,20884466,9a3f46f207cc740186596eb639b379d1,obtain_and_verify_wordlist_or_extract_pdf,,https://basic.smartedu.cn/tchMaterial/detail?contentType=assets_document&contentId=36d1fc6f-cda4-8ba5-6fb4-424b5381cd05
d2c98c54-d546-4014-8139-7b90f992e839,小学,冀教版,5,下册,missing,义务教育教科书·英语（三年级起点）五年级下册,76417100,f6c1f237ceb174b2960eadca849350b0,obtain_and_verify_wordlist_or_extract_pdf,,https://basic.smartedu.cn/tchMaterial/detail?contentType=assets_document&contentId=d2c98c54-d546-4014-8139-7b90f992e839
2a9cfe68-84be-4ec0-9c54-61c328ad677c,小学,冀教版,6,下册,missing,义务教育教科书·英语（三年级起点）六年级下册,70177471,e7ae278e01588bf6740ee37a75147f62,obtain_and_verify_wordlist_or_extract_pdf,,https://basic.smartedu.cn/tchMaterial/detail?contentType=assets_document&contentId=2a9cfe68-84be-4ec0-9c54-61c328ad677c
6851aa62-4e83-4008-a8ea-c9d2c61bef9f,小学,冀教版,5,上册,missing,（根据2022年版课程标准修订）义务教育教科书 英语 五年级上册,307997430,032d4bdad9a6af6bb0175fa7dd6422a3,obtain_and_verify_wordlist_or_extract_pdf,,https://basic.smartedu.cn/tchMaterial/detail?contentType=assets_document&contentId=6851aa62-4e83-4008-a8ea-c9d2c61bef9f
eb52c514-7835-407a-93b4-78bc2b0300e3,小学,冀教版,6,上册,missing,（根据2022年版课程标准修订）义务教育教科书 英语 六年级上册,265498138,e5c0bf16e1d76274354607de0d23bbc3,obtain_and_verify_wordlist_or_extract_pdf,,https://basic.smartedu.cn/tchMaterial/detail?contentType=assets_document&contentId=eb52c514-7835-407a-93b4-78bc2b0300e3
6ecc6577-4e91-71c2-280d-08816ce911fd,小学,冀教版,4,上册,missing,（根据2022年版课程标准修订）义务教育教科书 英语 四年级上册,16734498,9bc9668008ff4d5a42eff9ca2ba7c07a,obtain_and_verify_wordlist_or_extract_pdf,,https://basic.smartedu.cn/tchMaterial/detail?contentType=assets_document&contentId=6ecc6577-4e91-71c2-280d-08816ce911fd
02ba2e07-e12a-4db3-b1c4-827e20e86f84,小学,冀教版,3,下册,missing,（根据2022年版课程标准修订）义务教育教科书·英语 三年级 下册,283159300,d91821d70f88e58984f0b5d4ba575964,obtain_and_verify_wordlist_or_extract_pdf,,https://basic.smartedu.cn/tchMaterial/detail?contentType=assets_document&contentId=02ba2e07-e12a-4db3-b1c4-827e20e86f84
9ed80e1a-1fd3-d2e0-1867-d3944fc3f4b0,小学,冀教版,3,上册,missing,（根据2022年版课程标准修订）义务教育教科书·英语 三年级上册,133381996,3f3e3bfe4e00deabd4a7c2535e841fcd,obtain_and_verify_wordlist_or_extract_pdf,,https://basic.smartedu.cn/tchMaterial/detail?contentType=assets_document&contentId=9ed80e1a-1fd3-d2e0-1867-d3944fc3f4b0
eb854fe4-52bf-b3ec-c12b-7825b6c61255,小学,冀教版,3,上册,missing,（根据2022年版课程标准修订）义务教育教科书·英语 三年级上册,97988160,d03989241fe80c45d61cc93ef441fa75,obtain_and_verify_wordlist_or_extract_pdf,,https://basic.smartedu.cn/tchMaterial/detail?contentType=assets_document&contentId=eb854fe4-52bf-b3ec-c12b-7825b6c61255
cf83ee9b-9efd-4c54-af1c-024a80381c91,小学,冀教版,4,上册,missing,（根据2022年版课程标准修订）义务教育教科书·英语 四年级上册,78085370,f3ee965d41d5b921f2e254a75a2537fd,obtain_and_verify_wordlist_or_extract_pdf,,https://basic.smartedu.cn/tchMaterial/detail?contentType=assets_document&contentId=cf83ee9b-9efd-4c54-af1c-024a80381c91
ae984a15-7120-4277-8764-5cb94ef9c854,小学,冀教版,4,下册,missing,（根据2022年版课程标准修订）义务教育教科书·英语 四年级下册,82646759,f32462fbf5918f16deca43c393647095,obtain_and_verify_wordlist_or_extract_pdf,,https://basic.smartedu.cn/tchMaterial/detail?contentType=assets_document&contentId=ae984a15-7120-4277-8764-5cb94ef9c854
33b0860c-a364-4c17-8ed6-47b5b95a7af3,小学,冀教版,3,下册,missing,（根据2022年版课程标准修订）义务教育教科书·英语三年级下册,272226068,76c7d7a06fb47fa027b6b2bdf0cb914c,obtain_and_verify_wordlist_or_extract_pdf,,https://basic.smartedu.cn/tchMaterial/detail?contentType=assets_document&contentId=33b0860c-a364-4c17-8ed6-47b5b95a7af3
4f559402-173b-4e30-8dd9-34c180ef9409,小学,北京版,6,下册,missing,义务教育教科书·英语（一年级起点）六年级下册,170076496,55ef58c0d509742cc885ca9e33e22895,obtain_and_verify_wordlist_or_extract_pdf,,https://basic.smartedu.cn/tchMaterial/detail?contentType=assets_document&contentId=4f559402-173b-4e30-8dd9-34c180ef9409
5b9deb85-4480-4103-8ed8-8b013847d95a,小学,北京版,3,下册,missing,（根据2022年版课程标准修订）义务教育教科书 英语 三年级 下册,43752154,85518993a6ae471e872030e1076c92ea,obtain_and_verify_wordlist_or_extract_pdf,,https://basic.smartedu.cn/tchMaterial/detail?contentType=assets_document&contentId=5b9deb85-4480-4103-8ed8-8b013847d95a
a32e4bcb-b71c-7ff1-7bfa-3ea94d02e821,小学,北京版,3,上册,missing,（根据2022年版课程标准修订）义务教育教科书 英语 三年级上册,69646559,0c4d25cc262c82a92f7db4c8ab5573ab,obtain_and_verify_wordlist_or_extract_pdf,,https://basic.smartedu.cn/tchMaterial/detail?contentType=assets_document&contentId=a32e4bcb-b71c-7ff1-7bfa-3ea94d02e821
32eb3cef-0891-797d-4db0-9d57e55ac2b1,小学,北京版,5,上册,missing,（根据2022年版课程标准修订）义务教育教科书 英语 五年级上册,56254420,3c0d786744a5fa4ca545b8b9409759f2,obtain_and_verify_wordlist_or_extract_pdf,,https://basic.smartedu.cn/tchMaterial/detail?contentType=assets_document&contentId=32eb3cef-0891-797d-4db0-9d57e55ac2b1
899e51ef-9692-440a-bba8-a1aacdec0584,小学,北京版,6,上册,missing,（根据2022年版课程标准修订）义务教育教科书 英语 六年级上册,34800390,addd537ea4f8a5405ce8454a2400495a,obtain_and_verify_wordlist_or_extract_pdf,,https://basic.smartedu.cn/tchMaterial/detail?contentType=assets_document&contentId=899e51ef-9692-440a-bba8-a1aacdec0584
f0a47834-970c-3ed8-dc1a-e669e7389a21,小学,北京版,4,上册,missing,（根据2022年版课程标准修订）义务教育教科书 英语 四年级上册,71565976,2c3c3ba3ff5c6457fefbea220fe9acf6,obtain_and_verify_wordlist_or_extract_pdf,,https://basic.smartedu.cn/tchMaterial/detail?contentType=assets_document&contentId=f0a47834-970c-3ed8-dc1a-e669e7389a21
0303db18-107f-4695-abb5-e55521a88a77,小学,北京版,5,上册,missing,（根据2022年版课程标准修订）义务教育教科书·英语 五年级上册,89322440,2905c6d67dbdcc3ca0f5482334632b08,obtain_and_verify_wordlist_or_extract_pdf,,https://basic.smartedu.cn/tchMaterial/detail?contentType=assets_document&contentId=0303db18-107f-4695-abb5-e55521a88a77
a6789af4-f728-4dab-85f2-1b50661ea8ea,小学,北京版,5,下册,missing,（根据2022年版课程标准修订）义务教育教科书·英语 五年级下册,45446117,7612bb79a7dfa9d21e79c62d2693eb1c,obtain_and_verify_wordlist_or_extract_pdf,,https://basic.smartedu.cn/tchMaterial/detail?contentType=assets_document&contentId=a6789af4-f728-4dab-85f2-1b50661ea8ea
007b33ae-8a3b-46a2-a0af-f87a81f58bcb,小学,北京版,4,上册,missing,（根据2022年版课程标准修订）义务教育教科书·英语 四年级上册,40378588,001407f5fc0984ec784d9acf44ed138f,obtain_and_verify_wordlist_or_extract_pdf,,https://basic.smartedu.cn/tchMaterial/detail?contentType=assets_document&contentId=007b33ae-8a3b-46a2-a0af-f87a81f58bcb
d81a9920-1ce0-4e99-9217-e68b1f9de9ec,小学,北京版,4,下册,missing,（根据2022年版课程标准修订）义务教育教科书·英语 四年级下册,55483334,cfecf9ad31ceead58b5d331bbbccb128,obtain_and_verify_wordlist_or_extract_pdf,,https://basic.smartedu.cn/tchMaterial/detail?contentType=assets_document&contentId=d81a9920-1ce0-4e99-9217-e68b1f9de9ec
5bd0a1a5-4465-48f7-ac81-825b4b941eea,小学,北京版,3,下册,missing,（根据2022年版课程标准修订）义务教育教科书·英语三年级下册,100244888,49455206cbe2a5e1792c1a17f04301f0,obtain_and_verify_wordlist_or_extract_pdf,,https://basic.smartedu.cn/tchMaterial/detail?contentType=assets_document&contentId=5bd0a1a5-4465-48f7-ac81-825b4b941eea
390a6cd9-fb09-74d9-f4d3-b137a45431c8,小学,北京版,3,上册,missing,（根据2022年版课程标准修订）义务教育教科书•英语 三年级上册,114795303,729f473988a72d6a19bdd14be701558b,obtain_and_verify_wordlist_or_extract_pdf,,https://basic.smartedu.cn/tchMaterial/detail?contentType=assets_document&contentId=390a6cd9-fb09-74d9-f4d3-b137a45431c8
9a9d9088-481d-9ffa-6092-e9a75e59deeb,小学,北京版,3,上册,missing,（根据2022年版课程标准修订）义务教育教科书•英语 三年级上册,115968018,8dc6e2d872f7d18c4cbcd1285cbbddc6,obtain_and_verify_wordlist_or_extract_pdf,,https://basic.smartedu.cn/tchMaterial/detail?contentType=assets_document&contentId=9a9d9088-481d-9ffa-6092-e9a75e59deeb
414c33cd-2d9d-48bc-a25b-c705a1482730,小学,北师大版,5,下册,missing,义务教育教科书·英语（三年级起点）五年级下册,42346424,f9c09b0b35e00c5856a481f5a1ba056e,obtain_and_verify_wordlist_or_extract_pdf,,https://basic.smartedu.cn/tchMaterial/detail?contentType=assets_document&contentId=414c33cd-2d9d-48bc-a25b-c705a1482730
997f42d2-9de3-4c33-9eb0-d841ff277bac,小学,北师大版,6,下册,missing,义务教育教科书·英语（三年级起点）六年级下册,34718844,d113f76ac7234deaa3634f1d83a1262c,obtain_and_verify_wordlist_or_extract_pdf,,https://basic.smartedu.cn/tchMaterial/detail?contentType=assets_document&contentId=997f42d2-9de3-4c33-9eb0-d841ff277bac
463b7f17-3252-a215-f2b5-3ef2a98bc85d,小学,北师大版,3,上册,missing,（根据2022年版课程标准修订）义务教育教科书 英语 三年级上册,34300772,101bcaf3b97aeb47d073bd0febe5c93f,obtain_and_verify_wordlist_or_extract_pdf,,https://basic.smartedu.cn/tchMaterial/detail?contentType=assets_document&contentId=463b7f17-3252-a215-f2b5-3ef2a98bc85d
6a39a134-3ddf-b8c8-4a03-236cfde8d555,小学,北师大版,3,上册,missing,（根据2022年版课程标准修订）义务教育教科书 英语 三年级上册,46019252,e1874f3dc73bc55762f15641d5cb512a,obtain_and_verify_wordlist_or_extract_pdf,,https://basic.smartedu.cn/tchMaterial/detail?contentType=assets_document&contentId=6a39a134-3ddf-b8c8-4a03-236cfde8d555
90e397d2-df7b-e14d-d50a-f9728d36547d,小学,北师大版,3,上册,missing,（根据2022年版课程标准修订）义务教育教科书 英语 三年级上册,23472165,0e6c0e9e2b7ec78056c1e6ad10c9370a-3,obtain_and_verify_wordlist_or_extract_pdf,,https://basic.smartedu.cn/tchMaterial/detail?contentType=assets_document&contentId=90e397d2-df7b-e14d-d50a-f9728d36547d
6f91cdd6-99b8-63fd-5c1a-7ac5a56be009,小学,北师大版,3,下册,missing,（根据2022年版课程标准修订）义务教育教科书 英语 三年级下册,33298658,4ca03f59e2537a739872b868b9ecc8f6,obtain_and_verify_wordlist_or_extract_pdf,,https://basic.smartedu.cn/tchMaterial/detail?contentType=assets_document&contentId=6f91cdd6-99b8-63fd-5c1a-7ac5a56be009
acc12d6c-7996-4a76-8d42-cb20b3749496,小学,北师大版,5,上册,missing,（根据2022年版课程标准修订）义务教育教科书 英语 五年级上册,29268073,d8d52c5939bbb3f6d44e77b13233892c,obtain_and_verify_wordlist_or_extract_pdf,,https://basic.smartedu.cn/tchMaterial/detail?contentType=assets_document&contentId=acc12d6c-7996-4a76-8d42-cb20b3749496
50ca9a33-30da-45b2-9a71-f969817b2974,小学,北师大版,6,上册,missing,（根据2022年版课程标准修订）义务教育教科书 英语 六年级上册,27790961,b7dbcaa5c8e2eea14ed42c9cdd76423d,obtain_and_verify_wordlist_or_extract_pdf,,https://basic.smartedu.cn/tchMaterial/detail?contentType=assets_document&contentId=50ca9a33-30da-45b2-9a71-f969817b2974
20cad53d-664f-d980-2937-54b738d68870,小学,北师大版,4,上册,missing,（根据2022年版课程标准修订）义务教育教科书 英语 四年级上册,23051283,19e865ddbc81c290007531e1c77a9601-3,obtain_and_verify_wordlist_or_extract_pdf,,https://basic.smartedu.cn/tchMaterial/detail?contentType=assets_document&contentId=20cad53d-664f-d980-2937-54b738d68870
ac9053fd-ac1e-4aad-ad21-90e69779ec69,小学,北师大版,4,上册,missing,（根据2022年版课程标准修订）义务教育教科书 英语 四年级上册,46890504,0839f6f2121533666e8fc011a895dc74,obtain_and_verify_wordlist_or_extract_pdf,,https://basic.smartedu.cn/tchMaterial/detail?contentType=assets_document&contentId=ac9053fd-ac1e-4aad-ad21-90e69779ec69
6b109156-89f6-4e9d-8a73-e429f7987df5,小学,北师大版,4,下册,missing,（根据2022年版课程标准修订）义务教育教科书 英语 四年级下册,31858964,d3e74ef68e7ef704c62131a567b55dcd,obtain_and_verify_wordlist_or_extract_pdf,,https://basic.smartedu.cn/tchMaterial/detail?contentType=assets_document&contentId=6b109156-89f6-4e9d-8a73-e429f7987df5
d580ae4f-d167-44ae-bd33-c842b3f0abf8,小学,北师大版,3,下册,missing,（根据2022年版课程标准修订）义务教育教科书·英语三年级下册,34836240,375d13fbf578beff4a33df91c601dc2f,obtain_and_verify_wordlist_or_extract_pdf,,https://basic.smartedu.cn/tchMaterial/detail?contentType=assets_document&contentId=d580ae4f-d167-44ae-bd33-c842b3f0abf8
0ff655ac-5fdf-769d-71ac-ebd4ac1b2dd9,小学,外研社版(主编：张祖春）,3,上册,missing,（根据2022年版课程标准修订）义务教育教科书 英语 三年级上册,174072309,8664e6df30f6578dbc9f53d6c5930f32,obtain_and_verify_wordlist_or_extract_pdf,,https://basic.smartedu.cn/tchMaterial/detail?contentType=assets_document&contentId=0ff655ac-5fdf-769d-71ac-ebd4ac1b2dd9
1a2bb0a7-ec95-453e-8821-455dc7082f51,小学,外研社版(主编：张祖春）,3,下册,missing,（根据2022年版课程标准修订）义务教育教科书 英语 三年级下册,149240066,7ec5bc124cde582bc70a7ca71796e89c,obtain_and_verify_wordlist_or_extract_pdf,,https://basic.smartedu.cn/tchMaterial/detail?contentType=assets_document&contentId=1a2bb0a7-ec95-453e-8821-455dc7082f51
3214d51b-9bd2-f6d2-c83b-1438b59596fb,小学,外研社版(主编：张祖春）,5,上册,missing,（根据2022年版课程标准修订）义务教育教科书 英语 五年级上册,150476350,3d6fc0c595ed1103b63ad7cd69d470bf,obtain_and_verify_wordlist_or_extract_pdf,,https://basic.smartedu.cn/tchMaterial/detail?contentType=assets_document&contentId=3214d51b-9bd2-f6d2-c83b-1438b59596fb
351d40d6-6d10-bd6f-42a8-287da8119034,小学,外研社版(主编：张祖春）,4,上册,missing,（根据2022年版课程标准修订）义务教育教科书 英语 四年级上册,132537713,3e77a4e4d765bf9e532ce5185ae8e5e1,obtain_and_verify_wordlist_or_extract_pdf,,https://basic.smartedu.cn/tchMaterial/detail?contentType=assets_document&contentId=351d40d6-6d10-bd6f-42a8-287da8119034
f3c9d192-b4b9-d536-6731-d9c8c538c64d,小学,外研社版(主编：张祖春）,4,上册,missing,（根据2022年版课程标准修订）义务教育教科书 英语 四年级上册,113857320,ab7c36fa0b485f8bc1123a3d338ec34d-3,obtain_and_verify_wordlist_or_extract_pdf,,https://basic.smartedu.cn/tchMaterial/detail?contentType=assets_document&contentId=f3c9d192-b4b9-d536-6731-d9c8c538c64d
a77ccfa5-bd84-9ed2-05e1-21ca37b41443,小学,外研社版(主编：张祖春）,3,上册,missing,（根据2022年版课程标准修订）义务教育教科书·英语 三年级 上册,206751161,92473350763f2c9df2057fb5d77f2a75,obtain_and_verify_wordlist_or_extract_pdf,,https://basic.smartedu.cn/tchMaterial/detail?contentType=assets_document&contentId=a77ccfa5-bd84-9ed2-05e1-21ca37b41443
4a407446-9342-02c5-710f-4e23e0895377,小学,外研社版(主编：张祖春）,3,下册,missing,（根据2022年版课程标准修订）义务教育教科书·英语 三年级 下册,165968647,d0e6eba791653cdad120a832a556a445,obtain_and_verify_wordlist_or_extract_pdf,,https://basic.smartedu.cn/tchMaterial/detail?contentType=assets_document&contentId=4a407446-9342-02c5-710f-4e23e0895377
d3bacb13-07ee-0fd8-0e38-fda3a9a6abca,小学,外研社版(主编：张祖春）,4,下册,missing,（根据2022年版课程标准修订）义务教育教科书·英语 四年级下册,217148793,2637bfea0cabb09685b265d0c596f4e7,obtain_and_verify_wordlist_or_extract_pdf,,https://basic.smartedu.cn/tchMaterial/detail?contentType=assets_document&contentId=d3bacb13-07ee-0fd8-0e38-fda3a9a6abca
2d8172eb-6fda-4c76-bd93-8af135046d9a,小学,外研社版（主编：刘兆义）,5,下册,missing,义务教育教科书·英语（三年级起点）五年级下册,174943532,1f9f26299edadd3a225abc659c1776ef,obtain_and_verify_wordlist_or_extract_pdf,,https://basic.smartedu.cn/tchMaterial/detail?contentType=assets_document&contentId=2d8172eb-6fda-4c76-bd93-8af135046d9a
aa01baf9-e504-49de-bb89-2d195c1ad391,小学,外研社版（主编：刘兆义）,6,下册,missing,义务教育教科书·英语（三年级起点）六年级下册,202621184,56e79a996625c764c4f13596cb61bb6c,obtain_and_verify_wordlist_or_extract_pdf,,https://basic.smartedu.cn/tchMaterial/detail?contentType=assets_document&contentId=aa01baf9-e504-49de-bb89-2d195c1ad391
6992d6f3-2f8f-7df1-bd5b-cd18e6a7a149,小学,外研社版（主编：刘兆义）,3,上册,missing,（根据2022年版课程标准修订）义务教育教科书 英语 三年级上册,122492789,7769c8da2a0e79572b7d72d45febe8b1-3,obtain_and_verify_wordlist_or_extract_pdf,,https://basic.smartedu.cn/tchMaterial/detail?contentType=assets_document&contentId=6992d6f3-2f8f-7df1-bd5b-cd18e6a7a149
cf593196-d7db-8090-2b1a-116a356dfde6,小学,外研社版（主编：刘兆义）,4,上册,missing,（根据2022年版课程标准修订）义务教育教科书 英语 四年级上册,106708584,07d6c209e6168c632a23956a6739b387-3,obtain_and_verify_wordlist_or_extract_pdf,,https://basic.smartedu.cn/tchMaterial/detail?contentType=assets_document&contentId=cf593196-d7db-8090-2b1a-116a356dfde6
908567fb-3ad3-c299-d075-6129c64f9aa9,小学,外研社版（主编：刘兆义）,3,下册,missing,（根据2022年版课程标准修订）义务教育教科书·英语 三年级 下册,104801563,9aca6c964d35c46b95ffb5b11c26781f,obtain_and_verify_wordlist_or_extract_pdf,,https://basic.smartedu.cn/tchMaterial/detail?contentType=assets_document&contentId=908567fb-3ad3-c299-d075-6129c64f9aa9
142d5d5c-e3ea-2261-6134-b39199a4e6bc,小学,外研社版（主编：刘兆义）,3,上册,missing,（根据2022年版课程标准修订）义务教育教科书·英语 三年级上册,126364794,17273123e39815f7c6cfc68dd7583b08,obtain_and_verify_wordlist_or_extract_pdf,,https://basic.smartedu.cn/tchMaterial/detail?contentType=assets_document&contentId=142d5d5c-e3ea-2261-6134-b39199a4e6bc
2147a86f-ff8b-dcdb-e1f7-386dd70e66bf,小学,外研社版（主编：刘兆义）,3,上册,missing,（根据2022年版课程标准修订）义务教育教科书·英语 三年级上册,170963165,59d12a2be3f0e7265d660c58c021ee38,obtain_and_verify_wordlist_or_extract_pdf,,https://basic.smartedu.cn/tchMaterial/detail?contentType=assets_document&contentId=2147a86f-ff8b-dcdb-e1f7-386dd70e66bf
17edec76-0f9d-451d-a131-8bdc41912684,小学,外研社版（主编：刘兆义）,5,上册,missing,（根据2022年版课程标准修订）义务教育教科书·英语 五年级上册,142419858,896c764dba11e7629c721e51ecb88e17,obtain_and_verify_wordlist_or_extract_pdf,,https://basic.smartedu.cn/tchMaterial/detail?contentType=assets_document&contentId=17edec76-0f9d-451d-a131-8bdc41912684
d8309204-6817-4c4f-9e23-6b410a5f55db,小学,外研社版（主编：刘兆义）,6,上册,missing,（根据2022年版课程标准修订）义务教育教科书·英语 六年级上册,108152200,8e89382aa15d9f843094df7ff4e0de91,obtain_and_verify_wordlist_or_extract_pdf,,https://basic.smartedu.cn/tchMaterial/detail?contentType=assets_document&contentId=d8309204-6817-4c4f-9e23-6b410a5f55db
9d2c353b-1c7f-150b-d59b-9b878d3e8638,小学,外研社版（主编：刘兆义）,4,上册,missing,（根据2022年版课程标准修订）义务教育教科书·英语 四年级上册,127379210,a67c1c009f8435e65dc772e1522b3788,obtain_and_verify_wordlist_or_extract_pdf,,https://basic.smartedu.cn/tchMaterial/detail?contentType=assets_document&contentId=9d2c353b-1c7f-150b-d59b-9b878d3e8638
9a553639-4521-4cce-aa9f-09281b1a653b,小学,外研社版（主编：刘兆义）,4,下册,missing,（根据2022年版课程标准修订）义务教育教科书·英语 四年级下册,199280452,368d964323b0f144b05af8d2d4f1c6bd,obtain_and_verify_wordlist_or_extract_pdf,,https://basic.smartedu.cn/tchMaterial/detail?contentType=assets_document&contentId=9a553639-4521-4cce-aa9f-09281b1a653b
4c34b03c-933c-4a67-b211-f5d79fb05001,小学,外研社版（主编：刘兆义）,3,下册,missing,（根据2022年版课程标准修订）义务教育教科书·英语三年级下册,71507206,fb8633b59dbf92c5bd06168865d6349d,obtain_and_verify_wordlist_or_extract_pdf,,https://basic.smartedu.cn/tchMaterial/detail?contentType=assets_document&contentId=4c34b03c-933c-4a67-b211-f5d79fb05001
42a87e09-e53e-59ea-8740-a1302a194d16,小学,外研社版（主编：孙有中）,3,上册,missing,（根据2022年版课程标准修订）义务教育教科书 英语 三年级上册,175137231,ac7d48c9fa10f2d410edad43f5deef2e,obtain_and_verify_wordlist_or_extract_pdf,,https://basic.smartedu.cn/tchMaterial/detail?contentType=assets_document&contentId=42a87e09-e53e-59ea-8740-a1302a194d16
e51639ec-78db-84cf-c1f5-100c3565cb85,小学,外研社版（主编：孙有中）,3,上册,missing,（根据2022年版课程标准修订）义务教育教科书 英语 三年级上册,152405329,de2e7132dcb65e4ef7f02c2a0f39edc2-3,obtain_and_verify_wordlist_or_extract_pdf,,https://basic.smartedu.cn/tchMaterial/detail?contentType=assets_document&contentId=e51639ec-78db-84cf-c1f5-100c3565cb85
edb32f67-1cf7-94d6-0626-e14dc08b377a,小学,外研社版（主编：孙有中）,3,上册,missing,（根据2022年版课程标准修订）义务教育教科书 英语 三年级上册,174747169,6107c37c905c45cee946679d7f558777,obtain_and_verify_wordlist_or_extract_pdf,,https://basic.smartedu.cn/tchMaterial/detail?contentType=assets_document&contentId=edb32f67-1cf7-94d6-0626-e14dc08b377a
9b2c031b-fa86-26a5-65e0-247b5c44bc98,小学,外研社版（主编：孙有中）,3,下册,missing,（根据2022年版课程标准修订）义务教育教科书 英语 三年级下册,192437132,a1629ca8cb072ff8ad17ea22646323c5,obtain_and_verify_wordlist_or_extract_pdf,,https://basic.smartedu.cn/tchMaterial/detail?contentType=assets_document&contentId=9b2c031b-fa86-26a5-65e0-247b5c44bc98
01d7476f-7fbd-738c-3127-ad261b9cbe83,小学,外研社版（主编：孙有中）,5,上册,missing,（根据2022年版课程标准修订）义务教育教科书 英语 五年级上册,193736113,c383c53f73915cc0e31d6f967df52d14-4,obtain_and_verify_wordlist_or_extract_pdf,,https://basic.smartedu.cn/tchMaterial/detail?contentType=assets_document&contentId=01d7476f-7fbd-738c-3127-ad261b9cbe83
77c1748b-51a5-ba5d-8868-a2c7055678b5,小学,外研社版（主编：孙有中）,5,上册,missing,（根据2022年版课程标准修订）义务教育教科书 英语 五年级上册,228036719,f1b0df44b51b73dd2eb65ac864554467,obtain_and_verify_wordlist_or_extract_pdf,,https://basic.smartedu.cn/tchMaterial/detail?contentType=assets_document&contentId=77c1748b-51a5-ba5d-8868-a2c7055678b5
a415cb61-eb1d-170b-b7d0-e810717bf6f8,小学,外研社版（主编：孙有中）,6,上册,missing,（根据2022年版课程标准修订）义务教育教科书 英语 六年级上册,125215784,78be8efe9e8a925eef8b347b9cf3070b,obtain_and_verify_wordlist_or_extract_pdf,,https://basic.smartedu.cn/tchMaterial/detail?contentType=assets_document&contentId=a415cb61-eb1d-170b-b7d0-e810717bf6f8
6cead28f-ad08-dcec-eda1-6cbc71f157b9,小学,外研社版（主编：孙有中）,4,上册,missing,（根据2022年版课程标准修订）义务教育教科书 英语 四年级上册,140395477,379d63c9c5bef7ab6524d8906f1cfd76,obtain_and_verify_wordlist_or_extract_pdf,,https://basic.smartedu.cn/tchMaterial/detail?contentType=assets_document&contentId=6cead28f-ad08-dcec-eda1-6cbc71f157b9
cf006d93-fbec-0d59-f36e-2253fd4bb09c,小学,外研社版（主编：孙有中）,3,下册,missing,（根据2022年版课程标准修订）义务教育教科书·英语 三年级 下册,211321272,e784d2e063c5506e8a8bc9f7a53403ef,obtain_and_verify_wordlist_or_extract_pdf,,https://basic.smartedu.cn/tchMaterial/detail?contentType=assets_document&contentId=cf006d93-fbec-0d59-f36e-2253fd4bb09c
2e4a649a-af6f-0905-9693-5c5c93548622,小学,外研社版（主编：孙有中）,5,下册,missing,（根据2022年版课程标准修订）义务教育教科书·英语 五年级下册,406140919,cb688e50294489c7b7825f2db16bcb3b,obtain_and_verify_wordlist_or_extract_pdf,,https://basic.smartedu.cn/tchMaterial/detail?contentType=assets_document&contentId=2e4a649a-af6f-0905-9693-5c5c93548622
2bea95cf-46e6-40cc-ae87-07cc474b3956,小学,外研社版（主编：孙有中）,4,上册,missing,（根据2022年版课程标准修订）义务教育教科书·英语 四年级上册,131776909,7c30f169b7df2550b5564b75e022f0c8-3,obtain_and_verify_wordlist_or_extract_pdf,,https://basic.smartedu.cn/tchMaterial/detail?contentType=assets_document&contentId=2bea95cf-46e6-40cc-ae87-07cc474b3956
e7cf1b69-fa7b-19c5-6201-623f10c364b8,小学,外研社版（主编：孙有中）,4,下册,missing,（根据2022年版课程标准修订）义务教育教科书·英语 四年级下册,387409170,364d160dc64881f907ba7ac311957f8f,obtain_and_verify_wordlist_or_extract_pdf,,https://basic.smartedu.cn/tchMaterial/detail?contentType=assets_document&contentId=e7cf1b69-fa7b-19c5-6201-623f10c364b8
ac2f99d6-d609-4b5e-8a46-369898eaf0c4,小学,川教版,5,下册,missing,义务教育教科书·英语（三年级起点）五年级下册,21335173,9fe4ca02c85bff704bfb558a38191163,obtain_and_verify_wordlist_or_extract_pdf,,https://basic.smartedu.cn/tchMaterial/detail?contentType=assets_document&contentId=ac2f99d6-d609-4b5e-8a46-369898eaf0c4
2be9aba6-81cf-4367-b85c-4dd385fcd58b,小学,川教版,6,下册,missing,义务教育教科书·英语（三年级起点）六年级下册,95574519,d4f2b102591804e1b4e0e4f40f8c2578,obtain_and_verify_wordlist_or_extract_pdf,,https://basic.smartedu.cn/tchMaterial/detail?contentType=assets_document&contentId=2be9aba6-81cf-4367-b85c-4dd385fcd58b
a70bcbcd-12f9-3dd5-8616-9c387bb53f9e,小学,川教版,3,下册,missing,（根据2022年版课程标准修订）义务教育教科书·英语 三年级 下册,51269866,95d4f15d1f7fe25fd8c84debe053f21e,obtain_and_verify_wordlist_or_extract_pdf,,https://basic.smartedu.cn/tchMaterial/detail?contentType=assets_document&contentId=a70bcbcd-12f9-3dd5-8616-9c387bb53f9e
268943ee-b215-41fb-9b89-d6c5ef1d6f44,小学,川教版,3,下册,missing,（根据2022年版课程标准修订）义务教育教科书·英语三年级下册,36629759,5e4e3d0f2b6df203bad902802a8f22ce,obtain_and_verify_wordlist_or_extract_pdf,,https://basic.smartedu.cn/tchMaterial/detail?contentType=assets_document&contentId=268943ee-b215-41fb-9b89-d6c5ef1d6f44
95598bab-ceae-4f59-9948-beefc0116e57,小学,川教版,5,上册,missing,（根据2022年版课程标准修订）义务教育教科书·英语五年级上册,87690326,2355d5df9af4102abf18deeebf8e7e91,obtain_and_verify_wordlist_or_extract_pdf,,https://basic.smartedu.cn/tchMaterial/detail?contentType=assets_document&contentId=95598bab-ceae-4f59-9948-beefc0116e57
89bb1762-9950-49c5-8d74-d499c27d2ff4,小学,川教版,6,上册,missing,（根据2022年版课程标准修订）义务教育教科书·英语六年级上册,84774992,ba0fd55cd98cf09af498b5ae0acf4112,obtain_and_verify_wordlist_or_extract_pdf,,https://basic.smartedu.cn/tchMaterial/detail?contentType=assets_document&contentId=89bb1762-9950-49c5-8d74-d499c27d2ff4
72c5aed6-a21b-1255-ab15-141fcfb7f4ec,小学,川教版,3,上册,missing,（根据2022年版课程标准修订）义务教育教科书•英语 三年级上册,97029180,4be8b77cbe15ad01a27e9af5c1f37418-12,obtain_and_verify_wordlist_or_extract_pdf,,https://basic.smartedu.cn/tchMaterial/detail?contentType=assets_document&contentId=72c5aed6-a21b-1255-ab15-141fcfb7f4ec
abe9d1de-2c6a-ee6b-d0ee-b6ea8247caa1,小学,川教版,3,上册,missing,（根据2022年版课程标准修订）义务教育教科书•英语 三年级上册,21698003,389ec2cfd23cf9c2e8d2b1e1bd8cd611,obtain_and_verify_wordlist_or_extract_pdf,,https://basic.smartedu.cn/tchMaterial/detail?contentType=assets_document&contentId=abe9d1de-2c6a-ee6b-d0ee-b6ea8247caa1
e46c60ee-2e73-ced1-6fe2-4676f662f86c,小学,川教版,3,上册,missing,（根据2022年版课程标准修订）义务教育教科书•英语 三年级上册,148663198,19e87362b26615985ce7b4e1c5ad0821,obtain_and_verify_wordlist_or_extract_pdf,,https://basic.smartedu.cn/tchMaterial/detail?contentType=assets_document&contentId=e46c60ee-2e73-ced1-6fe2-4676f662f86c
12bbf0bc-9f5b-4bea-a102-83ed34dc2d68,小学,川教版,4,上册,missing,（根据2022年版课程标准修订）义务教育教科书•英语 四年级上册,85855476,e717b4416c1928ca000aad3e998301c1,obtain_and_verify_wordlist_or_extract_pdf,,https://basic.smartedu.cn/tchMaterial/detail?contentType=assets_document&contentId=12bbf0bc-9f5b-4bea-a102-83ed34dc2d68
2e28ff79-bb80-46a6-6d79-11a144df2d84,小学,川教版,4,上册,missing,（根据2022年版课程标准修订）义务教育教科书•英语 四年级上册,96485007,f37620820e590923062f2390fb3fe6c5-12,obtain_and_verify_wordlist_or_extract_pdf,,https://basic.smartedu.cn/tchMaterial/detail?contentType=assets_document&contentId=2e28ff79-bb80-46a6-6d79-11a144df2d84
96be5f08-1422-4c0e-8458-88bdbfb3c930,小学,川教版,4,下册,missing,（根据2022年版课程标准修订）义务教育教科书•英语 四年级下册,51810226,0542579fdc1e06caa647ccb88c1db559,obtain_and_verify_wordlist_or_extract_pdf,,https://basic.smartedu.cn/tchMaterial/detail?contentType=assets_document&contentId=96be5f08-1422-4c0e-8458-88bdbfb3c930
3f675da4-c5c7-45dc-85d1-a181a411df52,小学,接力社版,5,下册,missing,义务教育教科书·英语（三年级起点）五年级下册,9421757,2cdfce8727393c5711cc5255ffc699b8,obtain_and_verify_wordlist_or_extract_pdf,,https://basic.smartedu.cn/tchMaterial/detail?contentType=assets_document&contentId=3f675da4-c5c7-45dc-85d1-a181a411df52
74d234e0-f633-4f6a-ac1d-82c29f3902ba,小学,接力社版,6,下册,missing,义务教育教科书·英语（三年级起点）六年级下册,8523963,7bbaa54b42125015639ade31d4e93c9b,obtain_and_verify_wordlist_or_extract_pdf,,https://basic.smartedu.cn/tchMaterial/detail?contentType=assets_document&contentId=74d234e0-f633-4f6a-ac1d-82c29f3902ba
005f2d22-4be8-7f2f-3507-a8f160885567,小学,接力社版,4,下册,missing,（根据2022年版课程标准修订）义务教育教科书·英语 四年级 下册,43586101,03220132648715946cec22652d7e416f,obtain_and_verify_wordlist_or_extract_pdf,,https://basic.smartedu.cn/tchMaterial/detail?contentType=assets_document&contentId=005f2d22-4be8-7f2f-3507-a8f160885567
9ae3ffb8-8e6f-4a7a-bef7-a59ba953168d,小学,接力社版,3,下册,missing,（根据2022年版课程标准修订）义务教育教科书·英语三年级下册,66279222,ef27156823521ad66f177a731429942c,obtain_and_verify_wordlist_or_extract_pdf,,https://basic.smartedu.cn/tchMaterial/detail?contentType=assets_document&contentId=9ae3ffb8-8e6f-4a7a-bef7-a59ba953168d
b3f9fcf6-27bd-4779-8275-365d4842388a,小学,接力社版,3,上册,missing,（根据2022年版课程标准修订）义务教育教科书•英语 三年级上册,37561443,bb8f7aff876562fe078ea0b4c3ff3425,obtain_and_verify_wordlist_or_extract_pdf,,https://basic.smartedu.cn/tchMaterial/detail?contentType=assets_document&contentId=b3f9fcf6-27bd-4779-8275-365d4842388a
c195ff53-268c-492f-b10d-6b281cad112f,小学,接力社版,5,上册,missing,（根据2022年版课程标准修订）义务教育教科书•英语 五年级上册,34588085,8416537465ea785b04b8f98032df6f63,obtain_and_verify_wordlist_or_extract_pdf,,https://basic.smartedu.cn/tchMaterial/detail?contentType=assets_document&contentId=c195ff53-268c-492f-b10d-6b281cad112f
5a69664c-525c-49c1-8e65-23c3c7c5f6fc,小学,接力社版,6,上册,missing,（根据2022年版课程标准修订）义务教育教科书•英语 六年级上册,33875852,87cff2ec5f08941662326642bc1b6d7e,obtain_and_verify_wordlist_or_extract_pdf,,https://basic.smartedu.cn/tchMaterial/detail?contentType=assets_document&contentId=5a69664c-525c-49c1-8e65-23c3c7c5f6fc
345de000-9398-4f0e-8076-8fc93068341e,小学,接力社版,4,上册,missing,（根据2022年版课程标准修订）义务教育教科书•英语 四年级上册,45236220,336ca99d11d6b06c1e1f79b847a6681a,obtain_and_verify_wordlist_or_extract_pdf,,https://basic.smartedu.cn/tchMaterial/detail?contentType=assets_document&contentId=345de000-9398-4f0e-8076-8fc93068341e
8096f798-4e9e-7d9e-2494-2aab025ce254,小学,接力社版,3,下册,missing,（根据2022年版课程标准修订）义务教育教科书•英语三年级下册,7234508,c69a34e699b5fdb06f413f52cf29f3ef,review_extracted_sample,materials/小学/英语/接力社版/（根据2022年版课程标准修订）义务教育教科书•英语三年级下册__8096f798/教材.pdf,https://basic.smartedu.cn/tchMaterial/detail?contentType=assets_document&contentId=8096f798-4e9e-7d9e-2494-2aab025ce254
6a850434-e0b2-405b-9abe-6d9f7b2503dc,小学,接力社版,4,下册,missing,（根据2022年版课程标准修订）义务教育教科书•英语四年级下册,43586101,03220132648715946cec22652d7e416f,obtain_and_verify_wordlist_or_extract_pdf,,https://basic.smartedu.cn/tchMaterial/detail?contentType=assets_document&contentId=6a850434-e0b2-405b-9abe-6d9f7b2503dc
285ae1ca-33f3-40b5-b9c8-c6fd8256168b,小学,教科版（主编：龚亚夫）,5,下册,missing,义务教育教科书·英语（三年级起点）五年级下册,90713650,5f89c8eb088ac2b7bc798fa544f72c3c,obtain_and_verify_wordlist_or_extract_pdf,,https://basic.smartedu.cn/tchMaterial/detail?contentType=assets_document&contentId=285ae1ca-33f3-40b5-b9c8-c6fd8256168b
27b8ff2b-75e6-4265-a3ab-d6cee85b939a,小学,教科版（主编：龚亚夫）,6,下册,missing,义务教育教科书·英语（三年级起点）六年级下册,71775573,0710cf6512ee56bae8719c3654658ae3,obtain_and_verify_wordlist_or_extract_pdf,,https://basic.smartedu.cn/tchMaterial/detail?contentType=assets_document&contentId=27b8ff2b-75e6-4265-a3ab-d6cee85b939a
c6b9cff5-5e13-bcc2-00b5-394a624b3650,小学,教科版（主编：龚亚夫）,3,上册,missing,（根据2022年版课程标准修订）义务教育教科书  英语 三年级上册,67821625,b409bf00f079d69d4d06e4272419e327,obtain_and_verify_wordlist_or_extract_pdf,,https://basic.smartedu.cn/tchMaterial/detail?contentType=assets_document&contentId=c6b9cff5-5e13-bcc2-00b5-394a624b3650
27eb5941-f566-431a-a2a6-92e45a2995e1,小学,教科版（主编：龚亚夫）,5,上册,missing,（根据2022年版课程标准修订）义务教育教科书·英语 五年级上册,46514200,4615e57ae2850dd59dcc2201843f71de,obtain_and_verify_wordlist_or_extract_pdf,,https://basic.smartedu.cn/tchMaterial/detail?contentType=assets_document&contentId=27eb5941-f566-431a-a2a6-92e45a2995e1
02d7c475-79f8-49a8-aad1-2d7d880e159f,小学,教科版（主编：龚亚夫）,6,上册,missing,（根据2022年版课程标准修订）义务教育教科书·英语 六年级上册,44479703,c9e9a41bc543de8361826bdd69d0cb53,obtain_and_verify_wordlist_or_extract_pdf,,https://basic.smartedu.cn/tchMaterial/detail?contentType=assets_document&contentId=02d7c475-79f8-49a8-aad1-2d7d880e159f
15fc1678-b77d-4c75-a647-928ea8cc06c5,小学,教科版（主编：龚亚夫）,4,上册,missing,（根据2022年版课程标准修订）义务教育教科书·英语 四年级上册,118913456,26146768e30952dec661af2158fd79f4-3,obtain_and_verify_wordlist_or_extract_pdf,,https://basic.smartedu.cn/tchMaterial/detail?contentType=assets_document&contentId=15fc1678-b77d-4c75-a647-928ea8cc06c5
318b43d8-f721-ca1b-2aad-17325edc9b41,小学,教科版（主编：龚亚夫）,4,上册,missing,（根据2022年版课程标准修订）义务教育教科书·英语 四年级上册,47163603,833373e2fa975577b7b18587ce851631,obtain_and_verify_wordlist_or_extract_pdf,,https://basic.smartedu.cn/tchMaterial/detail?contentType=assets_document&contentId=318b43d8-f721-ca1b-2aad-17325edc9b41
9eb75cb9-46a3-4236-afd0-1a7e4de2ebab,小学,教科版（主编：龚亚夫）,4,下册,missing,（根据2022年版课程标准修订）义务教育教科书·英语 四年级下册,47491760,c641faf94b90050371ac5d061197801e,obtain_and_verify_wordlist_or_extract_pdf,,https://basic.smartedu.cn/tchMaterial/detail?contentType=assets_document&contentId=9eb75cb9-46a3-4236-afd0-1a7e4de2ebab
d07478ce-cc45-4867-bc21-067c03a79896,小学,教科版（主编：龚亚夫）,3,下册,missing,（根据2022年版课程标准修订）义务教育教科书·英语三年级下册,77788966,3680c31b2f36e269b96a292f18aad80a,obtain_and_verify_wordlist_or_extract_pdf,,https://basic.smartedu.cn/tchMaterial/detail?contentType=assets_document&contentId=d07478ce-cc45-4867-bc21-067c03a79896
fe431b88-6bd5-6745-4a08-2e155bb60caa,小学,教科版（主编：龚亚夫）,3,下册,missing,（根据2022年版课程标准修订）义务教育教科书·英语三年级下册,40764040,1d77a410b4dfa4cb5822dce1a51c6f32,obtain_and_verify_wordlist_or_extract_pdf,,https://basic.smartedu.cn/tchMaterial/detail?contentType=assets_document&contentId=fe431b88-6bd5-6745-4a08-2e155bb60caa
835bebfe-6b17-b05a-5c97-23b115f3b1c8,小学,教科版（主编：龚亚夫）,3,上册,missing,（根据2022年版课程标准修订）义务教育教科书•英语 三年级上册,42139557,6c504412f283ea27ed227c4e03330e0c-6,obtain_and_verify_wordlist_or_extract_pdf,,https://basic.smartedu.cn/tchMaterial/detail?contentType=assets_document&contentId=835bebfe-6b17-b05a-5c97-23b115f3b1c8
c376a427-6b9f-dd31-c352-e065cd754a10,小学,教科版（主编：龚亚夫）,3,上册,missing,（根据2022年版课程标准修订）义务教育教科书•英语 三年级上册,66972605,84b0712bf2c8b656d3b85a508f01e0c5,obtain_and_verify_wordlist_or_extract_pdf,,https://basic.smartedu.cn/tchMaterial/detail?contentType=assets_document&contentId=c376a427-6b9f-dd31-c352-e065cd754a10
70085bc7-91aa-4726-9f92-8eed80d30276,小学,沪教版,5,下册,missing,义务教育教科书·英语（三年级起点）五年级下册,19913586,08d31d3d69f58b8abbd784c29fc7e56b,obtain_and_verify_wordlist_or_extract_pdf,,https://basic.smartedu.cn/tchMaterial/detail?contentType=assets_document&contentId=70085bc7-91aa-4726-9f92-8eed80d30276
63f19462-c7e5-43cb-a5db-756341614929,小学,沪教版,6,下册,missing,义务教育教科书·英语（三年级起点）六年级下册,86695602,81759357b5a020abb995573641d9b150,obtain_and_verify_wordlist_or_extract_pdf,,https://basic.smartedu.cn/tchMaterial/detail?contentType=assets_document&contentId=63f19462-c7e5-43cb-a5db-756341614929
0b7d570b-33a2-3c5d-2cab-00c3ddb65e57,小学,沪教版,3,上册,missing,（根据2022年版课程标准修订）义务教育教科书 • 英语 三年级上册,57254264,a474bb1b25cefcb35582093a07b4b082,obtain_and_verify_wordlist_or_extract_pdf,,https://basic.smartedu.cn/tchMaterial/detail?contentType=assets_document&contentId=0b7d570b-33a2-3c5d-2cab-00c3ddb65e57
6ee46e5b-cba2-6fce-e824-afcc197a1788,小学,沪教版,3,上册,missing,（根据2022年版课程标准修订）义务教育教科书 • 英语 三年级上册,63682879,d5782207ee5bb71e555d8b717ddbc6ce-8,obtain_and_verify_wordlist_or_extract_pdf,,https://basic.smartedu.cn/tchMaterial/detail?contentType=assets_document&contentId=6ee46e5b-cba2-6fce-e824-afcc197a1788
8894b571-bd8c-27a4-4390-cb74f7ddc81f,小学,沪教版,3,上册,missing,（根据2022年版课程标准修订）义务教育教科书 • 英语 三年级上册,139262935,188ce326fde9801490ab420827bf4524-3,obtain_and_verify_wordlist_or_extract_pdf,,https://basic.smartedu.cn/tchMaterial/detail?contentType=assets_document&contentId=8894b571-bd8c-27a4-4390-cb74f7ddc81f
0f2a0c94-50c1-4b7a-8211-8ff18da1d475,小学,沪教版,4,下册,missing,（根据2022年版课程标准修订）义务教育教科书·英语 四年级下册,109251205,ad0f5752b22e7c4d95f841c12a045d92,obtain_and_verify_wordlist_or_extract_pdf,,https://basic.smartedu.cn/tchMaterial/detail?contentType=assets_document&contentId=0f2a0c94-50c1-4b7a-8211-8ff18da1d475
132dd1f4-f988-43bb-ab9a-c3aad3c93420,小学,沪教版,3,下册,missing,（根据2022年版课程标准修订）义务教育教科书·英语三年级下册,111959387,4992e1c49f241ae2b3ffa5e6d3b1902d,obtain_and_verify_wordlist_or_extract_pdf,,https://basic.smartedu.cn/tchMaterial/detail?contentType=assets_document&contentId=132dd1f4-f988-43bb-ab9a-c3aad3c93420
d523d9fc-abf2-48a3-94e6-6d9a25fae4af,小学,沪教版,3,下册,missing,（根据2022年版课程标准修订）义务教育教科书·英语三年级下册,269250908,bd84b1823754b78d9e2df75e6a61f31c,obtain_and_verify_wordlist_or_extract_pdf,,https://basic.smartedu.cn/tchMaterial/detail?contentType=assets_document&contentId=d523d9fc-abf2-48a3-94e6-6d9a25fae4af
6c6edb6c-60ca-4c29-82df-a2357f087f60,小学,沪教版,4,上册,missing,（根据2022年版课程标准修订）义务教育教科书·英语四年级上册,295474912,77fb12accb7426ba391357d99708e274-6,obtain_and_verify_wordlist_or_extract_pdf,,https://basic.smartedu.cn/tchMaterial/detail?contentType=assets_document&contentId=6c6edb6c-60ca-4c29-82df-a2357f087f60
bcbf979a-3027-d32b-4c71-44a063549cd8,小学,沪教版,4,上册,missing,（根据2022年版课程标准修订）义务教育教科书·英语四年级上册,67941638,a5715bab16300a10a7181958fcc7a53f-9,obtain_and_verify_wordlist_or_extract_pdf,,https://basic.smartedu.cn/tchMaterial/detail?contentType=assets_document&contentId=bcbf979a-3027-d32b-4c71-44a063549cd8
e97bf778-237b-4c23-b71d-6f7b80078f66,小学,沪教版,5,上册,missing,（根据2022年版课程标准修订）义务教育教科书•英语 五年级上册,74216615,3c0d4cfc9b0fd18122f13934597f9926,obtain_and_verify_wordlist_or_extract_pdf,,https://basic.smartedu.cn/tchMaterial/detail?contentType=assets_document&contentId=e97bf778-237b-4c23-b71d-6f7b80078f66
b25139ad-009e-4537-afe7-f393a5e43ef1,小学,沪教版,6,上册,missing,（根据2022年版课程标准修订）义务教育教科书•英语 六年级上册,61201016,9625cd7bb00639c666b27f2e481af86d,obtain_and_verify_wordlist_or_extract_pdf,,https://basic.smartedu.cn/tchMaterial/detail?contentType=assets_document&contentId=b25139ad-009e-4537-afe7-f393a5e43ef1
1f7fdc68-ac36-a661-3492-aa418d98fef1,小学,清华大学版,3,上册,missing,（根据2022年版课程标准修订）义务教育教科书·英语 三年级上册,453860482,30443663fbb217c0b5f158c351160368-87,obtain_and_verify_wordlist_or_extract_pdf,,https://basic.smartedu.cn/tchMaterial/detail?contentType=assets_document&contentId=1f7fdc68-ac36-a661-3492-aa418d98fef1
6b773562-c248-d10d-e564-4102d7adafca,小学,清华大学版,3,上册,missing,（根据2022年版课程标准修订）义务教育教科书·英语 三年级上册,453820615,dfeab6e88d1e104ccfca993a0573da5e-55,obtain_and_verify_wordlist_or_extract_pdf,,https://basic.smartedu.cn/tchMaterial/detail?contentType=assets_document&contentId=6b773562-c248-d10d-e564-4102d7adafca
4540c302-13cc-4285-8b7d-2bea2641a836,小学,清华大学版,3,下册,missing,（根据2022年版课程标准修订）义务教育教科书·英语 三年级下册,347852869,9006be325ef327262c6f9c219a461053,obtain_and_verify_wordlist_or_extract_pdf,,https://basic.smartedu.cn/tchMaterial/detail?contentType=assets_document&contentId=4540c302-13cc-4285-8b7d-2bea2641a836
e1d92f0a-3eab-4403-a5c4-9c50b17e1cd7,小学,清华大学版,5,上册,missing,（根据2022年版课程标准修订）义务教育教科书·英语 五年级上册,192140299,0071016517c4ced2689cc3f5d6ce241b,obtain_and_verify_wordlist_or_extract_pdf,,https://basic.smartedu.cn/tchMaterial/detail?contentType=assets_document&contentId=e1d92f0a-3eab-4403-a5c4-9c50b17e1cd7
0dd63a9b-06e7-48ea-ac29-a356178dd842,小学,清华大学版,6,上册,missing,（根据2022年版课程标准修订）义务教育教科书·英语 六年级上册,119850869,99d71873318fa1806291ac4958c85829,obtain_and_verify_wordlist_or_extract_pdf,,https://basic.smartedu.cn/tchMaterial/detail?contentType=assets_document&contentId=0dd63a9b-06e7-48ea-ac29-a356178dd842
e677e6d8-9120-4fcb-8bed-bd0f317d1a6d,小学,清华大学版,4,上册,missing,（根据2022年版课程标准修订）义务教育教科书·英语 四年级上册,280968025,5f0515cbab55026130c4a53955ef8a46,obtain_and_verify_wordlist_or_extract_pdf,,https://basic.smartedu.cn/tchMaterial/detail?contentType=assets_document&contentId=e677e6d8-9120-4fcb-8bed-bd0f317d1a6d
4ed88cfe-0d65-4379-9cd2-84e0854e6c11,小学,清华大学版,4,下册,missing,（根据2022年版课程标准修订）义务教育教科书·英语 四年级下册,309166092,5ffe00a7045a20a8803d6a663ab21c91,obtain_and_verify_wordlist_or_extract_pdf,,https://basic.smartedu.cn/tchMaterial/detail?contentType=assets_document&contentId=4ed88cfe-0d65-4379-9cd2-84e0854e6c11
853005d6-1a9a-43bb-92c3-9b551d932b66,小学,湘少版,5,下册,missing,义务教育教科书·英语（三年级起点）五年级下册,130016904,16a8165bc2664e0081d297f37eaac106,obtain_and_verify_wordlist_or_extract_pdf,,https://basic.smartedu.cn/tchMaterial/detail?contentType=assets_document&contentId=853005d6-1a9a-43bb-92c3-9b551d932b66
a9f600a7-71df-4a87-8b3b-b80d33b01179,小学,湘少版,6,下册,missing,义务教育教科书·英语（三年级起点）六年级下册,147745366,ede12af4373e9fc90ec309feb1be38b3,obtain_and_verify_wordlist_or_extract_pdf,,https://basic.smartedu.cn/tchMaterial/detail?contentType=assets_document&contentId=a9f600a7-71df-4a87-8b3b-b80d33b01179
25af4b37-896b-b56b-389b-e5b785122780,小学,湘少版,3,上册,missing,（根据2022年版课程标准修订）义务教育教科书 英语 三年级上册,254214010,5418aa34bb2f89ef97db2f0d59fb4b10-7,obtain_and_verify_wordlist_or_extract_pdf,,https://basic.smartedu.cn/tchMaterial/detail?contentType=assets_document&contentId=25af4b37-896b-b56b-389b-e5b785122780
da37ef7f-504d-258a-bb68-6f0f64ec294b,小学,湘少版,3,上册,missing,（根据2022年版课程标准修订）义务教育教科书·英语 三年级上册,253842975,0a0f94a9b189a785aa5be1e464657adc,obtain_and_verify_wordlist_or_extract_pdf,,https://basic.smartedu.cn/tchMaterial/detail?contentType=assets_document&contentId=da37ef7f-504d-258a-bb68-6f0f64ec294b
db32f64d-4d65-393f-a3d9-911180426e9d,小学,湘少版,3,下册,missing,（根据2022年版课程标准修订）义务教育教科书·英语 三年级下册,137852001,119dc2c6e1a2eec6bb53f6b1bfa0a91c,obtain_and_verify_wordlist_or_extract_pdf,,https://basic.smartedu.cn/tchMaterial/detail?contentType=assets_document&contentId=db32f64d-4d65-393f-a3d9-911180426e9d
b5668abb-e4a2-4900-8a30-1b2f395bf70a,小学,湘少版,5,上册,missing,（根据2022年版课程标准修订）义务教育教科书·英语 五年级上册,143553033,bfe3aa7f42e886e4eeb9896e37a31688-4,obtain_and_verify_wordlist_or_extract_pdf,,https://basic.smartedu.cn/tchMaterial/detail?contentType=assets_document&contentId=b5668abb-e4a2-4900-8a30-1b2f395bf70a
cdee1c54-de3d-4556-adc1-0671680f335a,小学,湘少版,6,上册,missing,（根据2022年版课程标准修订）义务教育教科书·英语 六年级上册,189426158,a1fea2d77e5894210a2bfc0e68247c0b,obtain_and_verify_wordlist_or_extract_pdf,,https://basic.smartedu.cn/tchMaterial/detail?contentType=assets_document&contentId=cdee1c54-de3d-4556-adc1-0671680f335a
047804b0-099d-404c-bb0d-3e03d22aac75,小学,湘少版,4,上册,missing,（根据2022年版课程标准修订）义务教育教科书·英语 四年级上册,124253221,3711de20202afbea509ccbead87cb416-3,obtain_and_verify_wordlist_or_extract_pdf,,https://basic.smartedu.cn/tchMaterial/detail?contentType=assets_document&contentId=047804b0-099d-404c-bb0d-3e03d22aac75
17f3f149-bea8-f2f3-ccf7-227feab4763e,小学,湘少版,4,上册,missing,（根据2022年版课程标准修订）义务教育教科书·英语 四年级上册,124658794,4a2f5bbce8ae4430ca6ad5d8f50c37c2-15,obtain_and_verify_wordlist_or_extract_pdf,,https://basic.smartedu.cn/tchMaterial/detail?contentType=assets_document&contentId=17f3f149-bea8-f2f3-ccf7-227feab4763e
4eefac06-5c2c-485b-8085-549df2c6c59d,小学,湘少版,4,下册,missing,（根据2022年版课程标准修订）义务教育教科书·英语 四年级下册,196872221,1f59de5e0a81da1ce9b52806be39bf40,obtain_and_verify_wordlist_or_extract_pdf,,https://basic.smartedu.cn/tchMaterial/detail?contentType=assets_document&contentId=4eefac06-5c2c-485b-8085-549df2c6c59d
33d80893-4975-43a2-b188-891d42a58697,小学,湘少版,3,下册,missing,（根据2022年版课程标准修订）义务教育教科书·英语三年级下册,139817635,2fa9a26a6e99b44e78eb8787e384850c,obtain_and_verify_wordlist_or_extract_pdf,,https://basic.smartedu.cn/tchMaterial/detail?contentType=assets_document&contentId=33d80893-4975-43a2-b188-891d42a58697
54e434c1-5efe-4997-b2b1-50d31902b792,小学,科普版,5,下册,missing,义务教育教科书·英语（三年级起点）五年级下册,99693270,9af5cd37a89b20e69437bc7729307a60,obtain_and_verify_wordlist_or_extract_pdf,,https://basic.smartedu.cn/tchMaterial/detail?contentType=assets_document&contentId=54e434c1-5efe-4997-b2b1-50d31902b792
2f3230fb-ba51-4b7a-a3c4-d830747bf384,小学,科普版,6,下册,missing,义务教育教科书·英语（三年级起点）六年级下册,72775225,8ffa592e588327fd000487a5dcbba357,obtain_and_verify_wordlist_or_extract_pdf,,https://basic.smartedu.cn/tchMaterial/detail?contentType=assets_document&contentId=2f3230fb-ba51-4b7a-a3c4-d830747bf384
5b9e5c85-cad3-5e2a-5884-2e154e45fe00,小学,科普版,3,上册,missing,（根据2022年版课程标准修订）义务教育教科书. 英语 三年级 上册,105716597,2e531425207ab14147366d7393879c4c-3,obtain_and_verify_wordlist_or_extract_pdf,,https://basic.smartedu.cn/tchMaterial/detail?contentType=assets_document&contentId=5b9e5c85-cad3-5e2a-5884-2e154e45fe00
9a8b3735-6d74-48b6-d139-92c9b0efb382,小学,科普版,3,上册,missing,（根据2022年版课程标准修订）义务教育教科书. 英语 三年级 上册,138948226,81ba364c06ec57af1ae8311cfde28ce5,obtain_and_verify_wordlist_or_extract_pdf,,https://basic.smartedu.cn/tchMaterial/detail?contentType=assets_document&contentId=9a8b3735-6d74-48b6-d139-92c9b0efb382
8cbfef27-2a9f-47af-bd72-04979308a293,小学,科普版,4,上册,missing,（根据2022年版课程标准修订）义务教育教科书. 英语 四年级 上册,102707730,713afc6a765700fb3812f04a2bad0f39-2,obtain_and_verify_wordlist_or_extract_pdf,,https://basic.smartedu.cn/tchMaterial/detail?contentType=assets_document&contentId=8cbfef27-2a9f-47af-bd72-04979308a293
20ff0bbe-d00b-f588-9ce0-21db5939d570,小学,科普版,3,下册,missing,（根据2022年版课程标准修订）义务教育教科书·英语 三年级 下册,185222538,73dc613a1234b33d9fdb65914773e9e8,obtain_and_verify_wordlist_or_extract_pdf,,https://basic.smartedu.cn/tchMaterial/detail?contentType=assets_document&contentId=20ff0bbe-d00b-f588-9ce0-21db5939d570
789e3345-a0cb-6089-45fb-b9de583ddf77,小学,科普版,3,上册,missing,（根据2022年版课程标准修订）义务教育教科书·英语 三年级上册,55924095,924fce8660ea0784a069c37e0aac528c-7,obtain_and_verify_wordlist_or_extract_pdf,,https://basic.smartedu.cn/tchMaterial/detail?contentType=assets_document&contentId=789e3345-a0cb-6089-45fb-b9de583ddf77
ca569810-c755-4f11-bd55-887b95d64853,小学,科普版,5,上册,missing,（根据2022年版课程标准修订）义务教育教科书·英语 五年级上册,20197355,0c6bfcf10943f07ba54f2cf66f884bd5,obtain_and_verify_wordlist_or_extract_pdf,,https://basic.smartedu.cn/tchMaterial/detail?contentType=assets_document&contentId=ca569810-c755-4f11-bd55-887b95d64853
6aef6c68-7f4a-43bf-bd37-6fc0aa153d32,小学,科普版,6,上册,missing,（根据2022年版课程标准修订）义务教育教科书·英语 六年级上册,22600758,3f9822a8d5fafc8edc24cb4c92e7f505,obtain_and_verify_wordlist_or_extract_pdf,,https://basic.smartedu.cn/tchMaterial/detail?contentType=assets_document&contentId=6aef6c68-7f4a-43bf-bd37-6fc0aa153d32
b65c7453-afa6-f810-bacb-5e6aaa2799eb,小学,科普版,4,上册,missing,（根据2022年版课程标准修订）义务教育教科书·英语 四年级上册,53140395,855426270d2c30a293b46ed9add5119c-7,obtain_and_verify_wordlist_or_extract_pdf,,https://basic.smartedu.cn/tchMaterial/detail?contentType=assets_document&contentId=b65c7453-afa6-f810-bacb-5e6aaa2799eb
7a5a93eb-8101-4b7f-8e7d-127fe58c06d5,小学,科普版,4,下册,missing,（根据2022年版课程标准修订）义务教育教科书·英语 四年级下册,217179175,c81a890dd2d99cf7c553be8140529adc,obtain_and_verify_wordlist_or_extract_pdf,,https://basic.smartedu.cn/tchMaterial/detail?contentType=assets_document&contentId=7a5a93eb-8101-4b7f-8e7d-127fe58c06d5
8765b6b9-6eec-4b5a-88e5-4d5aaefb5355,小学,科普版,3,下册,missing,（根据2022年版课程标准修订）义务教育教科书·英语三年级下册,36602337,2a2f775b62dcd5ad31dbed56496b4f36,obtain_and_verify_wordlist_or_extract_pdf,,https://basic.smartedu.cn/tchMaterial/detail?contentType=assets_document&contentId=8765b6b9-6eec-4b5a-88e5-4d5aaefb5355
babb3b82-49d4-36af-ed48-593737d6aafa,小学,粤教沪外教版,5,上册,missing,（根据2022年版课程标准修订）义务教育教科书 英语 五年级上册,70788882,97b43599a692a1df16fb15376af1d02d,obtain_and_verify_wordlist_or_extract_pdf,,https://basic.smartedu.cn/tchMaterial/detail?contentType=assets_document&contentId=babb3b82-49d4-36af-ed48-593737d6aafa
093366d6-afbc-acef-ad9b-985f8827f45e,小学,粤教沪外教版,6,上册,missing,（根据2022年版课程标准修订）义务教育教科书 英语 六年级上册,63066613,faa1f4463fb5f32f71b6ce8ffbce9445,obtain_and_verify_wordlist_or_extract_pdf,,https://basic.smartedu.cn/tchMaterial/detail?contentType=assets_document&contentId=093366d6-afbc-acef-ad9b-985f8827f45e
165e5e24-7ba7-91db-5db7-35f126e1ef88,小学,粤教沪外教版,3,上册,missing,（根据2022年版课程标准修订）义务教育教科书·英语 三年级上册,28458856,16a974708bddcf9c79acf1e03da4af26,obtain_and_verify_wordlist_or_extract_pdf,,https://basic.smartedu.cn/tchMaterial/detail?contentType=assets_document&contentId=165e5e24-7ba7-91db-5db7-35f126e1ef88
16cad98e-09ab-6d02-2e90-c2e1aba83da8,小学,粤教沪外教版,3,上册,missing,（根据2022年版课程标准修订）义务教育教科书·英语 三年级上册,23333138,f834af74639ba58566712555bfd4df99,obtain_and_verify_wordlist_or_extract_pdf,,https://basic.smartedu.cn/tchMaterial/detail?contentType=assets_document&contentId=16cad98e-09ab-6d02-2e90-c2e1aba83da8
d3e7b9fb-b389-24a9-cbf1-6354d955195e,小学,粤教沪外教版,3,上册,missing,（根据2022年版课程标准修订）义务教育教科书·英语 三年级上册,55639141,ab245468c98f01d4d8b7841bb9ae1ee6-7,obtain_and_verify_wordlist_or_extract_pdf,,https://basic.smartedu.cn/tchMaterial/detail?contentType=assets_document&contentId=d3e7b9fb-b389-24a9-cbf1-6354d955195e
69b32404-5891-6e16-5ef3-f7cfdd520e39,小学,粤教沪外教版,3,下册,missing,（根据2022年版课程标准修订）义务教育教科书·英语 三年级下册,283654548,a4ee99d0ce4ab7cd484214acfb9fcda0,obtain_and_verify_wordlist_or_extract_pdf,,https://basic.smartedu.cn/tchMaterial/detail?contentType=assets_document&contentId=69b32404-5891-6e16-5ef3-f7cfdd520e39
651695aa-4233-48b0-3f76-afa7cad33bdc,小学,粤教沪外教版,4,上册,missing,（根据2022年版课程标准修订）义务教育教科书·英语 四年级上册,78106776,6b4da82dd93f106c6dedcf14b9a5f065,obtain_and_verify_wordlist_or_extract_pdf,,https://basic.smartedu.cn/tchMaterial/detail?contentType=assets_document&contentId=651695aa-4233-48b0-3f76-afa7cad33bdc
8f8b9f7c-113b-646c-62a1-409474bbac88,小学,粤教沪外教版,4,下册,missing,（根据2022年版课程标准修订）义务教育教科书·英语 四年级下册,369746119,c23ce364ca97eaa0a7fa460c2a033c71,obtain_and_verify_wordlist_or_extract_pdf,,https://basic.smartedu.cn/tchMaterial/detail?contentType=assets_document&contentId=8f8b9f7c-113b-646c-62a1-409474bbac88
77b17524-9682-4f9e-b1b1-6f15deea9649,小学,粤教沪外教版,3,下册,missing,（根据2022年版课程标准修订）义务教育教科书·英语三年级下册,45489601,752cf6745dd47393bd2eb4315137a30b,obtain_and_verify_wordlist_or_extract_pdf,,https://basic.smartedu.cn/tchMaterial/detail?contentType=assets_document&contentId=77b17524-9682-4f9e-b1b1-6f15deea9649
d3324da8-fe96-4a0d-9259-e60794e27491,小学,译林版,5,下册,missing,义务教育教科书·英语（三年级起点）五年级下册,55167992,fb315d585104a59690f653a2d59d36c3,obtain_and_verify_wordlist_or_extract_pdf,,https://basic.smartedu.cn/tchMaterial/detail?contentType=assets_document&contentId=d3324da8-fe96-4a0d-9259-e60794e27491
2b63b996-3f8c-439a-bb0c-3f127c9507af,小学,译林版,6,下册,missing,义务教育教科书·英语（三年级起点）六年级下册,55748383,9c6d1afbe1ee371cf9a6321e5686be38,obtain_and_verify_wordlist_or_extract_pdf,,https://basic.smartedu.cn/tchMaterial/detail?contentType=assets_document&contentId=2b63b996-3f8c-439a-bb0c-3f127c9507af
c1a23e1e-a239-1533-bf2f-18332a4f7355,小学,译林版,3,下册,missing,（根据2022年版课程标准修订）义务教育教科书 英语 三年级 下册,51115877,06793411ab8fe69e22270534bca03a7a,obtain_and_verify_wordlist_or_extract_pdf,,https://basic.smartedu.cn/tchMaterial/detail?contentType=assets_document&contentId=c1a23e1e-a239-1533-bf2f-18332a4f7355
1206a3aa-1969-9e64-b354-e6eae4325ed4,小学,译林版,3,上册,missing,（根据2022年版课程标准修订）义务教育教科书·英语 三年级上册,115149881,da293ee1e1d9e7124508a1d594945145,obtain_and_verify_wordlist_or_extract_pdf,,https://basic.smartedu.cn/tchMaterial/detail?contentType=assets_document&contentId=1206a3aa-1969-9e64-b354-e6eae4325ed4
8a798994-386e-8659-37a2-7aa4273da7a8,小学,译林版,3,上册,missing,（根据2022年版课程标准修订）义务教育教科书·英语 三年级上册,22354224,453344b9774ea6ec28502bc9fe54a80b-3,obtain_and_verify_wordlist_or_extract_pdf,,https://basic.smartedu.cn/tchMaterial/detail?contentType=assets_document&contentId=8a798994-386e-8659-37a2-7aa4273da7a8
aa2275a3-f969-c5fe-1c2c-d08b92223b67,小学,译林版,3,上册,missing,（根据2022年版课程标准修订）义务教育教科书·英语 三年级上册,39809889,b31cd4394e1905a4d0ad3fb5ac841b8e,obtain_and_verify_wordlist_or_extract_pdf,,https://basic.smartedu.cn/tchMaterial/detail?contentType=assets_document&contentId=aa2275a3-f969-c5fe-1c2c-d08b92223b67
06631d69-0865-4694-baf9-dccf22bff2fd,小学,译林版,5,上册,missing,（根据2022年版课程标准修订）义务教育教科书·英语 五年级上册,160711970,0eea248a7c828531b7db4d696ecf4684,obtain_and_verify_wordlist_or_extract_pdf,,https://basic.smartedu.cn/tchMaterial/detail?contentType=assets_document&contentId=06631d69-0865-4694-baf9-dccf22bff2fd
32d2e60a-be5a-4c1c-92d6-8b99e00f6db3,小学,译林版,6,上册,missing,（根据2022年版课程标准修订）义务教育教科书·英语 六年级上册,30302160,13e7f612378a9264ff8f3a7d0284183d,obtain_and_verify_wordlist_or_extract_pdf,,https://basic.smartedu.cn/tchMaterial/detail?contentType=assets_document&contentId=32d2e60a-be5a-4c1c-92d6-8b99e00f6db3
a9ce6662-f5a5-4561-944a-c3dbcc5a8192,小学,译林版,4,上册,missing,（根据2022年版课程标准修订）义务教育教科书·英语 四年级上册,39558272,621513c249241dd5640650563097301c,obtain_and_verify_wordlist_or_extract_pdf,,https://basic.smartedu.cn/tchMaterial/detail?contentType=assets_document&contentId=a9ce6662-f5a5-4561-944a-c3dbcc5a8192
abc37910-8c35-7192-6a85-f17dbb13abd5,小学,译林版,4,上册,missing,（根据2022年版课程标准修订）义务教育教科书·英语 四年级上册,24222249,738f5dbe2bdede8ad1b946c9f8f2ebe4-3,obtain_and_verify_wordlist_or_extract_pdf,,https://basic.smartedu.cn/tchMaterial/detail?contentType=assets_document&contentId=abc37910-8c35-7192-6a85-f17dbb13abd5
a4fb0c8b-ebd6-4db9-bca0-705fca8126e4,小学,译林版,4,下册,missing,（根据2022年版课程标准修订）义务教育教科书·英语 四年级下册,53055912,7c851aeb5d7d23acae66a8e5addc41f1,obtain_and_verify_wordlist_or_extract_pdf,,https://basic.smartedu.cn/tchMaterial/detail?contentType=assets_document&contentId=a4fb0c8b-ebd6-4db9-bca0-705fca8126e4
d87e8865-615a-4b3b-8d34-179b9fb33013,小学,译林版,3,下册,missing,（根据2022年版课程标准修订）义务教育教科书·英语三年级下册,45914752,b78899ec5f28324252f6291ef777d9b8,obtain_and_verify_wordlist_or_extract_pdf,,https://basic.smartedu.cn/tchMaterial/detail?contentType=assets_document&contentId=d87e8865-615a-4b3b-8d34-179b9fb33013
d48bd666-3fc5-496f-b858-95703c4551f8,小学,辽宁师大版,5,下册,missing,义务教育教科书·英语（三年级起点）五年级下册,112721994,dfbc7c601f7d7e4eb34a71bb1e71013d,obtain_and_verify_wordlist_or_extract_pdf,,https://basic.smartedu.cn/tchMaterial/detail?contentType=assets_document&contentId=d48bd666-3fc5-496f-b858-95703c4551f8
b9abc0ea-674f-4a98-b9b5-eb5aca6e9212,小学,辽宁师大版,6,下册,missing,义务教育教科书·英语（三年级起点）六年级下册,82662040,13208145ae36c584935304f2624298ab,obtain_and_verify_wordlist_or_extract_pdf,,https://basic.smartedu.cn/tchMaterial/detail?contentType=assets_document&contentId=b9abc0ea-674f-4a98-b9b5-eb5aca6e9212
5748808c-2751-f91a-5124-b1182414449f,小学,辽宁师大版,3,下册,missing,（根据2022年版课程标准修订）义务教育教科书·英语 三年级下册,28794715,960d5b2d49ebd0a2d9e614b67f5d46c1,obtain_and_verify_wordlist_or_extract_pdf,,https://basic.smartedu.cn/tchMaterial/detail?contentType=assets_document&contentId=5748808c-2751-f91a-5124-b1182414449f
f38040e1-709b-47a7-8335-074e9dbae8b5,小学,辽宁师大版,4,下册,missing,（根据2022年版课程标准修订）义务教育教科书·英语 四年级下册,56469945,1d95a8af9ea9b6083fee917fe93e13fc,obtain_and_verify_wordlist_or_extract_pdf,,https://basic.smartedu.cn/tchMaterial/detail?contentType=assets_document&contentId=f38040e1-709b-47a7-8335-074e9dbae8b5
0b4281ed-ea46-4e2a-a873-a735bb40fec2,小学,辽宁师大版,3,上册,missing,（根据2022年版课程标准修订）义务教育教科书·英语·三年级上册,36971887,0a0e374f5dfc268109da7b7589b73b8c,obtain_and_verify_wordlist_or_extract_pdf,,https://basic.smartedu.cn/tchMaterial/detail?contentType=assets_document&contentId=0b4281ed-ea46-4e2a-a873-a735bb40fec2
543c961c-45ba-1129-3a01-54418c76f691,小学,辽宁师大版,3,上册,missing,（根据2022年版课程标准修订）义务教育教科书·英语·三年级上册,117837124,e8786c85197de1aa191428b1a70b7d72,obtain_and_verify_wordlist_or_extract_pdf,,https://basic.smartedu.cn/tchMaterial/detail?contentType=assets_document&contentId=543c961c-45ba-1129-3a01-54418c76f691
da02c953-8471-4f98-9b3f-91547b6d8e30,小学,辽宁师大版,4,上册,missing,（根据2022年版课程标准修订）义务教育教科书·英语·四年级上册,16997559,cb99bb16372cb6c35df70b3e0b94f15c,obtain_and_verify_wordlist_or_extract_pdf,,https://basic.smartedu.cn/tchMaterial/detail?contentType=assets_document&contentId=da02c953-8471-4f98-9b3f-91547b6d8e30
1bf2a59b-7b83-4314-b936-8c81d7ff384a,小学,辽宁师大版,3,下册,missing,（根据2022年版课程标准修订）义务教育教科书·英语三年级下册,54933216,cf9c2c91938e081ccfb5e6a54724fd6c,obtain_and_verify_wordlist_or_extract_pdf,,https://basic.smartedu.cn/tchMaterial/detail?contentType=assets_document&contentId=1bf2a59b-7b83-4314-b936-8c81d7ff384a
e7d4c714-9497-494d-be03-8216faa58047,小学,辽宁师大版,5,上册,missing,（根据2022年版课程标准修订）义务教育教科书•英语 五年级上册,69984959,ac9d20176ceddf7ffe87fd9d9d907343,obtain_and_verify_wordlist_or_extract_pdf,,https://basic.smartedu.cn/tchMaterial/detail?contentType=assets_document&contentId=e7d4c714-9497-494d-be03-8216faa58047
8b146681-b0ed-4ae3-a485-f65f8aa46037,小学,辽宁师大版,6,上册,missing,（根据2022年版课程标准修订）义务教育教科书•英语 六年级上册,67654861,20feddaa12ceb6914330e92b6c0e7a7e,obtain_and_verify_wordlist_or_extract_pdf,,https://basic.smartedu.cn/tchMaterial/detail?contentType=assets_document&contentId=8b146681-b0ed-4ae3-a485-f65f8aa46037
d3c56707-99a6-4a39-b7c9-71caac1df6c1,小学,重庆大学版,5,下册,missing,义务教育教科书·英语（三年级起点）五年级下册,90205394,-094f7518e3890ea7d1f43ab876ee6dd2,obtain_and_verify_wordlist_or_extract_pdf,,https://basic.smartedu.cn/tchMaterial/detail?contentType=assets_document&contentId=d3c56707-99a6-4a39-b7c9-71caac1df6c1
7c7234b9-73e0-456d-a2b0-3219c4ede9ab,小学,重庆大学版,6,下册,missing,义务教育教科书·英语（三年级起点）六年级下册,177182374,466aac4ad2b102d19726f9ceded93e04,obtain_and_verify_wordlist_or_extract_pdf,,https://basic.smartedu.cn/tchMaterial/detail?contentType=assets_document&contentId=7c7234b9-73e0-456d-a2b0-3219c4ede9ab
1284d81b-3412-4378-a733-0816ea3847c7,小学,重庆大学版,5,上册,missing,（根据2022年版课程标准修订）义务教育教科书 英语 五年级上册,58799354,07c89eec358c00fcb495dc72b109e3f7,obtain_and_verify_wordlist_or_extract_pdf,,https://basic.smartedu.cn/tchMaterial/detail?contentType=assets_document&contentId=1284d81b-3412-4378-a733-0816ea3847c7
9132e694-e555-4811-be20-f12e8988a408,小学,重庆大学版,6,上册,missing,（根据2022年版课程标准修订）义务教育教科书 英语 六年级上册,48925787,2b96066aecd4262589827a0fd187bae3,obtain_and_verify_wordlist_or_extract_pdf,,https://basic.smartedu.cn/tchMaterial/detail?contentType=assets_document&contentId=9132e694-e555-4811-be20-f12e8988a408
608a082c-7890-42b2-97ac-e9658c483487,小学,重庆大学版,3,下册,missing,（根据2022年版课程标准修订）义务教育教科书·英语三年级下册,75013817,307194ad3776e65dd193ae195e330d8a,obtain_and_verify_wordlist_or_extract_pdf,,https://basic.smartedu.cn/tchMaterial/detail?contentType=assets_document&contentId=608a082c-7890-42b2-97ac-e9658c483487
12830537-3c8b-bc2a-822b-f915c0bfec60,小学,重庆大学版,3,上册,missing,（根据2022年版课程标准修订）义务教育教科书•英语 三年级上册,72666729,5ea1adf247e735690580432ab36cde6f,obtain_and_verify_wordlist_or_extract_pdf,,https://basic.smartedu.cn/tchMaterial/detail?contentType=assets_document&contentId=12830537-3c8b-bc2a-822b-f915c0bfec60
10ef916f-7be0-4a8f-bc8f-8c0e8db7c75c,小学,重庆大学版,4,上册,missing,（根据2022年版课程标准修订）义务教育教科书•英语 四年级上册,57548252,81822650795d519841587ed7a7ae93d9,obtain_and_verify_wordlist_or_extract_pdf,,https://basic.smartedu.cn/tchMaterial/detail?contentType=assets_document&contentId=10ef916f-7be0-4a8f-bc8f-8c0e8db7c75c
ddda2ab9-b524-2dad-5191-9b1ceb1fc6da,小学,重庆大学版,4,上册,missing,（根据2022年版课程标准修订）义务教育教科书•英语 四年级上册,222812873,e4cdf789401067a553da6884e8c55a44-27,obtain_and_verify_wordlist_or_extract_pdf,,https://basic.smartedu.cn/tchMaterial/detail?contentType=assets_document&contentId=ddda2ab9-b524-2dad-5191-9b1ceb1fc6da
2eb33fc0-cdb3-4af5-882e-5be442705602,小学,重庆大学版,4,下册,missing,（根据2022年版课程标准修订）义务教育教科书•英语 四年级下册,64054877,cfb7403505a852ba88ff32d3eea63375,obtain_and_verify_wordlist_or_extract_pdf,,https://basic.smartedu.cn/tchMaterial/detail?contentType=assets_document&contentId=2eb33fc0-cdb3-4af5-882e-5be442705602
48f56576-189c-485a-9f58-75470cd57cd9,小学,闽教版,5,下册,missing,义务教育教科书·英语（三年级起点）五年级下册,48296144,658acf8a1d443c13ec4a45a823166f32,obtain_and_verify_wordlist_or_extract_pdf,,https://basic.smartedu.cn/tchMaterial/detail?contentType=assets_document&contentId=48f56576-189c-485a-9f58-75470cd57cd9
4037fd57-e8f0-4bfc-a873-898ed20f6266,小学,闽教版,6,下册,missing,义务教育教科书·英语（三年级起点）六年级下册,45534518,d97920cb91d61c2563dc28bb80fd5dfd,obtain_and_verify_wordlist_or_extract_pdf,,https://basic.smartedu.cn/tchMaterial/detail?contentType=assets_document&contentId=4037fd57-e8f0-4bfc-a873-898ed20f6266
3f67a011-6bf5-3223-7e69-da8080d4acd1,小学,闽教版,3,上册,missing,（根据2022年版课程标准修订）义务教育教科书 英语 三年级上册,27396480,ffece64d280951a147f720a6a407252d,obtain_and_verify_wordlist_or_extract_pdf,,https://basic.smartedu.cn/tchMaterial/detail?contentType=assets_document&contentId=3f67a011-6bf5-3223-7e69-da8080d4acd1
f27b9831-dcc0-49ed-be3b-622f67c63054,小学,闽教版,5,上册,missing,（根据2022年版课程标准修订）义务教育教科书 英语 五年级上册,23771479,e4f93e9090ba538e459dc4eddeacba04,obtain_and_verify_wordlist_or_extract_pdf,,https://basic.smartedu.cn/tchMaterial/detail?contentType=assets_document&contentId=f27b9831-dcc0-49ed-be3b-622f67c63054
5c3e8e27-7815-4b0b-afba-03f3560d3c19,小学,闽教版,6,上册,missing,（根据2022年版课程标准修订）义务教育教科书 英语 六年级上册,33315217,840c1084b57813fbd414b27098ce9785,obtain_and_verify_wordlist_or_extract_pdf,,https://basic.smartedu.cn/tchMaterial/detail?contentType=assets_document&contentId=5c3e8e27-7815-4b0b-afba-03f3560d3c19
6f504e72-3849-bd36-3e21-c9c853e3b977,小学,闽教版,4,上册,missing,（根据2022年版课程标准修订）义务教育教科书 英语 四年级上册,31410888,3cc6f24439a04329db8c6bdfab33eb5b,obtain_and_verify_wordlist_or_extract_pdf,,https://basic.smartedu.cn/tchMaterial/detail?contentType=assets_document&contentId=6f504e72-3849-bd36-3e21-c9c853e3b977
e0574c1e-8df4-bc8e-7f77-ed160b407ad5,小学,闽教版,3,下册,missing,（根据2022年版课程标准修订）义务教育教科书·英语 三年级 下册,66705876,626a622e4131b89fe3d17bd0571c4386,obtain_and_verify_wordlist_or_extract_pdf,,https://basic.smartedu.cn/tchMaterial/detail?contentType=assets_document&contentId=e0574c1e-8df4-bc8e-7f77-ed160b407ad5
734487e6-3959-45c3-b03d-65dd80ec2292,小学,闽教版,3,下册,missing,（根据2022年版课程标准修订）义务教育教科书·英语三年级下册,32722325,d659d81c8de5c17427d6a638c07d13fd,obtain_and_verify_wordlist_or_extract_pdf,,https://basic.smartedu.cn/tchMaterial/detail?contentType=assets_document&contentId=734487e6-3959-45c3-b03d-65dd80ec2292
acad2294-344a-d958-f7f4-e22917df04fa,小学,闽教版,3,上册,missing,（根据2022年版课程标准修订）义务教育教科书•英语  三年级上册,26179839,ab922f8f3fe7719e8a789d16482f8d4d,obtain_and_verify_wordlist_or_extract_pdf,,https://basic.smartedu.cn/tchMaterial/detail?contentType=assets_document&contentId=acad2294-344a-d958-f7f4-e22917df04fa
98898ff4-2395-cffd-1e18-65bd94cfeb08,小学,闽教版,3,上册,missing,（根据2022年版课程标准修订）义务教育教科书•英语 三年级上册,27257386,cafdf473437fb3f5fae40a650f3f2d72,obtain_and_verify_wordlist_or_extract_pdf,,https://basic.smartedu.cn/tchMaterial/detail?contentType=assets_document&contentId=98898ff4-2395-cffd-1e18-65bd94cfeb08
03f15d9f-6ad1-4c83-a523-de5584b9ee77,小学,闽教版,4,上册,missing,（根据2022年版课程标准修订）义务教育教科书•英语 四年级上册,32290873,544319ac1b6c0835ccac30efede3bd04,obtain_and_verify_wordlist_or_extract_pdf,,https://basic.smartedu.cn/tchMaterial/detail?contentType=assets_document&contentId=03f15d9f-6ad1-4c83-a523-de5584b9ee77
83e1a7f0-a0bf-4663-9cb0-ca5de49a2409,小学,闽教版,4,下册,missing,（根据2022年版课程标准修订）义务教育教科书•英语 四年级下册,56029928,adc6022c7a4f591f7562c6901a1a4f84,obtain_and_verify_wordlist_or_extract_pdf,,https://basic.smartedu.cn/tchMaterial/detail?contentType=assets_document&contentId=83e1a7f0-a0bf-4663-9cb0-ca5de49a2409
0d42a7db-b850-4c0d-b505-f26579d2aab3,小学,陕旅版,5,下册,missing,义务教育教科书·英语（三年级起点） 五年级 下册,83846760,a60fc98922aac86fc29df3db5f3f300b,obtain_and_verify_wordlist_or_extract_pdf,,https://basic.smartedu.cn/tchMaterial/detail?contentType=assets_document&contentId=0d42a7db-b850-4c0d-b505-f26579d2aab3
4d2c8c36-d8c4-45dd-8703-fe32dcba0b5d,小学,陕旅版,6,下册,missing,义务教育教科书·英语（三年级起点）六年级下册,46276223,7022fc03ef1515fdb47f82bf4f5df5b7,obtain_and_verify_wordlist_or_extract_pdf,,https://basic.smartedu.cn/tchMaterial/detail?contentType=assets_document&contentId=4d2c8c36-d8c4-45dd-8703-fe32dcba0b5d
d1091104-6dfa-7b34-1aab-3022c371c772,小学,陕旅版,5,上册,missing,（根据2022年版课程标准修订）义务教育教科书 英语 五年级上册,40286837,8b7be3bf960cecc77bd9f1fee23c15d1,obtain_and_verify_wordlist_or_extract_pdf,,https://basic.smartedu.cn/tchMaterial/detail?contentType=assets_document&contentId=d1091104-6dfa-7b34-1aab-3022c371c772
ee8d5ed9-f613-9928-42f3-e282497fc32b,小学,陕旅版,6,上册,missing,（根据2022年版课程标准修订）义务教育教科书 英语 六年级上册,37520869,5a9ad1b0b2b96f26aea79fbe1a139a30,obtain_and_verify_wordlist_or_extract_pdf,,https://basic.smartedu.cn/tchMaterial/detail?contentType=assets_document&contentId=ee8d5ed9-f613-9928-42f3-e282497fc32b
e649624b-1c81-43b9-be1b-afc6a174f62e,小学,陕旅版,3,下册,missing,（根据2022年版课程标准修订）义务教育教科书·英语 三年级 下册,49910544,aa8ef7ed24fd361c9732e7e15c0b210f,obtain_and_verify_wordlist_or_extract_pdf,,https://basic.smartedu.cn/tchMaterial/detail?contentType=assets_document&contentId=e649624b-1c81-43b9-be1b-afc6a174f62e
7dc03dd6-4d18-c612-b368-8c909c7157ab,小学,陕旅版,3,上册,missing,（根据2022年版课程标准修订）义务教育教科书·英语 三年级上册,51498116,5543284e10633fa24ac9d214edfed042-7,obtain_and_verify_wordlist_or_extract_pdf,,https://basic.smartedu.cn/tchMaterial/detail?contentType=assets_document&contentId=7dc03dd6-4d18-c612-b368-8c909c7157ab
8fdad58d-3e74-2b36-522b-18a5113c0bd8,小学,陕旅版,3,上册,missing,（根据2022年版课程标准修订）义务教育教科书·英语 三年级上册,32940294,56a7e4ad6aae4845629143c826f10fcc,obtain_and_verify_wordlist_or_extract_pdf,,https://basic.smartedu.cn/tchMaterial/detail?contentType=assets_document&contentId=8fdad58d-3e74-2b36-522b-18a5113c0bd8
c4f9bf45-892e-6352-4e4e-ff53433de436,小学,陕旅版,3,上册,missing,（根据2022年版课程标准修订）义务教育教科书·英语 三年级上册,105190155,c419fd7834d5bf1a4bb78d5e093c18f7,obtain_and_verify_wordlist_or_extract_pdf,,https://basic.smartedu.cn/tchMaterial/detail?contentType=assets_document&contentId=c4f9bf45-892e-6352-4e4e-ff53433de436
38539973-7b1e-7a22-9b18-4e08efbc5169,小学,陕旅版,4,上册,missing,（根据2022年版课程标准修订）义务教育教科书·英语 四年级上册,44307362,459de377a308462651d1e8679d78fd93-6,obtain_and_verify_wordlist_or_extract_pdf,,https://basic.smartedu.cn/tchMaterial/detail?contentType=assets_document&contentId=38539973-7b1e-7a22-9b18-4e08efbc5169
3ae6c62c-da37-4a15-81aa-21904714122a,小学,陕旅版,4,上册,missing,（根据2022年版课程标准修订）义务教育教科书·英语 四年级上册,43825977,e4c32211dbe7e0248122de43720d9f66,obtain_and_verify_wordlist_or_extract_pdf,,https://basic.smartedu.cn/tchMaterial/detail?contentType=assets_document&contentId=3ae6c62c-da37-4a15-81aa-21904714122a
f5f90d3b-da59-4895-aac0-a50d2b0b2315,小学,陕旅版,4,下册,missing,（根据2022年版课程标准修订）义务教育教科书·英语 四年级下册,50901439,3b5e4c46c88ebea67e3dafca96826444,obtain_and_verify_wordlist_or_extract_pdf,,https://basic.smartedu.cn/tchMaterial/detail?contentType=assets_document&contentId=f5f90d3b-da59-4895-aac0-a50d2b0b2315
be8c0003-c9a7-474a-ac1c-f9b41abae273,小学,陕旅版,3,下册,missing,（根据2022年版课程标准修订）义务教育教科书·英语三年级下册,15998830,0988a1ca4a964c0fd827a6f9d44c788e,obtain_and_verify_wordlist_or_extract_pdf,,https://basic.smartedu.cn/tchMaterial/detail?contentType=assets_document&contentId=be8c0003-c9a7-474a-ac1c-f9b41abae273
005bbac7-615e-4f2e-84ad-19a0923e1b57,小学,陕旅版,5,上册,missing,（根据2022年版课程标准修订）义务教育教科书·英语五年级上册,80086697,545e4e5a8c6a25afc16f2266d054fff6,obtain_and_verify_wordlist_or_extract_pdf,,https://basic.smartedu.cn/tchMaterial/detail?contentType=assets_document&contentId=005bbac7-615e-4f2e-84ad-19a0923e1b57
ef5a2b52-c4cf-453f-980d-00244fe6a485,小学,陕旅版,6,上册,missing,（根据2022年版课程标准修订）义务教育教科书·英语六年级上册,77239242,bf92c4aca6d0de47dd99e45ad5a8e3c2,obtain_and_verify_wordlist_or_extract_pdf,,https://basic.smartedu.cn/tchMaterial/detail?contentType=assets_document&contentId=ef5a2b52-c4cf-453f-980d-00244fe6a485
807a65b0-ab90-4cf2-ad87-178c9a4486d6,小学,鲁教湘教版,5,下册,missing,义务教育教科书·英语（三年级起点）五年级下册,126664658,df30efc9727a842fb70b925a2fdf18d1,obtain_and_verify_wordlist_or_extract_pdf,,https://basic.smartedu.cn/tchMaterial/detail?contentType=assets_document&contentId=807a65b0-ab90-4cf2-ad87-178c9a4486d6
81b0b85e-c4bc-4b17-9c97-07c257d5805f,小学,鲁教湘教版,6,下册,missing,义务教育教科书·英语（三年级起点）六年级下册,171081756,148e9e54d0e8bf8313d667f970d59be1,obtain_and_verify_wordlist_or_extract_pdf,,https://basic.smartedu.cn/tchMaterial/detail?contentType=assets_document&contentId=81b0b85e-c4bc-4b17-9c97-07c257d5805f
2f82125b-9f17-8415-4576-89799231e916,小学,鲁教湘教版,3,上册,missing,（根据2022年版课程标准修订）义务教育教科书 英语 三年级上册,193543075,592fd328fde0a7844595c5ecc26435a0-4,obtain_and_verify_wordlist_or_extract_pdf,,https://basic.smartedu.cn/tchMaterial/detail?contentType=assets_document&contentId=2f82125b-9f17-8415-4576-89799231e916
d4c8600e-ab51-42e4-9a43-c4608dbac129,小学,鲁教湘教版,5,上册,missing,（根据2022年版课程标准修订）义务教育教科书 英语 五年级上册,405567070,3a1b6e456e56fa28401efc27a0cd67cd,obtain_and_verify_wordlist_or_extract_pdf,,https://basic.smartedu.cn/tchMaterial/detail?contentType=assets_document&contentId=d4c8600e-ab51-42e4-9a43-c4608dbac129
43947b19-7889-408e-8c36-f8b0bbe68a87,小学,鲁教湘教版,6,上册,missing,（根据2022年版课程标准修订）义务教育教科书 英语 六年级上册,247420042,201568a1e0722efa95132066400dcb0b,obtain_and_verify_wordlist_or_extract_pdf,,https://basic.smartedu.cn/tchMaterial/detail?contentType=assets_document&contentId=43947b19-7889-408e-8c36-f8b0bbe68a87
6f1f7dbe-ded5-a752-9575-33c6b0a47372,小学,鲁教湘教版,3,上册,missing,（根据2022年版课程标准修订）义务教育教科书·英语 三年级上册,124082516,bbcf5f9fcfb3fae262642a4df83b14a9,obtain_and_verify_wordlist_or_extract_pdf,,https://basic.smartedu.cn/tchMaterial/detail?contentType=assets_document&contentId=6f1f7dbe-ded5-a752-9575-33c6b0a47372
0a19a0f4-9efb-ee29-0008-e59fc3fad214,小学,鲁教湘教版,4,上册,missing,（根据2022年版课程标准修订）义务教育教科书·英语 四年级上册,309906911,578eb0824d16cecfb8a94f04b41cefa5,obtain_and_verify_wordlist_or_extract_pdf,,https://basic.smartedu.cn/tchMaterial/detail?contentType=assets_document&contentId=0a19a0f4-9efb-ee29-0008-e59fc3fad214
2b6fb0e1-1a8a-4564-affd-e1320a5854f0,小学,鲁教湘教版,4,上册,missing,（根据2022年版课程标准修订）义务教育教科书·英语 四年级上册,335869761,9cad835d77390a62036ff3f235f76361-7,obtain_and_verify_wordlist_or_extract_pdf,,https://basic.smartedu.cn/tchMaterial/detail?contentType=assets_document&contentId=2b6fb0e1-1a8a-4564-affd-e1320a5854f0
43f6e4e8-6d4f-47c1-a656-791845c91814,小学,鲁教湘教版,4,下册,missing,（根据2022年版课程标准修订）义务教育教科书·英语 四年级下册,267673526,0e37a7d815a112fb31ab3f9f6e321b58,obtain_and_verify_wordlist_or_extract_pdf,,https://basic.smartedu.cn/tchMaterial/detail?contentType=assets_document&contentId=43f6e4e8-6d4f-47c1-a656-791845c91814
9b0609aa-2ecc-4de4-9cf7-c7f6f8fdd5dc,小学,鲁教湘教版,3,下册,missing,（根据2022年版课程标准修订）义务教育教科书·英语三年级下册,250576870,f5c4818cc6072841363c738099b9fa92,obtain_and_verify_wordlist_or_extract_pdf,,https://basic.smartedu.cn/tchMaterial/detail?contentType=assets_document&contentId=9b0609aa-2ecc-4de4-9cf7-c7f6f8fdd5dc
319f0cb8-03af-70e7-7c8e-5a2241688ade,小学（五•四学制）,沪教版,3,上册,missing,（根据2022年版课程标准修订）义务教育教科书（五•四学制）·英语三年级上册,67991190,e7cb39c33b32a0ea2d5c437f9063a234-9,obtain_and_verify_wordlist_or_extract_pdf,,https://basic.smartedu.cn/tchMaterial/detail?contentType=assets_document&contentId=319f0cb8-03af-70e7-7c8e-5a2241688ade
48dadfac-0bda-3a13-38a3-f3d072aff528,小学（五•四学制）,沪教版,5,上册,missing,（根据2022年版课程标准修订）义务教育教科书（五•四学制）·英语五年级上册,66834046,cb661a41fecbdbfcc51af967f4ae8d7a-8,obtain_and_verify_wordlist_or_extract_pdf,,https://basic.smartedu.cn/tchMaterial/detail?contentType=assets_document&contentId=48dadfac-0bda-3a13-38a3-f3d072aff528
3bac9453-ecbd-9133-f0a3-92cb2c6530c5,小学（五•四学制）,沪教版,4,上册,missing,（根据2022年版课程标准修订）义务教育教科书（五•四学制）·英语四年级上册,65626869,a6222c74d9052fc86bf49efaeaeea354-8,obtain_and_verify_wordlist_or_extract_pdf,,https://basic.smartedu.cn/tchMaterial/detail?contentType=assets_document&contentId=3bac9453-ecbd-9133-f0a3-92cb2c6530c5
1391ae53-2733-4d84-b178-a3b8def79ffd,小学（五•四学制）,鲁科版,5,下册,missing,义务教育教科书（五•四学制）·英语五年级下册,69875592,33eab755c9d414789c54ef5a12fc97b4,obtain_and_verify_wordlist_or_extract_pdf,,https://basic.smartedu.cn/tchMaterial/detail?contentType=assets_document&contentId=1391ae53-2733-4d84-b178-a3b8def79ffd
da5a91cd-0a1d-8879-88d6-1ec8f7a104ad,小学（五•四学制）,鲁科版,3,上册,missing,（根据2022年版课程标准修订）义务教育教科书 英语 三年级上册,97204932,a2bad9ee2e7e8e91b94497166f218410,obtain_and_verify_wordlist_or_extract_pdf,,https://basic.smartedu.cn/tchMaterial/detail?contentType=assets_document&contentId=da5a91cd-0a1d-8879-88d6-1ec8f7a104ad
7d5fdeb6-e29e-4965-899c-cade3144ae9c,小学（五•四学制）,鲁科版,5,上册,missing,（根据2022年版课程标准修订）义务教育教科书 英语 五年级上册,86464095,0e1d4b177dff5ab380d0084ca9c34a4e,obtain_and_verify_wordlist_or_extract_pdf,,https://basic.smartedu.cn/tchMaterial/detail?contentType=assets_document&contentId=7d5fdeb6-e29e-4965-899c-cade3144ae9c
116b487a-a51f-4816-b543-c017fd52683c,小学（五•四学制）,鲁科版,4,上册,missing,（根据2022年版课程标准修订）义务教育教科书 英语 四年级上册,91297824,4444ac06f3d75b7717e2b52d8b39cd2d,obtain_and_verify_wordlist_or_extract_pdf,,https://basic.smartedu.cn/tchMaterial/detail?contentType=assets_document&contentId=116b487a-a51f-4816-b543-c017fd52683c
5a309d2f-bd77-40ea-2407-86d2cb46c1c7,小学（五•四学制）,鲁科版,3,上册,missing,（根据2022年版课程标准修订）义务教育教科书（五·四学制）·英语 三年级上册,108241734,0c7af36bbc62d4b1f456bdc6833cb53e-3,obtain_and_verify_wordlist_or_extract_pdf,,https://basic.smartedu.cn/tchMaterial/detail?contentType=assets_document&contentId=5a309d2f-bd77-40ea-2407-86d2cb46c1c7
7911ca10-c4ba-e4b2-10fe-351af9f13222,小学（五•四学制）,鲁科版,3,上册,missing,（根据2022年版课程标准修订）义务教育教科书（五·四学制）·英语 三年级上册,102102611,0cdb30df893430ccfbd780c866e50700,obtain_and_verify_wordlist_or_extract_pdf,,https://basic.smartedu.cn/tchMaterial/detail?contentType=assets_document&contentId=7911ca10-c4ba-e4b2-10fe-351af9f13222
8b7b834d-6a81-f67e-ce56-446b708b13dc,小学（五•四学制）,鲁科版,3,下册,missing,（根据2022年版课程标准修订）义务教育教科书（五•四学制）·英语 三年级 下册,90670471,62055418ccc0d1f3bebc5571b383c327,obtain_and_verify_wordlist_or_extract_pdf,,https://basic.smartedu.cn/tchMaterial/detail?contentType=assets_document&contentId=8b7b834d-6a81-f67e-ce56-446b708b13dc
ddd8b05c-38ec-4fdb-8759-62c3a0f7b457,小学（五•四学制）,鲁科版,3,下册,missing,（根据2022年版课程标准修订）义务教育教科书（五•四学制）·英语三年级下册,103639984,e50109057893001d4bee7b2752d95e01,obtain_and_verify_wordlist_or_extract_pdf,,https://basic.smartedu.cn/tchMaterial/detail?contentType=assets_document&contentId=ddd8b05c-38ec-4fdb-8759-62c3a0f7b457
47e3b1ab-f8f2-4ee1-9067-fc480c55b7bc,小学（五•四学制）,鲁科版,4,上册,missing,（根据2022年版课程标准修订）义务教育教科书（五•四学制）·英语四年级上册,99025991,753c1cd83b70ba2ca390127d9b2d9746,obtain_and_verify_wordlist_or_extract_pdf,,https://basic.smartedu.cn/tchMaterial/detail?contentType=assets_document&contentId=47e3b1ab-f8f2-4ee1-9067-fc480c55b7bc
65ab4fe2-acb4-4001-b510-4e5e15022987,小学（五•四学制）,鲁科版,4,下册,missing,（根据2022年版课程标准修订）义务教育教科书（五•四学制）·英语四年级下册,96649716,599c92cc0070a5a9c7bb3d76d324aed7,obtain_and_verify_wordlist_or_extract_pdf,,https://basic.smartedu.cn/tchMaterial/detail?contentType=assets_document&contentId=65ab4fe2-acb4-4001-b510-4e5e15022987
