id,title,stage,edition,grade,volume,revised_2022,updated_at,page_url,pdf_bytes,coverage,candidate_lists,reason
a795a3b3-7150-e3ff-5eb8-d76684e53e3a,（根据2022年版课程标准修订）义务教育教科书 英语 七年级 上册,初中,人教版,7,上册,1,2026-01-22T02:04:10.813+0800,https://basic.smartedu.cn/tchMaterial/detail?contentType=assets_document&contentId=a795a3b3-7150-e3ff-5eb8-d76684e53e3a,11928952,candidate_unverified,"[""PEPChuZhong7_1""]",2022-curriculum revision; legacy list cannot establish coverage.
68d46462-868d-ccd5-9ea0-c385214b76e6,（根据2022年版课程标准修订）义务教育教科书 英语 七年级 上册,初中,人教版,7,上册,1,2026-01-22T01:57:42.572+0800,https://basic.smartedu.cn/tchMaterial/detail?contentType=assets_document&contentId=68d46462-868d-ccd5-9ea0-c385214b76e6,14180637,candidate_unverified,"[""PEPChuZhong7_1""]",2022-curriculum revision; legacy list cannot establish coverage.
33f98190-ed21-f303-9657-d29d792f27a9,（根据2022年版课程标准修订）义务教育教科书•英语 七年级上册,初中,人教版,7,上册,1,2026-08-19T15:52:48.463+0800,https://basic.smartedu.cn/tchMaterial/detail?contentType=assets_document&contentId=33f98190-ed21-f303-9657-d29d792f27a9,17947229,candidate_unverified,"[""PEPChuZhong7_1""]",2022-curriculum revision; legacy list cannot establish coverage.
f7a7eb5e-12dc-4c96-a4b8-219ca3bcee19,（根据2022年版课程标准修订）义务教育教科书·英语七年级下册,初中,人教版,7,下册,1,2026-01-22T02:05:09.086+0800,https://basic.smartedu.cn/tchMaterial/detail?contentType=assets_document&contentId=f7a7eb5e-12dc-4c96-a4b8-219ca3bcee19,10027213,candidate_unverified,"[""PEPChuZhong7_2""]",2022-curriculum revision; legacy list cannot establish coverage.
5f12c902-f141-4ae2-9dcb-e2c504a7783b,（根据2022年版课程标准修订）义务教育教科书·英语 七年级 下册,初中,人教版,7,下册,1,2026-03-02T16:41:25.529+0800,https://basic.smartedu.cn/tchMaterial/detail?contentType=assets_document&contentId=5f12c902-f141-4ae2-9dcb-e2c504a7783b,18789465,candidate_unverified,"[""PEPChuZhong7_2""]",2022-curriculum revision; legacy list cannot establish coverage.
453025ca-58bd-442e-8543-5ef5222d50c6,（根据2022年版课程标准修订）义务教育教科书·英语八年级上册,初中,人教版,8,上册,1,2026-01-22T01:57:42.541+0800,https://basic.smartedu.cn/tchMaterial/detail?contentType=assets_document&contentId=453025ca-58bd-442e-8543-5ef5222d50c6,22550362,candidate_unverified,"[""PEPChuZhong8_1""]",2022-curriculum revision; legacy list cannot establish coverage.
5700edda-c4c1-11ea-29c4-8fe2c1ca7beb,（根据2022年版课程标准修订）义务教育教科书•英语 八年级上册,初中,人教版,8,上册,1,2026-08-19T15:51:17.455+0800,https://basic.smartedu.cn/tchMaterial/detail?contentType=assets_document&contentId=5700edda-c4c1-11ea-29c4-8fe2c1ca7beb,27090165,candidate_unverified,"[""PEPChuZhong8_1""]",2022-curriculum revision; legacy list cannot establish coverage.
467816b8-e76c-43fc-afc7-91638f97dba8,（根据2022年版课程标准修订）义务教育教科书·英语八年级下册,初中,人教版,8,下册,1,2026-03-02T18:25:15.248+0800,https://basic.smartedu.cn/tchMaterial/detail?contentType=assets_document&contentId=467816b8-e76c-43fc-afc7-91638f97dba8,18531088,candidate_unverified,"[""PEPChuZhong8_2""]",2022-curriculum revision; legacy list cannot establish coverage.
7055a895-2dbd-8b3d-4988-6c357fe5dae1,（根据2022年版课程标准修订）义务教育教科书•英语 九年级上册,初中,人教版,9,上册,1,2026-08-19T15:52:47.432+0800,https://basic.smartedu.cn/tchMaterial/detail?contentType=assets_document&contentId=7055a895-2dbd-8b3d-4988-6c357fe5dae1,22859697,missing,[],No matching wordlist in the imported source snapshot.
9a302b3a-92a7-2713-ecb0-78438c05bf28,（根据2022年版课程标准修订）义务教育教科书·英语 七年级上册,初中,冀教版,7,上册,1,2026-01-22T02:04:27.330+0800,https://basic.smartedu.cn/tchMaterial/detail?contentType=assets_document&contentId=9a302b3a-92a7-2713-ecb0-78438c05bf28,267891194,missing,[],No matching wordlist in the imported source snapshot.
6bc0797f-f38f-d43f-3849-cfca0acb0f11,（根据2022年版课程标准修订）义务教育教科书·英语 七年级上册,初中,冀教版,7,上册,1,2026-01-22T02:04:24.073+0800,https://basic.smartedu.cn/tchMaterial/detail?contentType=assets_document&contentId=6bc0797f-f38f-d43f-3849-cfca0acb0f11,54688743,missing,[],No matching wordlist in the imported source snapshot.
f0c5df3c-b649-4309-8ce5-455914d9f15c,（根据2022年版课程标准修订）义务教育教科书·英语七年级下册,初中,冀教版,7,下册,1,2026-01-22T02:04:25.765+0800,https://basic.smartedu.cn/tchMaterial/detail?contentType=assets_document&contentId=f0c5df3c-b649-4309-8ce5-455914d9f15c,57314585,missing,[],No matching wordlist in the imported source snapshot.
f8344d21-4e85-4a71-5f02-b4ecae943972,（根据2022年版课程标准修订）义务教育教科书·英语七年级下册,初中,冀教版,7,下册,1,2026-02-26T23:02:01.110+0800,https://basic.smartedu.cn/tchMaterial/detail?contentType=assets_document&contentId=f8344d21-4e85-4a71-5f02-b4ecae943972,56788032,missing,[],No matching wordlist in the imported source snapshot.
c720a469-fbb6-4e94-b59f-e5cfb133f296,（根据2022年版课程标准修订）义务教育教科书·英语 八年级上册,初中,冀教版,8,上册,1,2026-01-22T01:57:42.550+0800,https://basic.smartedu.cn/tchMaterial/detail?contentType=assets_document&contentId=c720a469-fbb6-4e94-b59f-e5cfb133f296,49007041,missing,[],No matching wordlist in the imported source snapshot.
448cb9d0-38c8-c2a5-e7f9-13015370b307,（根据2022年版课程标准修订）义务教育教科书·英语 八年级上册,初中,冀教版,8,上册,1,2026-08-26T10:28:30.476+0800,https://basic.smartedu.cn/tchMaterial/detail?contentType=assets_document&contentId=448cb9d0-38c8-c2a5-e7f9-13015370b307,35816278,missing,[],No matching wordlist in the imported source snapshot.
bfb70cd2-c00a-4bad-a7c9-79683b7f7404,（根据2022年版课程标准修订）义务教育教科书·英语八年级下册,初中,冀教版,8,下册,1,2026-03-02T18:25:31.912+0800,https://basic.smartedu.cn/tchMaterial/detail?contentType=assets_document&contentId=bfb70cd2-c00a-4bad-a7c9-79683b7f7404,78713781,missing,[],No matching wordlist in the imported source snapshot.
1b40f564-90cc-47d8-d7fd-9ce4362cc82d,（根据2022年版课程标准修订）义务教育教科书 英语 九年级上册,初中,冀教版,9,上册,1,2026-08-11T22:31:10.488+0800,https://basic.smartedu.cn/tchMaterial/detail?contentType=assets_document&contentId=1b40f564-90cc-47d8-d7fd-9ce4362cc82d,57310138,missing,[],No matching wordlist in the imported source snapshot.
1bb3e2fe-45a1-2999-e8b4-9fc63d0929bb,（根据2022年版课程标准修订）义务教育教科书 英语 七年级上册,初中,北师大版,7,上册,1,2026-01-22T02:04:25.650+0800,https://basic.smartedu.cn/tchMaterial/detail?contentType=assets_document&contentId=1bb3e2fe-45a1-2999-e8b4-9fc63d0929bb,60729089,missing,[],No matching wordlist in the imported source snapshot.
331959b8-d722-eac6-5466-4bac34806136,（根据2022年版课程标准修订）义务教育教科书 英语 七年级上册,初中,北师大版,7,上册,1,2026-01-22T01:57:40.267+0800,https://basic.smartedu.cn/tchMaterial/detail?contentType=assets_document&contentId=331959b8-d722-eac6-5466-4bac34806136,60796211,missing,[],No matching wordlist in the imported source snapshot.
0b5bb159-2176-678c-4723-19799c829011,（根据2022年版课程标准修订）义务教育教科书 英语 七年级上册,初中,北师大版,7,上册,1,2026-08-13T16:17:25.286+0800,https://basic.smartedu.cn/tchMaterial/detail?contentType=assets_document&contentId=0b5bb159-2176-678c-4723-19799c829011,19977692,missing,[],No matching wordlist in the imported source snapshot.
7901c4be-a21e-49b4-afe8-793e29be5fad,（根据2022年版课程标准修订）义务教育教科书·英语七年级下册,初中,北师大版,7,下册,1,2026-01-22T02:04:25.723+0800,https://basic.smartedu.cn/tchMaterial/detail?contentType=assets_document&contentId=7901c4be-a21e-49b4-afe8-793e29be5fad,76946669,missing,[],No matching wordlist in the imported source snapshot.
33469df9-57bf-d078-af19-1de3dbfabfe0,（根据2022年版课程标准修订）义务教育教科书·英语 七年级 下册,初中,北师大版,7,下册,1,2026-03-02T16:42:38.051+0800,https://basic.smartedu.cn/tchMaterial/detail?contentType=assets_document&contentId=33469df9-57bf-d078-af19-1de3dbfabfe0,76946669,missing,[],No matching wordlist in the imported source snapshot.
9620efee-9ef4-4601-9ff4-c677e64d7a44,（根据2022年版课程标准修订）义务教育教科书 英语 八年级上册,初中,北师大版,8,上册,1,2026-01-22T01:57:42.547+0800,https://basic.smartedu.cn/tchMaterial/detail?contentType=assets_document&contentId=9620efee-9ef4-4601-9ff4-c677e64d7a44,124573644,missing,[],No matching wordlist in the imported source snapshot.
f5985d26-222c-933d-50b2-0109cdc4e339,（根据2022年版课程标准修订）义务教育教科书 英语 八年级上册,初中,北师大版,8,上册,1,2026-08-13T16:10:54.320+0800,https://basic.smartedu.cn/tchMaterial/detail?contentType=assets_document&contentId=f5985d26-222c-933d-50b2-0109cdc4e339,22297257,missing,[],No matching wordlist in the imported source snapshot.
98165b99-7f4d-4534-a016-00f82526fc4d,（根据2022年版课程标准修订）义务教育教科书·英语八年级下册,初中,北师大版,8,下册,1,2026-03-02T18:28:08.631+0800,https://basic.smartedu.cn/tchMaterial/detail?contentType=assets_document&contentId=98165b99-7f4d-4534-a016-00f82526fc4d,76013563,missing,[],No matching wordlist in the imported source snapshot.
4fda3b14-5955-0c46-3bc7-1990ba4d0fc3,（根据2022年版课程标准修订）义务教育教科书 英语 九年级上册,初中,北师大版,9,上册,1,2026-08-13T19:19:55.650+0800,https://basic.smartedu.cn/tchMaterial/detail?contentType=assets_document&contentId=4fda3b14-5955-0c46-3bc7-1990ba4d0fc3,23232145,missing,[],No matching wordlist in the imported source snapshot.
e184b1ad-1d69-5695-601a-1b3b8ab6e885,（根据2022年版课程标准修订）义务教育教科书·英语 七年级上册,初中,外研社版（主编：孙有中）,7,上册,1,2026-01-22T02:04:27.397+0800,https://basic.smartedu.cn/tchMaterial/detail?contentType=assets_document&contentId=e184b1ad-1d69-5695-601a-1b3b8ab6e885,130081727,candidate_unverified,"[""WaiYanSheChuZhong_1""]",2022-curriculum revision; legacy list cannot establish coverage.
b7ca9536-ccd7-a4db-56b3-971645c54515,（根据2022年版课程标准修订）义务教育教科书·英语 七年级上册,初中,外研社版（主编：孙有中）,7,上册,1,2026-01-22T01:57:42.675+0800,https://basic.smartedu.cn/tchMaterial/detail?contentType=assets_document&contentId=b7ca9536-ccd7-a4db-56b3-971645c54515,123040213,candidate_unverified,"[""WaiYanSheChuZhong_1""]",2022-curriculum revision; legacy list cannot establish coverage.
adb3ff3e-323b-5895-30b3-b4aab73ebffd,（根据2022年版课程标准修订）义务教育教科书 英语 七年级上册,初中,外研社版（主编：孙有中）,7,上册,1,2026-08-11T15:50:09.680+0800,https://basic.smartedu.cn/tchMaterial/detail?contentType=assets_document&contentId=adb3ff3e-323b-5895-30b3-b4aab73ebffd,147167833,candidate_unverified,"[""WaiYanSheChuZhong_1""]",2022-curriculum revision; legacy list cannot establish coverage.
d199388d-afe7-4ff2-912d-cea6ac4b9b1b,（根据2022年版课程标准修订）义务教育教科书·英语七年级下册,初中,外研社版（主编：孙有中）,7,下册,1,2026-01-22T02:04:25.718+0800,https://basic.smartedu.cn/tchMaterial/detail?contentType=assets_document&contentId=d199388d-afe7-4ff2-912d-cea6ac4b9b1b,169573369,candidate_unverified,"[""WaiYanSheChuZhong_2""]",2022-curriculum revision; legacy list cannot establish coverage.
80a9d47b-a6c9-36c5-cd53-ba5ac343f971,（根据2022年版课程标准修订）义务教育教科书·英语 七年级 下册,初中,外研社版（主编：孙有中）,7,下册,1,2026-03-02T16:44:17.311+0800,https://basic.smartedu.cn/tchMaterial/detail?contentType=assets_document&contentId=80a9d47b-a6c9-36c5-cd53-ba5ac343f971,196726658,candidate_unverified,"[""WaiYanSheChuZhong_2""]",2022-curriculum revision; legacy list cannot establish coverage.
23ad107e-37cc-5751-f3c0-e5d234106b2d,（根据2022年版课程标准修订）义务教育教科书·英语 八年级上册,初中,外研社版（主编：孙有中）,8,上册,1,2026-01-22T01:57:42.571+0800,https://basic.smartedu.cn/tchMaterial/detail?contentType=assets_document&contentId=23ad107e-37cc-5751-f3c0-e5d234106b2d,122264373,candidate_unverified,"[""WaiYanSheChuZhong_3""]",2022-curriculum revision; legacy list cannot establish coverage.
4631365b-5647-850e-5956-ca29c27a1d16,（根据2022年版课程标准修订）义务教育教科书 英语 八年级上册,初中,外研社版（主编：孙有中）,8,上册,1,2026-08-11T15:51:35.546+0800,https://basic.smartedu.cn/tchMaterial/detail?contentType=assets_document&contentId=4631365b-5647-850e-5956-ca29c27a1d16,193080121,candidate_unverified,"[""WaiYanSheChuZhong_3""]",2022-curriculum revision; legacy list cannot establish coverage.
e97b46fe-ed57-9d08-5533-60ff4bb437ae,（根据2022年版课程标准修订）义务教育教科书·英语 八年级下册,初中,外研社版（主编：孙有中）,8,下册,1,2026-02-28T13:30:35.345+0800,https://basic.smartedu.cn/tchMaterial/detail?contentType=assets_document&contentId=e97b46fe-ed57-9d08-5533-60ff4bb437ae,172966629,candidate_unverified,"[""WaiYanSheChuZhong_4""]",2022-curriculum revision; legacy list cannot establish coverage.
2c8772f1-c624-51e1-215d-f0a35f4b5820,（根据2022年版课程标准修订）义务教育教科书 英语 九年级上册,初中,外研社版（主编：孙有中）,9,上册,1,2026-08-11T15:55:58.181+0800,https://basic.smartedu.cn/tchMaterial/detail?contentType=assets_document&contentId=2c8772f1-c624-51e1-215d-f0a35f4b5820,208536122,candidate_unverified,"[""WaiYanSheChuZhong_5""]",2022-curriculum revision; legacy list cannot establish coverage.
456e85df-63bb-1b8b-928a-a60706d21704,（根据2022年版课程标准修订）义务教育教科书·英语 七年级上册,初中,沪外教版,7,上册,1,2026-01-22T02:04:27.469+0800,https://basic.smartedu.cn/tchMaterial/detail?contentType=assets_document&contentId=456e85df-63bb-1b8b-928a-a60706d21704,9987432,missing,[],No matching wordlist in the imported source snapshot.
3e5abc1b-2bc3-7e27-6525-2138ef0b298b,（根据2022年版课程标准修订）义务教育教科书·英语 七年级上册,初中,沪外教版,7,上册,1,2026-01-22T02:04:29.285+0800,https://basic.smartedu.cn/tchMaterial/detail?contentType=assets_document&contentId=3e5abc1b-2bc3-7e27-6525-2138ef0b298b,93040683,missing,[],No matching wordlist in the imported source snapshot.
2a2d221f-d407-49e9-bb53-267fde8b0d07,（根据2022年版课程标准修订）义务教育教科书·英语七年级下册,初中,沪外教版,7,下册,1,2026-01-22T02:04:25.764+0800,https://basic.smartedu.cn/tchMaterial/detail?contentType=assets_document&contentId=2a2d221f-d407-49e9-bb53-267fde8b0d07,59693056,missing,[],No matching wordlist in the imported source snapshot.
6bec9b00-149b-41cd-a378-81f76c3f20cc,（根据2022年版课程标准修订）义务教育教科书·英语八年级上册,初中,沪外教版,8,上册,1,2026-01-22T01:57:42.512+0800,https://basic.smartedu.cn/tchMaterial/detail?contentType=assets_document&contentId=6bec9b00-149b-41cd-a378-81f76c3f20cc,13900455,missing,[],No matching wordlist in the imported source snapshot.
ce303c14-ba79-a2f5-7819-1ef12fb74479,（根据2022年版课程标准修订）义务教育教科书·英语八年级上册,初中,沪外教版,8,上册,1,2026-08-26T10:29:01.442+0800,https://basic.smartedu.cn/tchMaterial/detail?contentType=assets_document&contentId=ce303c14-ba79-a2f5-7819-1ef12fb74479,17484016,missing,[],No matching wordlist in the imported source snapshot.
fadfbe3b-03d5-4b80-b5d8-3910ecf70ec6,（根据2022年版课程标准修订）义务教育教科书·英语八年级下册,初中,沪外教版,8,下册,1,2026-03-02T18:28:17.241+0800,https://basic.smartedu.cn/tchMaterial/detail?contentType=assets_document&contentId=fadfbe3b-03d5-4b80-b5d8-3910ecf70ec6,15740801,missing,[],No matching wordlist in the imported source snapshot.
aa6c165a-3d8e-40d7-aaf2-4c1b3af36c89,（根据2022年版课程标准修订）义务教育教科书 英语 九年级上册,初中,沪外教版,9,上册,1,2026-08-13T15:14:03.339+0800,https://basic.smartedu.cn/tchMaterial/detail?contentType=assets_document&contentId=aa6c165a-3d8e-40d7-aaf2-4c1b3af36c89,32149636,missing,[],No matching wordlist in the imported source snapshot.
e7788a04-22eb-46ee-b16e-c0cf356c8a49,义务教育教科书·英语九年级下册,初中,沪外教版,9,下册,0,2026-09-04T10:13:40.444+0800,https://basic.smartedu.cn/tchMaterial/detail?contentType=assets_document&contentId=e7788a04-22eb-46ee-b16e-c0cf356c8a49,17555985,missing,[],No matching wordlist in the imported source snapshot.
454dfc04-1259-20fe-cfa2-108408618de7,（根据2022年版课程标准修订）义务教育教科书 英语 七年级 上册,初中,沪教版,7,上册,1,2026-01-22T02:04:27.469+0800,https://basic.smartedu.cn/tchMaterial/detail?contentType=assets_document&contentId=454dfc04-1259-20fe-cfa2-108408618de7,25828087,missing,[],No matching wordlist in the imported source snapshot.
dcba2daf-0832-7ef4-2490-ceb47ff8fa2a,（根据2022年版课程标准修订）义务教育教科书 英语 七年级 上册,初中,沪教版,7,上册,1,2026-01-22T02:04:40.929+0800,https://basic.smartedu.cn/tchMaterial/detail?contentType=assets_document&contentId=dcba2daf-0832-7ef4-2490-ceb47ff8fa2a,17040644,missing,[],No matching wordlist in the imported source snapshot.
fc01119a-7b2b-d5fb-74c8-415bd8e00f4a,（根据2022年版课程标准修订）义务教育教科书 英语 七年级 上册,初中,沪教版,7,上册,1,2026-08-26T10:27:22.098+0800,https://basic.smartedu.cn/tchMaterial/detail?contentType=assets_document&contentId=fc01119a-7b2b-d5fb-74c8-415bd8e00f4a,110395628,missing,[],No matching wordlist in the imported source snapshot.
13f39e27-05a6-4f55-aa35-09b29500b015,（根据2022年版课程标准修订）义务教育教科书·英语七年级下册,初中,沪教版,7,下册,1,2026-01-22T02:04:25.766+0800,https://basic.smartedu.cn/tchMaterial/detail?contentType=assets_document&contentId=13f39e27-05a6-4f55-aa35-09b29500b015,23539346,missing,[],No matching wordlist in the imported source snapshot.
65a59980-6e5c-7f76-82e8-ab16222baafb,（根据2022年版课程标准修订）义务教育教科书·英语七年级下册,初中,沪教版,7,下册,1,2026-02-14T16:27:30.466+0800,https://basic.smartedu.cn/tchMaterial/detail?contentType=assets_document&contentId=65a59980-6e5c-7f76-82e8-ab16222baafb,41150769,missing,[],No matching wordlist in the imported source snapshot.
01fb75fc-776a-43cc-a974-b03d61679125,（根据2022年版课程标准修订）义务教育教科书·英语八年级上册,初中,沪教版,8,上册,1,2026-01-22T01:57:42.401+0800,https://basic.smartedu.cn/tchMaterial/detail?contentType=assets_document&contentId=01fb75fc-776a-43cc-a974-b03d61679125,27642288,missing,[],No matching wordlist in the imported source snapshot.
90442b57-1067-ae52-9aa6-92fdcc4b8589,（根据2022年版课程标准修订）义务教育教科书·英语八年级上册,初中,沪教版,8,上册,1,2026-08-26T10:27:10.212+0800,https://basic.smartedu.cn/tchMaterial/detail?contentType=assets_document&contentId=90442b57-1067-ae52-9aa6-92fdcc4b8589,111625009,missing,[],No matching wordlist in the imported source snapshot.
d9587713-66bd-4f85-806f-cc2fa5619cd3,（根据2022年版课程标准修订）义务教育教科书·英语八年级下册,初中,沪教版,8,下册,1,2026-03-02T18:25:08.379+0800,https://basic.smartedu.cn/tchMaterial/detail?contentType=assets_document&contentId=d9587713-66bd-4f85-806f-cc2fa5619cd3,75613840,missing,[],No matching wordlist in the imported source snapshot.
b1a19b7a-5a7f-4d0e-9f9d-b5e59dafc979,（根据2022年版课程标准修订）义务教育教科书·英语九年级上册,初中,沪教版,9,上册,1,2026-08-21T11:11:51.736+0800,https://basic.smartedu.cn/tchMaterial/detail?contentType=assets_document&contentId=b1a19b7a-5a7f-4d0e-9f9d-b5e59dafc979,112487176,missing,[],No matching wordlist in the imported source snapshot.
8a9962e7-f8e6-4f5f-8e2a-df9bf874bf0c,义务教育教科书·英语九年级下册,初中,沪教版,9,下册,0,2026-09-04T10:13:35.134+0800,https://basic.smartedu.cn/tchMaterial/detail?contentType=assets_document&contentId=8a9962e7-f8e6-4f5f-8e2a-df9bf874bf0c,77908079,missing,[],No matching wordlist in the imported source snapshot.
adf997ce-573b-ad1e-845e-1adcb1c53768,（根据2022年版课程标准修订）义务教育教科书 英语（七年级 上册）,初中,科普版,7,上册,1,2026-01-22T02:04:10.097+0800,https://basic.smartedu.cn/tchMaterial/detail?contentType=assets_document&contentId=adf997ce-573b-ad1e-845e-1adcb1c53768,85705615,missing,[],No matching wordlist in the imported source snapshot.
4360e8a1-7e94-34ab-eeaa-57819834b24b,（根据2022年版课程标准修订）义务教育教科书 英语七年级上册,初中,科普版,7,上册,1,2026-01-22T02:04:40.943+0800,https://basic.smartedu.cn/tchMaterial/detail?contentType=assets_document&contentId=4360e8a1-7e94-34ab-eeaa-57819834b24b,73220290,missing,[],No matching wordlist in the imported source snapshot.
183b9902-f0a9-6f61-748c-26929e5ce40c,（根据2022年版课程标准修订）义务教育教科书 英语 七年级上册,初中,科普版,7,上册,1,2026-08-13T10:48:02.408+0800,https://basic.smartedu.cn/tchMaterial/detail?contentType=assets_document&contentId=183b9902-f0a9-6f61-748c-26929e5ce40c,17841409,missing,[],No matching wordlist in the imported source snapshot.
3cb05979-f64e-48f8-8fc3-27e99abf6929,（根据2022年版课程标准修订）义务教育教科书·英语七年级下册,初中,科普版,7,下册,1,2026-01-22T02:04:25.764+0800,https://basic.smartedu.cn/tchMaterial/detail?contentType=assets_document&contentId=3cb05979-f64e-48f8-8fc3-27e99abf6929,69011896,missing,[],No matching wordlist in the imported source snapshot.
a0edf423-c4de-7780-672f-010b0c8a6f83,（根据2022年版课程标准修订）义务教育教科书·英语 七年级 下册,初中,科普版,7,下册,1,2026-03-02T16:45:02.183+0800,https://basic.smartedu.cn/tchMaterial/detail?contentType=assets_document&contentId=a0edf423-c4de-7780-672f-010b0c8a6f83,21545205,missing,[],No matching wordlist in the imported source snapshot.
b40da2ba-8292-4cb0-986e-cc7da87f7855,（根据2022年版课程标准修订）义务教育教科书 英语八年级上册,初中,科普版,8,上册,1,2026-01-22T01:57:42.683+0800,https://basic.smartedu.cn/tchMaterial/detail?contentType=assets_document&contentId=b40da2ba-8292-4cb0-986e-cc7da87f7855,134536315,missing,[],No matching wordlist in the imported source snapshot.
c00290fc-3c5c-9221-1be3-77e4fed67197,（根据2022年版课程标准修订）义务教育教科书 英语 八年级上册,初中,科普版,8,上册,1,2026-08-13T10:34:22.968+0800,https://basic.smartedu.cn/tchMaterial/detail?contentType=assets_document&contentId=c00290fc-3c5c-9221-1be3-77e4fed67197,20437118,missing,[],No matching wordlist in the imported source snapshot.
ff77182f-5acf-4b36-9dbf-6d8bbca2431a,（根据2022年版课程标准修订）义务教育教科书·英语八年级下册,初中,科普版,8,下册,1,2026-03-02T18:28:28.315+0800,https://basic.smartedu.cn/tchMaterial/detail?contentType=assets_document&contentId=ff77182f-5acf-4b36-9dbf-6d8bbca2431a,19275030,missing,[],No matching wordlist in the imported source snapshot.
521b01ef-4e76-466e-b50e-a20508a9b893,（根据2022年版课程标准修订）义务教育教科书 英语 九年级上册,初中,科普版,9,上册,1,2026-08-13T12:46:52.750+0800,https://basic.smartedu.cn/tchMaterial/detail?contentType=assets_document&contentId=521b01ef-4e76-466e-b50e-a20508a9b893,14214830,missing,[],No matching wordlist in the imported source snapshot.
1bf8014a-678a-46b5-a7c5-f0248b1bdab3,义务教育教科书·英语九年级下册,初中,科普版,9,下册,0,2026-03-02T18:24:12.122+0800,https://basic.smartedu.cn/tchMaterial/detail?contentType=assets_document&contentId=1bf8014a-678a-46b5-a7c5-f0248b1bdab3,43841288,missing,[],No matching wordlist in the imported source snapshot.
64f242e1-9902-067f-a769-7ed0a761c430,（根据2022年版课程标准修订）义务教育教科书·英语 七年级上册,初中,译林版,7,上册,1,2026-01-22T02:04:27.441+0800,https://basic.smartedu.cn/tchMaterial/detail?contentType=assets_document&contentId=64f242e1-9902-067f-a769-7ed0a761c430,53233500,missing,[],No matching wordlist in the imported source snapshot.
c69fbfe9-1233-33a6-d354-45ec9a34d1c9,（根据2022年版课程标准修订）义务教育教科书·英语 七年级上册,初中,译林版,7,上册,1,2026-01-22T02:04:40.870+0800,https://basic.smartedu.cn/tchMaterial/detail?contentType=assets_document&contentId=c69fbfe9-1233-33a6-d354-45ec9a34d1c9,27926646,missing,[],No matching wordlist in the imported source snapshot.
9f7701cb-d16d-4b3e-c46d-06c3042dec5c,（根据2022年版课程标准修订）义务教育教科书·英语 七年级上册,初中,译林版,7,上册,1,2026-08-26T10:28:16.582+0800,https://basic.smartedu.cn/tchMaterial/detail?contentType=assets_document&contentId=9f7701cb-d16d-4b3e-c46d-06c3042dec5c,56172906,missing,[],No matching wordlist in the imported source snapshot.
d068ad85-ce64-49f6-8ecd-11ee1e409c32,（根据2022年版课程标准修订）义务教育教科书·英语 七年级下册,初中,译林版,7,下册,1,2026-01-22T01:57:40.266+0800,https://basic.smartedu.cn/tchMaterial/detail?contentType=assets_document&contentId=d068ad85-ce64-49f6-8ecd-11ee1e409c32,34311002,missing,[],No matching wordlist in the imported source snapshot.
e87a217b-7e40-4ac1-9531-e6e6fb6cddf3,（根据2022年版课程标准修订）义务教育教科书·英语 七年级下册,初中,译林版,7,下册,1,2026-03-06T10:42:04.144+0800,https://basic.smartedu.cn/tchMaterial/detail?contentType=assets_document&contentId=e87a217b-7e40-4ac1-9531-e6e6fb6cddf3,39082605,missing,[],No matching wordlist in the imported source snapshot.
4573420f-2680-44e2-8def-7e8c4fa71297,（根据2022年版课程标准修订）义务教育教科书·英语八年级上册,初中,译林版,8,上册,1,2026-01-22T01:57:42.540+0800,https://basic.smartedu.cn/tchMaterial/detail?contentType=assets_document&contentId=4573420f-2680-44e2-8def-7e8c4fa71297,103080170,missing,[],No matching wordlist in the imported source snapshot.
ec138881-112c-779f-2fdf-c744667107d3,（根据2022年版课程标准修订）义务教育教科书·英语八年级上册,初中,译林版,8,上册,1,2026-08-26T10:29:12.577+0800,https://basic.smartedu.cn/tchMaterial/detail?contentType=assets_document&contentId=ec138881-112c-779f-2fdf-c744667107d3,98539181,missing,[],No matching wordlist in the imported source snapshot.
b33b5100-d1f9-427e-a9d6-03336612895a,（根据2022年版课程标准修订）义务教育教科书·英语八年级下册,初中,译林版,8,下册,1,2026-03-02T18:26:31.913+0800,https://basic.smartedu.cn/tchMaterial/detail?contentType=assets_document&contentId=b33b5100-d1f9-427e-a9d6-03336612895a,43681508,missing,[],No matching wordlist in the imported source snapshot.
01b3ebf7-5e9a-471e-a5fe-beb76deb5207,（根据2022年版课程标准修订）义务教育教科书·英语九年级上册,初中,译林版,9,上册,1,2026-08-21T11:12:38.200+0800,https://basic.smartedu.cn/tchMaterial/detail?contentType=assets_document&contentId=01b3ebf7-5e9a-471e-a5fe-beb76deb5207,70917167,missing,[],No matching wordlist in the imported source snapshot.
92286669-0bc5-423e-844c-06c4eddffd2e,义务教育教科书·英语九年级下册,初中,译林版,9,下册,0,2026-03-02T18:27:29.907+0800,https://basic.smartedu.cn/tchMaterial/detail?contentType=assets_document&contentId=92286669-0bc5-423e-844c-06c4eddffd2e,44211746,missing,[],No matching wordlist in the imported source snapshot.
3854d824-3435-949e-23ca-aeabfd124a26,（根据2022年版课程标准修订）义务教育教科书·英语（五四学制）六年级上册,初中（五•四学制）,教科外研社版,6,上册,1,2026-01-22T02:04:27.327+0800,https://basic.smartedu.cn/tchMaterial/detail?contentType=assets_document&contentId=3854d824-3435-949e-23ca-aeabfd124a26,96898164,missing,[],No matching wordlist in the imported source snapshot.
58bb2298-740a-d9b2-20b1-439bf7afc7c8,（根据2022年版课程标准修订）义务教育教科书·英语（五四学制）六年级上册,初中（五•四学制）,教科外研社版,6,上册,1,2026-01-22T02:04:38.786+0800,https://basic.smartedu.cn/tchMaterial/detail?contentType=assets_document&contentId=58bb2298-740a-d9b2-20b1-439bf7afc7c8,98268829,missing,[],No matching wordlist in the imported source snapshot.
befa8908-a56e-4e2e-9fc7-7e69e6f50ea3,（根据2022年版课程标准修订）义务教育教科书·英语（五四学制）六年级下册,初中（五•四学制）,教科外研社版,6,下册,1,2026-01-22T02:04:57.387+0800,https://basic.smartedu.cn/tchMaterial/detail?contentType=assets_document&contentId=befa8908-a56e-4e2e-9fc7-7e69e6f50ea3,93092775,missing,[],No matching wordlist in the imported source snapshot.
033a4870-04a1-44ae-9046-653019cef3fb,（根据2022年版课程标准修订）义务教育教科书·英语（五四学制）七年级上册,初中（五•四学制）,教科外研社版,7,上册,1,2026-01-22T01:57:42.703+0800,https://basic.smartedu.cn/tchMaterial/detail?contentType=assets_document&contentId=033a4870-04a1-44ae-9046-653019cef3fb,197977320,missing,[],No matching wordlist in the imported source snapshot.
90a6f7fb-4a70-4fb1-ac4b-5528ad4c5607,（根据2022年版课程标准修订）义务教育教科书·英语（五四学制）七年级下册,初中（五•四学制）,教科外研社版,7,下册,1,2026-09-10T11:56:16.148+0800,https://basic.smartedu.cn/tchMaterial/detail?contentType=assets_document&contentId=90a6f7fb-4a70-4fb1-ac4b-5528ad4c5607,79448759,missing,[],No matching wordlist in the imported source snapshot.
1bdbefe3-2fdb-68fe-fc4f-88bd8522733c,（根据2022年版课程标准修订）义务教育教科书•英语（五四学制）八年级上册,初中（五•四学制）,教科外研社版,8,上册,1,2026-08-27T10:02:27.748+0800,https://basic.smartedu.cn/tchMaterial/detail?contentType=assets_document&contentId=1bdbefe3-2fdb-68fe-fc4f-88bd8522733c,498386909,missing,[],No matching wordlist in the imported source snapshot.
ed902c9b-1f3a-9106-f610-a2a16e2cd73f,（根据2022年版课程标准修订）义务教育教科书•英语（五四学制）九年级全一册,初中（五•四学制）,教科外研社版,9,全一册,1,2026-08-27T09:37:56.536+0800,https://basic.smartedu.cn/tchMaterial/detail?contentType=assets_document&contentId=ed902c9b-1f3a-9106-f610-a2a16e2cd73f,208085449,missing,[],No matching wordlist in the imported source snapshot.
3ccf9708-fbd0-48a0-931f-4f7cadacd504,（根据2022年版课程标准修订）义务教育教科书（五•四学制）•英语六年级上册,初中（五•四学制）,教科版,6,上册,1,2026-08-21T11:32:47.496+0800,https://basic.smartedu.cn/tchMaterial/detail?contentType=assets_document&contentId=3ccf9708-fbd0-48a0-931f-4f7cadacd504,228174141,missing,[],No matching wordlist in the imported source snapshot.
3baf3343-a329-4a75-bace-cf012ff6d13e,（根据2022年版课程标准修订）义务教育教科书（五•四学制）·英语六年级下册,初中（五•四学制）,教科版,6,下册,1,2026-01-22T02:04:27.159+0800,https://basic.smartedu.cn/tchMaterial/detail?contentType=assets_document&contentId=3baf3343-a329-4a75-bace-cf012ff6d13e,103324589,missing,[],No matching wordlist in the imported source snapshot.
99cfbf74-fae2-cbd7-a2fb-5939f99646d5,（根据2022年版课程标准修订）义务教育教科书（五•四学制）·英语六年级下册,初中（五•四学制）,教科版,6,下册,1,2026-02-26T23:03:11.676+0800,https://basic.smartedu.cn/tchMaterial/detail?contentType=assets_document&contentId=99cfbf74-fae2-cbd7-a2fb-5939f99646d5,104427228,missing,[],No matching wordlist in the imported source snapshot.
05ca4b0d-230a-42de-974a-0f33464b8301,（根据2022年版课程标准修订）义务教育教科书·英语（五四学制）七年级上册,初中（五•四学制）,教科版,7,上册,1,2026-01-22T02:05:00.937+0800,https://basic.smartedu.cn/tchMaterial/detail?contentType=assets_document&contentId=05ca4b0d-230a-42de-974a-0f33464b8301,197977320,missing,[],No matching wordlist in the imported source snapshot.
8a8de067-2f77-4e91-98e3-318239db470e,（根据2022年版课程标准修订）义务教育教科书（五•四学制）·英语七年级下册,初中（五•四学制）,教科版,7,下册,1,2026-03-02T18:12:49.576+0800,https://basic.smartedu.cn/tchMaterial/detail?contentType=assets_document&contentId=8a8de067-2f77-4e91-98e3-318239db470e,79448759,missing,[],No matching wordlist in the imported source snapshot.
9bfa9181-ca0d-4fa2-b185-e8951a5f05cf,（根据2022年版课程标准修订）义务教育教科书（五•四学制）·英语八年级上册,初中（五•四学制）,教科版,8,上册,1,2026-08-21T11:27:20.983+0800,https://basic.smartedu.cn/tchMaterial/detail?contentType=assets_document&contentId=9bfa9181-ca0d-4fa2-b185-e8951a5f05cf,493976462,missing,[],No matching wordlist in the imported source snapshot.
a5cd58b0-f965-44fa-8858-eacd8f15fe23,义务教育教科书（五•四学制）·英语八年级下册,初中（五•四学制）,教科版,8,下册,0,2026-09-04T10:08:50.239+0800,https://basic.smartedu.cn/tchMaterial/detail?contentType=assets_document&contentId=a5cd58b0-f965-44fa-8858-eacd8f15fe23,82249746,missing,[],No matching wordlist in the imported source snapshot.
6710272b-c226-4cbd-8e50-d9bb1a343961,义务教育教科书（五•四学制）·英语九年级下册,初中（五•四学制）,教科版,9,下册,0,2026-09-04T10:08:49.528+0800,https://basic.smartedu.cn/tchMaterial/detail?contentType=assets_document&contentId=6710272b-c226-4cbd-8e50-d9bb1a343961,87445218,missing,[],No matching wordlist in the imported source snapshot.
31416fa3-c274-7511-934c-713ff79bb4c3,（根据2022年版课程标准修订）义务教育教科书（五•四学制）·英语九年级全一册,初中（五•四学制）,教科版,9,全一册,1,2026-08-14T11:16:48.805+0800,https://basic.smartedu.cn/tchMaterial/detail?contentType=assets_document&contentId=31416fa3-c274-7511-934c-713ff79bb4c3,345056608,missing,[],No matching wordlist in the imported source snapshot.
ffaef417-5682-af96-b998-b125cb43f15e,（根据2022年版课程标准修订）义务教育教科书（五·四学制） 英语 六年级 上册,初中（五•四学制）,沪教版,6,上册,1,2026-01-22T02:04:27.465+0800,https://basic.smartedu.cn/tchMaterial/detail?contentType=assets_document&contentId=ffaef417-5682-af96-b998-b125cb43f15e,16055064,missing,[],No matching wordlist in the imported source snapshot.
30122fd0-1bb6-f966-79fe-fa47afedd842,（根据2022年版课程标准修订）义务教育教科书（五·四学制） 英语 六年级 上册,初中（五•四学制）,沪教版,6,上册,1,2026-01-22T02:04:40.938+0800,https://basic.smartedu.cn/tchMaterial/detail?contentType=assets_document&contentId=30122fd0-1bb6-f966-79fe-fa47afedd842,20177750,missing,[],No matching wordlist in the imported source snapshot.
060066ae-cd3b-d133-02c2-e34685671790,（根据2022年版课程标准修订）义务教育教科书（五·四学制） 英语 六年级 上册,初中（五•四学制）,沪教版,6,上册,1,2026-08-27T10:52:16.176+0800,https://basic.smartedu.cn/tchMaterial/detail?contentType=assets_document&contentId=060066ae-cd3b-d133-02c2-e34685671790,22182360,missing,[],No matching wordlist in the imported source snapshot.
935fb9e6-a448-74ad-eb25-e7022ddfc6d5,（根据2022年版课程标准修订）义务教育教科书（五·四学制） 英语 六年级 下册,初中（五•四学制）,沪教版,6,下册,1,2026-01-22T02:06:49.533+0800,https://basic.smartedu.cn/tchMaterial/detail?contentType=assets_document&contentId=935fb9e6-a448-74ad-eb25-e7022ddfc6d5,12908183,missing,[],No matching wordlist in the imported source snapshot.
ec3945f9-9e54-f3f1-471c-45d9675fa73b,（根据2022年版课程标准修订）义务教育教科书（五·四学制）·英语 六年级下册,初中（五•四学制）,沪教版,6,下册,1,2026-03-02T16:47:58.869+0800,https://basic.smartedu.cn/tchMaterial/detail?contentType=assets_document&contentId=ec3945f9-9e54-f3f1-471c-45d9675fa73b,15636874,missing,[],No matching wordlist in the imported source snapshot.
91490de6-2a1d-308e-2950-e485446c69ef,（根据2022年版课程标准修订）义务教育教科书（五·四学制） 英语 七年级 上册,初中（五•四学制）,沪教版,7,上册,1,2026-01-22T02:04:27.467+0800,https://basic.smartedu.cn/tchMaterial/detail?contentType=assets_document&contentId=91490de6-2a1d-308e-2950-e485446c69ef,29568443,missing,[],No matching wordlist in the imported source snapshot.
4a7492f6-ef07-50bf-edaf-5bc2625e8b8d,（根据2022年版课程标准修订）义务教育教科书（五·四学制） 英语 七年级 上册,初中（五•四学制）,沪教版,7,上册,1,2026-01-22T02:04:40.947+0800,https://basic.smartedu.cn/tchMaterial/detail?contentType=assets_document&contentId=4a7492f6-ef07-50bf-edaf-5bc2625e8b8d,24357262,missing,[],No matching wordlist in the imported source snapshot.
9dafb61c-5293-2faf-f0a1-59e20b43eaed,（根据2022年版课程标准修订）义务教育教科书（五·四学制） 英语 七年级 上册,初中（五•四学制）,沪教版,7,上册,1,2026-08-26T10:29:13.382+0800,https://basic.smartedu.cn/tchMaterial/detail?contentType=assets_document&contentId=9dafb61c-5293-2faf-f0a1-59e20b43eaed,25900016,missing,[],No matching wordlist in the imported source snapshot.
13b0253e-5825-943b-007c-3110422ee884,（根据2022年版课程标准修订）义务教育教科书（五·四学制） 英语 七年级 下册,初中（五•四学制）,沪教版,7,下册,1,2026-01-22T02:06:49.533+0800,https://basic.smartedu.cn/tchMaterial/detail?contentType=assets_document&contentId=13b0253e-5825-943b-007c-3110422ee884,19733061,missing,[],No matching wordlist in the imported source snapshot.
5f72a1e5-6754-7c81-9759-b7f310b16263,（根据2022年版课程标准修订）义务教育教科书（五·四学制）·英语 七年级下册,初中（五•四学制）,沪教版,7,下册,1,2026-03-02T16:47:34.126+0800,https://basic.smartedu.cn/tchMaterial/detail?contentType=assets_document&contentId=5f72a1e5-6754-7c81-9759-b7f310b16263,20188193,missing,[],No matching wordlist in the imported source snapshot.
fd2e54fb-f77b-3bce-c81a-0ff76d9debe7,（根据2022年版课程标准修订）义务教育教科书（五·四学制） 英语 八年级 上册,初中（五•四学制）,沪教版,8,上册,1,2026-01-22T01:57:42.688+0800,https://basic.smartedu.cn/tchMaterial/detail?contentType=assets_document&contentId=fd2e54fb-f77b-3bce-c81a-0ff76d9debe7,41842300,missing,[],No matching wordlist in the imported source snapshot.
dbfcba4a-fe4e-1693-0c18-cabaccfe81cb,（根据2022年版课程标准修订）义务教育教科书（五·四学制） 英语 八年级上册,初中（五•四学制）,沪教版,8,上册,1,2026-08-27T10:53:20.311+0800,https://basic.smartedu.cn/tchMaterial/detail?contentType=assets_document&contentId=dbfcba4a-fe4e-1693-0c18-cabaccfe81cb,41399175,missing,[],No matching wordlist in the imported source snapshot.
a5e66ba2-d435-9e52-1dc4-0034467293d2,（根据2022年版课程标准修订）义务教育教科书（五·四学制）·英语 八年级下册,初中（五•四学制）,沪教版,8,下册,1,2026-03-02T16:47:11.193+0800,https://basic.smartedu.cn/tchMaterial/detail?contentType=assets_document&contentId=a5e66ba2-d435-9e52-1dc4-0034467293d2,32507734,missing,[],No matching wordlist in the imported source snapshot.
1dcc5207-c993-09a4-09a8-079686747f38,（根据2022年版课程标准修订）义务教育教科书（五·四学制） 英语 九年级上册,初中（五•四学制）,沪教版,9,上册,1,2026-08-27T10:52:53.762+0800,https://basic.smartedu.cn/tchMaterial/detail?contentType=assets_document&contentId=1dcc5207-c993-09a4-09a8-079686747f38,33186204,missing,[],No matching wordlist in the imported source snapshot.
f22855a6-876c-8865-1340-b06c17aef138,（根据2022年版课程标准修订）义务教育教书（五·四学制）·英语（六年级上册）,初中（五•四学制）,鲁教版,6,上册,1,2026-01-22T02:04:27.421+0800,https://basic.smartedu.cn/tchMaterial/detail?contentType=assets_document&contentId=f22855a6-876c-8865-1340-b06c17aef138,351396483,missing,[],No matching wordlist in the imported source snapshot.
389692e9-3214-96ea-e311-d26d867677dd,（根据2022年版课程标准修订）义务教育教书（五·四学制）·英语（六年级上册）,初中（五•四学制）,鲁教版,6,上册,1,2026-01-22T02:04:10.681+0800,https://basic.smartedu.cn/tchMaterial/detail?contentType=assets_document&contentId=389692e9-3214-96ea-e311-d26d867677dd,8844228,missing,[],No matching wordlist in the imported source snapshot.
22aeb099-00b3-d489-a905-007083a5470f,（根据2022年版课程标准修订）义务教育教科书 英语 六年级上册,初中（五•四学制）,鲁教版,6,上册,1,2026-08-13T10:12:45.174+0800,https://basic.smartedu.cn/tchMaterial/detail?contentType=assets_document&contentId=22aeb099-00b3-d489-a905-007083a5470f,119629013,missing,[],No matching wordlist in the imported source snapshot.
713c659a-6ee5-4dc0-a6e4-4f92ce2503b5,（根据2022年版课程标准修订）义务教育教科书（五•四学制）·英语六年级下册,初中（五•四学制）,鲁教版,6,下册,1,2026-01-22T02:03:48.892+0800,https://basic.smartedu.cn/tchMaterial/detail?contentType=assets_document&contentId=713c659a-6ee5-4dc0-a6e4-4f92ce2503b5,50295148,missing,[],No matching wordlist in the imported source snapshot.
7e2320b6-ca51-9980-0eea-a53d8c364a10,（根据2022年版课程标准修订）义务教育教科书·英语 六年级 下册,初中（五•四学制）,鲁教版,6,下册,1,2026-03-02T16:48:45.279+0800,https://basic.smartedu.cn/tchMaterial/detail?contentType=assets_document&contentId=7e2320b6-ca51-9980-0eea-a53d8c364a10,128999038,missing,[],No matching wordlist in the imported source snapshot.
14068cd3-4615-45db-9e21-ecdd28306a3b,（根据2022年版课程标准修订）义务教育教科书（五•四学制）·英语七年级上册,初中（五•四学制）,鲁教版,7,上册,1,2026-01-22T01:57:42.547+0800,https://basic.smartedu.cn/tchMaterial/detail?contentType=assets_document&contentId=14068cd3-4615-45db-9e21-ecdd28306a3b,22555353,missing,[],No matching wordlist in the imported source snapshot.
04d6e76b-40c8-71f6-d94f-7070135e570c,（根据2022年版课程标准修订）义务教育教科书 英语 七年级上册,初中（五•四学制）,鲁教版,7,上册,1,2026-08-21T10:45:50.614+0800,https://basic.smartedu.cn/tchMaterial/detail?contentType=assets_document&contentId=04d6e76b-40c8-71f6-d94f-7070135e570c,22373367,missing,[],No matching wordlist in the imported source snapshot.
3aa28c0b-c2df-4662-b474-055e5e2f7689,（根据2022年版课程标准修订）义务教育教科书（五•四学制）·英语七年级下册,初中（五•四学制）,鲁教版,7,下册,1,2026-03-02T19:18:27.131+0800,https://basic.smartedu.cn/tchMaterial/detail?contentType=assets_document&contentId=3aa28c0b-c2df-4662-b474-055e5e2f7689,307667098,missing,[],No matching wordlist in the imported source snapshot.
68bbb81e-75e7-4fb4-a266-07607fc9a6a6,（根据2022年版课程标准修订）义务教育教科书 英语 八年级上册,初中（五•四学制）,鲁教版,8,上册,1,2026-08-13T12:45:53.334+0800,https://basic.smartedu.cn/tchMaterial/detail?contentType=assets_document&contentId=68bbb81e-75e7-4fb4-a266-07607fc9a6a6,385542707,missing,[],No matching wordlist in the imported source snapshot.
4e9dbc63-e230-4aea-84e4-b8a295079303,义务教育教科书（五•四学制）·英语八年级下册,初中（五•四学制）,鲁教版,8,下册,0,2026-03-02T18:13:52.276+0800,https://basic.smartedu.cn/tchMaterial/detail?contentType=assets_document&contentId=4e9dbc63-e230-4aea-84e4-b8a295079303,219160617,missing,[],No matching wordlist in the imported source snapshot.
830ebaf5-86d4-417d-b4f0-c17e757d733d,（根据2022年版课程标准修订）义务教育教科书 英语 九年级全一册,初中（五•四学制）,鲁教版,9,全一册,1,2026-08-13T10:16:16.584+0800,https://basic.smartedu.cn/tchMaterial/detail?contentType=assets_document&contentId=830ebaf5-86d4-417d-b4f0-c17e757d733d,238984997,missing,[],No matching wordlist in the imported source snapshot.
f38f12ef-f856-54dc-0064-af0a6441a88b,（根据2022年版课程标准修订）义务教育教科书 英语 三年级 上册,小学,人教大同版,3,上册,1,2026-01-22T02:04:27.327+0800,https://basic.smartedu.cn/tchMaterial/detail?contentType=assets_document&contentId=f38f12ef-f856-54dc-0064-af0a6441a88b,98361469,missing,[],No matching wordlist in the imported source snapshot.
85abe93c-f91e-0b0a-0afa-ebe2655e03a0,（根据2022年版课程标准修订）义务教育教科书 英语 三年级 上册,小学,人教大同版,3,上册,1,2026-01-22T02:04:12.111+0800,https://basic.smartedu.cn/tchMaterial/detail?contentType=assets_document&contentId=85abe93c-f91e-0b0a-0afa-ebe2655e03a0,99929416,missing,[],No matching wordlist in the imported source snapshot.
be006a8b-9219-af51-5af4-659a04a2baae,（根据2022年版课程标准修订）义务教育教科书·英语 三年级上册,小学,人教大同版,3,上册,1,2026-08-29T15:44:53.506+0800,https://basic.smartedu.cn/tchMaterial/detail?contentType=assets_document&contentId=be006a8b-9219-af51-5af4-659a04a2baae,99999190,missing,[],No matching wordlist in the imported source snapshot.
0b0a036f-c24f-3187-b9e8-e65f8b408770,（根据2022年版课程标准修订）义务教育教科书 英语 三年级 下册,小学,人教大同版,3,下册,1,2026-01-22T02:05:09.217+0800,https://basic.smartedu.cn/tchMaterial/detail?contentType=assets_document&contentId=0b0a036f-c24f-3187-b9e8-e65f8b408770,85137831,missing,[],No matching wordlist in the imported source snapshot.
4e8f8b48-72af-e009-9928-9ced0d6d97c3,（根据2022年版课程标准修订）义务教育教科书·英语 三年级 下册,小学,人教大同版,3,下册,1,2026-03-02T16:51:32.669+0800,https://basic.smartedu.cn/tchMaterial/detail?contentType=assets_document&contentId=4e8f8b48-72af-e009-9928-9ced0d6d97c3,104669170,missing,[],No matching wordlist in the imported source snapshot.
9bd74663-47c1-e76b-6f95-d51732c8a78b,（根据2022年版课程标准修订）义务教育教科书 英语 四年级 上册,小学,人教大同版,4,上册,1,2026-01-22T01:57:42.666+0800,https://basic.smartedu.cn/tchMaterial/detail?contentType=assets_document&contentId=9bd74663-47c1-e76b-6f95-d51732c8a78b,173956188,missing,[],No matching wordlist in the imported source snapshot.
f710ce81-57a6-8573-3c5e-af468f7da718,（根据2022年版课程标准修订）义务教育教科书·英语 四年级上册,小学,人教大同版,4,上册,1,2026-08-28T09:39:16.893+0800,https://basic.smartedu.cn/tchMaterial/detail?contentType=assets_document&contentId=f710ce81-57a6-8573-3c5e-af468f7da718,109645197,missing,[],No matching wordlist in the imported source snapshot.
8c7c9b7f-6491-83a4-ce6e-5183fc23b379,（根据2022年版课程标准修订）义务教育教科书·英语 四年级 下册,小学,人教大同版,4,下册,1,2026-03-03T16:46:50.891+0800,https://basic.smartedu.cn/tchMaterial/detail?contentType=assets_document&contentId=8c7c9b7f-6491-83a4-ce6e-5183fc23b379,90801935,missing,[],No matching wordlist in the imported source snapshot.
7ed767b2-bca4-7550-5108-72c6e8a05285,（根据2022年版课程标准修订）义务教育教科书·英语 五年级上册,小学,人教大同版,5,上册,1,2026-08-28T09:40:28.009+0800,https://basic.smartedu.cn/tchMaterial/detail?contentType=assets_document&contentId=7ed767b2-bca4-7550-5108-72c6e8a05285,108120818,missing,[],No matching wordlist in the imported source snapshot.
05e7f636-ec84-f69e-2c40-dcfdfc8f4f9f,（根据2022年版课程标准修订）义务教育教科书·英语 六年级上册,小学,人教大同版,6,上册,1,2026-08-28T09:37:49.450+0800,https://basic.smartedu.cn/tchMaterial/detail?contentType=assets_document&contentId=05e7f636-ec84-f69e-2c40-dcfdfc8f4f9f,114781931,missing,[],No matching wordlist in the imported source snapshot.
485d2118-1652-ea90-8da7-5b9eaeb71dc4,（根据2022年版课程标准修订）义务教育教科书 英语 三年级 上册,小学,人教版（主编：吴欣）,3,上册,1,2026-01-22T02:01:05.418+0800,https://basic.smartedu.cn/tchMaterial/detail?contentType=assets_document&contentId=485d2118-1652-ea90-8da7-5b9eaeb71dc4,19571002,candidate_unverified,"[""PEPXiaoXue3_1""]",2022-curriculum revision; legacy list cannot establish coverage.
b3c7d0d5-d148-f4c3-ed2a-ebef1e651fe6,（根据2022年版课程标准修订）义务教育教科书 英语 （PEP）三年级 上册,小学,人教版（主编：吴欣）,3,上册,1,2026-01-22T02:04:40.862+0800,https://basic.smartedu.cn/tchMaterial/detail?contentType=assets_document&contentId=b3c7d0d5-d148-f4c3-ed2a-ebef1e651fe6,22605212,candidate_unverified,"[""PEPXiaoXue3_1""]",2022-curriculum revision; legacy list cannot establish coverage.
dd6173ba-579a-356e-900c-cb53e152229c,（根据2022年版课程标准修订）义务教育教科书•英语 三年级上册,小学,人教版（主编：吴欣）,3,上册,1,2026-08-19T15:37:05.669+0800,https://basic.smartedu.cn/tchMaterial/detail?contentType=assets_document&contentId=dd6173ba-579a-356e-900c-cb53e152229c,20776724,candidate_unverified,"[""PEPXiaoXue3_1""]",2022-curriculum revision; legacy list cannot establish coverage.
10b11234-3b0a-4b3e-b4b4-db3013774529,（根据2022年版课程标准修订）义务教育教科书·英语三年级下册,小学,人教版（主编：吴欣）,3,下册,1,2026-01-22T02:03:09.236+0800,https://basic.smartedu.cn/tchMaterial/detail?contentType=assets_document&contentId=10b11234-3b0a-4b3e-b4b4-db3013774529,15974481,candidate_unverified,"[""PEPXiaoXue3_2""]",2022-curriculum revision; legacy list cannot establish coverage.
9eb54ff2-1c7b-4441-abff-c44b714a2302,（根据2022年版课程标准修订）义务教育教科书·英语 三年级 下册,小学,人教版（主编：吴欣）,3,下册,1,2026-03-02T16:56:01.813+0800,https://basic.smartedu.cn/tchMaterial/detail?contentType=assets_document&contentId=9eb54ff2-1c7b-4441-abff-c44b714a2302,16598098,candidate_unverified,"[""PEPXiaoXue3_2""]",2022-curriculum revision; legacy list cannot establish coverage.
02736c70-9509-438f-8e16-2902feaf5ed8,（根据2022年版课程标准修订）义务教育教科书·英语（PEP）四年级上册,小学,人教版（主编：吴欣）,4,上册,1,2026-01-22T01:57:42.515+0800,https://basic.smartedu.cn/tchMaterial/detail?contentType=assets_document&contentId=02736c70-9509-438f-8e16-2902feaf5ed8,16042634,candidate_unverified,"[""PEPXiaoXue4_1""]",2022-curriculum revision; legacy list cannot establish coverage.
be6e00c8-0068-8453-927f-646f6f753a5a,（根据2022年版课程标准修订）义务教育教科书•英语 四年级上册,小学,人教版（主编：吴欣）,4,上册,1,2026-08-19T15:37:40.905+0800,https://basic.smartedu.cn/tchMaterial/detail?contentType=assets_document&contentId=be6e00c8-0068-8453-927f-646f6f753a5a,19586319,candidate_unverified,"[""PEPXiaoXue4_1""]",2022-curriculum revision; legacy list cannot establish coverage.
18b54350-f833-4b5c-a1b9-ebbf02cf4545,（根据2022年版课程标准修订）义务教育教科书·英语 四年级下册,小学,人教版（主编：吴欣）,4,下册,1,2026-06-12T15:57:15.738+0800,https://basic.smartedu.cn/tchMaterial/detail?contentType=assets_document&contentId=18b54350-f833-4b5c-a1b9-ebbf02cf4545,17568442,candidate_unverified,"[""PEPXiaoXue4_2""]",2022-curriculum revision; legacy list cannot establish coverage.
9f1cda77-2dc7-442b-82f1-97243f7ec39d,（根据2022年版课程标准修订）义务教育教科书•英语 五年级上册,小学,人教版（主编：吴欣）,5,上册,1,2026-08-19T15:34:33.790+0800,https://basic.smartedu.cn/tchMaterial/detail?contentType=assets_document&contentId=9f1cda77-2dc7-442b-82f1-97243f7ec39d,12910169,candidate_unverified,"[""PEPXiaoXue5_1""]",2022-curriculum revision; legacy list cannot establish coverage.
c5180299-d288-46e2-a0df-9f04c94fd922,义务教育教科书·英语（三年级起点）五年级下册,小学,人教版（主编：吴欣）,5,下册,0,2026-03-02T18:13:13.694+0800,https://basic.smartedu.cn/tchMaterial/detail?contentType=assets_document&contentId=c5180299-d288-46e2-a0df-9f04c94fd922,16558985,candidate_unverified,"[""PEPXiaoXue5_2""]",Same stage/edition family/grade/volume only; revision and contents not verified.
9e2878bf-964d-47fb-85ba-937cf61159a5,（根据2022年版课程标准修订）义务教育教科书•英语 六年级上册,小学,人教版（主编：吴欣）,6,上册,1,2026-08-19T15:35:40.552+0800,https://basic.smartedu.cn/tchMaterial/detail?contentType=assets_document&contentId=9e2878bf-964d-47fb-85ba-937cf61159a5,13527377,candidate_unverified,"[""PEPXiaoXue6_1""]",2022-curriculum revision; legacy list cannot establish coverage.
1417c7bc-52d9-4c4d-92fd-796a92a6d275,义务教育教科书·英语（三年级起点）六年级下册,小学,人教版（主编：吴欣）,6,下册,0,2026-03-02T18:13:33.433+0800,https://basic.smartedu.cn/tchMaterial/detail?contentType=assets_document&contentId=1417c7bc-52d9-4c4d-92fd-796a92a6d275,14465826,candidate_unverified,"[""PEPXiaoXue6_2""]",Same stage/edition family/grade/volume only; revision and contents not verified.
64ddeaff-657a-4662-808b-b9ef2707c899,（根据2022年版课程标准修订）义务教育教科书 英语 三年级 上册,小学,人教版（主编：苗兴伟）,3,上册,1,2026-01-22T02:04:27.462+0800,https://basic.smartedu.cn/tchMaterial/detail?contentType=assets_document&contentId=64ddeaff-657a-4662-808b-b9ef2707c899,34629115,missing,[],No matching wordlist in the imported source snapshot.
21dab880-b5f0-b116-1996-9a9e36e4e398,（根据2022年版课程标准修订）义务教育教科书 英语（精通） 三年级 上册,小学,人教版（主编：苗兴伟）,3,上册,1,2026-01-22T02:04:40.859+0800,https://basic.smartedu.cn/tchMaterial/detail?contentType=assets_document&contentId=21dab880-b5f0-b116-1996-9a9e36e4e398,36401157,missing,[],No matching wordlist in the imported source snapshot.
ac983965-a1a1-3393-e994-85c4a5e317b7,（根据2022年版课程标准修订）义务教育教科书•英语 三年级上册,小学,人教版（主编：苗兴伟）,3,上册,1,2026-08-19T15:45:48.879+0800,https://basic.smartedu.cn/tchMaterial/detail?contentType=assets_document&contentId=ac983965-a1a1-3393-e994-85c4a5e317b7,17318370,missing,[],No matching wordlist in the imported source snapshot.
8f294c09-3fba-4ab3-8cf8-19b6c7d70775,（根据2022年版课程标准修订）义务教育教科书·英语三年级下册,小学,人教版（主编：苗兴伟）,3,下册,1,2026-01-22T02:05:03.455+0800,https://basic.smartedu.cn/tchMaterial/detail?contentType=assets_document&contentId=8f294c09-3fba-4ab3-8cf8-19b6c7d70775,35094409,missing,[],No matching wordlist in the imported source snapshot.
3bf2b43c-b596-4be5-870d-6f6d811b726f,（根据2022年版课程标准修订）义务教育教科书·英语 三年级 下册,小学,人教版（主编：苗兴伟）,3,下册,1,2026-03-02T16:57:36.072+0800,https://basic.smartedu.cn/tchMaterial/detail?contentType=assets_document&contentId=3bf2b43c-b596-4be5-870d-6f6d811b726f,18915647,missing,[],No matching wordlist in the imported source snapshot.
4648aca1-ef0e-5790-c13d-66b5b4fc06b5,（根据2022年版课程标准修订）义务教育教科书·英语（精通）四年级上册,小学,人教版（主编：苗兴伟）,4,上册,1,2026-01-22T01:57:42.694+0800,https://basic.smartedu.cn/tchMaterial/detail?contentType=assets_document&contentId=4648aca1-ef0e-5790-c13d-66b5b4fc06b5,39072296,missing,[],No matching wordlist in the imported source snapshot.
36d1fc6f-cda4-8ba5-6fb4-424b5381cd05,（根据2022年版课程标准修订）义务教育教科书•英语 四年级上册,小学,人教版（主编：苗兴伟）,4,上册,1,2026-08-19T15:46:26.948+0800,https://basic.smartedu.cn/tchMaterial/detail?contentType=assets_document&contentId=36d1fc6f-cda4-8ba5-6fb4-424b5381cd05,20884466,missing,[],No matching wordlist in the imported source snapshot.
ea0ee632-314b-40a2-8a58-b745cbfa7960,（根据2022年版课程标准修订）义务教育教科书·英语 四年级 下册,小学,人教版（主编：苗兴伟）,4,下册,1,2026-03-02T16:57:59.304+0800,https://basic.smartedu.cn/tchMaterial/detail?contentType=assets_document&contentId=ea0ee632-314b-40a2-8a58-b745cbfa7960,22120103,missing,[],No matching wordlist in the imported source snapshot.
0d53b423-e9d3-63ae-9a22-0bce900d3b97,（根据2022年版课程标准修订）义务教育教科书•英语 五年级上册,小学,人教版（主编：苗兴伟）,5,上册,1,2026-08-26T09:15:22.067+0800,https://basic.smartedu.cn/tchMaterial/detail?contentType=assets_document&contentId=0d53b423-e9d3-63ae-9a22-0bce900d3b97,16763447,missing,[],No matching wordlist in the imported source snapshot.
1bdff68f-4558-272a-ef0c-bd2b9558f6a5,（根据2022年版课程标准修订）义务教育教科书•英语 六年级上册,小学,人教版（主编：苗兴伟）,6,上册,1,2026-08-19T15:44:33.694+0800,https://basic.smartedu.cn/tchMaterial/detail?contentType=assets_document&contentId=1bdff68f-4558-272a-ef0c-bd2b9558f6a5,18970676,missing,[],No matching wordlist in the imported source snapshot.
9ed80e1a-1fd3-d2e0-1867-d3944fc3f4b0,（根据2022年版课程标准修订）义务教育教科书·英语 三年级上册,小学,冀教版,3,上册,1,2026-01-22T01:57:42.689+0800,https://basic.smartedu.cn/tchMaterial/detail?contentType=assets_document&contentId=9ed80e1a-1fd3-d2e0-1867-d3944fc3f4b0,133381996,missing,[],No matching wordlist in the imported source snapshot.
eb854fe4-52bf-b3ec-c12b-7825b6c61255,（根据2022年版课程标准修订）义务教育教科书·英语 三年级上册,小学,冀教版,3,上册,1,2026-01-22T02:04:40.991+0800,https://basic.smartedu.cn/tchMaterial/detail?contentType=assets_document&contentId=eb854fe4-52bf-b3ec-c12b-7825b6c61255,97988160,missing,[],No matching wordlist in the imported source snapshot.
33b0860c-a364-4c17-8ed6-47b5b95a7af3,（根据2022年版课程标准修订）义务教育教科书·英语三年级下册,小学,冀教版,3,下册,1,2026-01-22T01:57:42.531+0800,https://basic.smartedu.cn/tchMaterial/detail?contentType=assets_document&contentId=33b0860c-a364-4c17-8ed6-47b5b95a7af3,272226068,missing,[],No matching wordlist in the imported source snapshot.
02ba2e07-e12a-4db3-b1c4-827e20e86f84,（根据2022年版课程标准修订）义务教育教科书·英语 三年级 下册,小学,冀教版,3,下册,1,2026-03-02T17:08:03.855+0800,https://basic.smartedu.cn/tchMaterial/detail?contentType=assets_document&contentId=02ba2e07-e12a-4db3-b1c4-827e20e86f84,283159300,missing,[],No matching wordlist in the imported source snapshot.
cf83ee9b-9efd-4c54-af1c-024a80381c91,（根据2022年版课程标准修订）义务教育教科书·英语 四年级上册,小学,冀教版,4,上册,1,2026-01-22T01:57:42.665+0800,https://basic.smartedu.cn/tchMaterial/detail?contentType=assets_document&contentId=cf83ee9b-9efd-4c54-af1c-024a80381c91,78085370,missing,[],No matching wordlist in the imported source snapshot.
6ecc6577-4e91-71c2-280d-08816ce911fd,（根据2022年版课程标准修订）义务教育教科书 英语 四年级上册,小学,冀教版,4,上册,1,2026-08-11T22:37:50.198+0800,https://basic.smartedu.cn/tchMaterial/detail?contentType=assets_document&contentId=6ecc6577-4e91-71c2-280d-08816ce911fd,16734498,missing,[],No matching wordlist in the imported source snapshot.
ae984a15-7120-4277-8764-5cb94ef9c854,（根据2022年版课程标准修订）义务教育教科书·英语 四年级下册,小学,冀教版,4,下册,1,2026-03-02T18:11:55.708+0800,https://basic.smartedu.cn/tchMaterial/detail?contentType=assets_document&contentId=ae984a15-7120-4277-8764-5cb94ef9c854,82646759,missing,[],No matching wordlist in the imported source snapshot.
6851aa62-4e83-4008-a8ea-c9d2c61bef9f,（根据2022年版课程标准修订）义务教育教科书 英语 五年级上册,小学,冀教版,5,上册,1,2026-08-13T12:45:30.883+0800,https://basic.smartedu.cn/tchMaterial/detail?contentType=assets_document&contentId=6851aa62-4e83-4008-a8ea-c9d2c61bef9f,307997430,missing,[],No matching wordlist in the imported source snapshot.
d2c98c54-d546-4014-8139-7b90f992e839,义务教育教科书·英语（三年级起点）五年级下册,小学,冀教版,5,下册,0,2026-09-04T10:11:00.434+0800,https://basic.smartedu.cn/tchMaterial/detail?contentType=assets_document&contentId=d2c98c54-d546-4014-8139-7b90f992e839,76417100,missing,[],No matching wordlist in the imported source snapshot.
eb52c514-7835-407a-93b4-78bc2b0300e3,（根据2022年版课程标准修订）义务教育教科书 英语 六年级上册,小学,冀教版,6,上册,1,2026-08-13T12:45:07.539+0800,https://basic.smartedu.cn/tchMaterial/detail?contentType=assets_document&contentId=eb52c514-7835-407a-93b4-78bc2b0300e3,265498138,missing,[],No matching wordlist in the imported source snapshot.
2a9cfe68-84be-4ec0-9c54-61c328ad677c,义务教育教科书·英语（三年级起点）六年级下册,小学,冀教版,6,下册,0,2026-09-04T10:11:01.162+0800,https://basic.smartedu.cn/tchMaterial/detail?contentType=assets_document&contentId=2a9cfe68-84be-4ec0-9c54-61c328ad677c,70177471,missing,[],No matching wordlist in the imported source snapshot.
390a6cd9-fb09-74d9-f4d3-b137a45431c8,（根据2022年版课程标准修订）义务教育教科书•英语 三年级上册,小学,北京版,3,上册,1,2026-08-21T10:24:04.161+0800,https://basic.smartedu.cn/tchMaterial/detail?contentType=assets_document&contentId=390a6cd9-fb09-74d9-f4d3-b137a45431c8,114795303,missing,[],No matching wordlist in the imported source snapshot.
9a9d9088-481d-9ffa-6092-e9a75e59deeb,（根据2022年版课程标准修订）义务教育教科书•英语 三年级上册,小学,北京版,3,上册,1,2026-01-22T02:04:27.318+0800,https://basic.smartedu.cn/tchMaterial/detail?contentType=assets_document&contentId=9a9d9088-481d-9ffa-6092-e9a75e59deeb,115968018,missing,[],No matching wordlist in the imported source snapshot.
a32e4bcb-b71c-7ff1-7bfa-3ea94d02e821,（根据2022年版课程标准修订）义务教育教科书 英语 三年级上册,小学,北京版,3,上册,1,2026-08-12T14:13:15.892+0800,https://basic.smartedu.cn/tchMaterial/detail?contentType=assets_document&contentId=a32e4bcb-b71c-7ff1-7bfa-3ea94d02e821,69646559,missing,[],No matching wordlist in the imported source snapshot.
5bd0a1a5-4465-48f7-ac81-825b4b941eea,（根据2022年版课程标准修订）义务教育教科书·英语三年级下册,小学,北京版,3,下册,1,2026-01-22T02:04:26.997+0800,https://basic.smartedu.cn/tchMaterial/detail?contentType=assets_document&contentId=5bd0a1a5-4465-48f7-ac81-825b4b941eea,100244888,missing,[],No matching wordlist in the imported source snapshot.
5b9deb85-4480-4103-8ed8-8b013847d95a,（根据2022年版课程标准修订）义务教育教科书 英语 三年级 下册,小学,北京版,3,下册,1,2026-02-26T20:44:45.744+0800,https://basic.smartedu.cn/tchMaterial/detail?contentType=assets_document&contentId=5b9deb85-4480-4103-8ed8-8b013847d95a,43752154,missing,[],No matching wordlist in the imported source snapshot.
007b33ae-8a3b-46a2-a0af-f87a81f58bcb,（根据2022年版课程标准修订）义务教育教科书·英语 四年级上册,小学,北京版,4,上册,1,2026-01-22T01:57:42.535+0800,https://basic.smartedu.cn/tchMaterial/detail?contentType=assets_document&contentId=007b33ae-8a3b-46a2-a0af-f87a81f58bcb,40378588,missing,[],No matching wordlist in the imported source snapshot.
f0a47834-970c-3ed8-dc1a-e669e7389a21,（根据2022年版课程标准修订）义务教育教科书 英语 四年级上册,小学,北京版,4,上册,1,2026-08-12T14:14:10.389+0800,https://basic.smartedu.cn/tchMaterial/detail?contentType=assets_document&contentId=f0a47834-970c-3ed8-dc1a-e669e7389a21,71565976,missing,[],No matching wordlist in the imported source snapshot.
d81a9920-1ce0-4e99-9217-e68b1f9de9ec,（根据2022年版课程标准修订）义务教育教科书·英语 四年级下册,小学,北京版,4,下册,1,2026-03-09T14:45:09.680+0800,https://basic.smartedu.cn/tchMaterial/detail?contentType=assets_document&contentId=d81a9920-1ce0-4e99-9217-e68b1f9de9ec,55483334,missing,[],No matching wordlist in the imported source snapshot.
0303db18-107f-4695-abb5-e55521a88a77,（根据2022年版课程标准修订）义务教育教科书·英语 五年级上册,小学,北京版,5,上册,1,2026-01-22T01:57:42.541+0800,https://basic.smartedu.cn/tchMaterial/detail?contentType=assets_document&contentId=0303db18-107f-4695-abb5-e55521a88a77,89322440,missing,[],No matching wordlist in the imported source snapshot.
32eb3cef-0891-797d-4db0-9d57e55ac2b1,（根据2022年版课程标准修订）义务教育教科书 英语 五年级上册,小学,北京版,5,上册,1,2026-08-12T14:16:03.567+0800,https://basic.smartedu.cn/tchMaterial/detail?contentType=assets_document&contentId=32eb3cef-0891-797d-4db0-9d57e55ac2b1,56254420,missing,[],No matching wordlist in the imported source snapshot.
a6789af4-f728-4dab-85f2-1b50661ea8ea,（根据2022年版课程标准修订）义务教育教科书·英语 五年级下册,小学,北京版,5,下册,1,2026-03-09T15:27:39.996+0800,https://basic.smartedu.cn/tchMaterial/detail?contentType=assets_document&contentId=a6789af4-f728-4dab-85f2-1b50661ea8ea,45446117,missing,[],No matching wordlist in the imported source snapshot.
899e51ef-9692-440a-bba8-a1aacdec0584,（根据2022年版课程标准修订）义务教育教科书 英语 六年级上册,小学,北京版,6,上册,1,2026-08-21T11:34:40.424+0800,https://basic.smartedu.cn/tchMaterial/detail?contentType=assets_document&contentId=899e51ef-9692-440a-bba8-a1aacdec0584,34800390,missing,[],No matching wordlist in the imported source snapshot.
4f559402-173b-4e30-8dd9-34c180ef9409,义务教育教科书·英语（一年级起点）六年级下册,小学,北京版,6,下册,0,2026-03-02T18:26:37.221+0800,https://basic.smartedu.cn/tchMaterial/detail?contentType=assets_document&contentId=4f559402-173b-4e30-8dd9-34c180ef9409,170076496,missing,[],No matching wordlist in the imported source snapshot.
463b7f17-3252-a215-f2b5-3ef2a98bc85d,（根据2022年版课程标准修订）义务教育教科书 英语 三年级上册,小学,北师大版,3,上册,1,2026-01-22T02:04:27.468+0800,https://basic.smartedu.cn/tchMaterial/detail?contentType=assets_document&contentId=463b7f17-3252-a215-f2b5-3ef2a98bc85d,34300772,missing,[],No matching wordlist in the imported source snapshot.
6a39a134-3ddf-b8c8-4a03-236cfde8d555,（根据2022年版课程标准修订）义务教育教科书 英语 三年级上册,小学,北师大版,3,上册,1,2026-01-22T02:04:40.995+0800,https://basic.smartedu.cn/tchMaterial/detail?contentType=assets_document&contentId=6a39a134-3ddf-b8c8-4a03-236cfde8d555,46019252,missing,[],No matching wordlist in the imported source snapshot.
90e397d2-df7b-e14d-d50a-f9728d36547d,（根据2022年版课程标准修订）义务教育教科书 英语 三年级上册,小学,北师大版,3,上册,1,2026-08-26T10:26:50.879+0800,https://basic.smartedu.cn/tchMaterial/detail?contentType=assets_document&contentId=90e397d2-df7b-e14d-d50a-f9728d36547d,23472165,missing,[],No matching wordlist in the imported source snapshot.
d580ae4f-d167-44ae-bd33-c842b3f0abf8,（根据2022年版课程标准修订）义务教育教科书·英语三年级下册,小学,北师大版,3,下册,1,2026-01-22T02:04:26.991+0800,https://basic.smartedu.cn/tchMaterial/detail?contentType=assets_document&contentId=d580ae4f-d167-44ae-bd33-c842b3f0abf8,34836240,missing,[],No matching wordlist in the imported source snapshot.
6f91cdd6-99b8-63fd-5c1a-7ac5a56be009,（根据2022年版课程标准修订）义务教育教科书 英语 三年级下册,小学,北师大版,3,下册,1,2026-02-26T23:06:24.084+0800,https://basic.smartedu.cn/tchMaterial/detail?contentType=assets_document&contentId=6f91cdd6-99b8-63fd-5c1a-7ac5a56be009,33298658,missing,[],No matching wordlist in the imported source snapshot.
ac9053fd-ac1e-4aad-ad21-90e69779ec69,（根据2022年版课程标准修订）义务教育教科书 英语 四年级上册,小学,北师大版,4,上册,1,2026-01-22T01:57:42.667+0800,https://basic.smartedu.cn/tchMaterial/detail?contentType=assets_document&contentId=ac9053fd-ac1e-4aad-ad21-90e69779ec69,46890504,missing,[],No matching wordlist in the imported source snapshot.
20cad53d-664f-d980-2937-54b738d68870,（根据2022年版课程标准修订）义务教育教科书 英语 四年级上册,小学,北师大版,4,上册,1,2026-08-26T10:27:05.876+0800,https://basic.smartedu.cn/tchMaterial/detail?contentType=assets_document&contentId=20cad53d-664f-d980-2937-54b738d68870,23051283,missing,[],No matching wordlist in the imported source snapshot.
6b109156-89f6-4e9d-8a73-e429f7987df5,（根据2022年版课程标准修订）义务教育教科书 英语 四年级下册,小学,北师大版,4,下册,1,2026-03-02T18:23:13.830+0800,https://basic.smartedu.cn/tchMaterial/detail?contentType=assets_document&contentId=6b109156-89f6-4e9d-8a73-e429f7987df5,31858964,missing,[],No matching wordlist in the imported source snapshot.
acc12d6c-7996-4a76-8d42-cb20b3749496,（根据2022年版课程标准修订）义务教育教科书 英语 五年级上册,小学,北师大版,5,上册,1,2026-08-13T16:20:49.606+0800,https://basic.smartedu.cn/tchMaterial/detail?contentType=assets_document&contentId=acc12d6c-7996-4a76-8d42-cb20b3749496,29268073,missing,[],No matching wordlist in the imported source snapshot.
414c33cd-2d9d-48bc-a25b-c705a1482730,义务教育教科书·英语（三年级起点）五年级下册,小学,北师大版,5,下册,0,2026-09-04T10:12:09.196+0800,https://basic.smartedu.cn/tchMaterial/detail?contentType=assets_document&contentId=414c33cd-2d9d-48bc-a25b-c705a1482730,42346424,missing,[],No matching wordlist in the imported source snapshot.
50ca9a33-30da-45b2-9a71-f969817b2974,（根据2022年版课程标准修订）义务教育教科书 英语 六年级上册,小学,北师大版,6,上册,1,2026-09-15T16:40:02.054+0800,https://basic.smartedu.cn/tchMaterial/detail?contentType=assets_document&contentId=50ca9a33-30da-45b2-9a71-f969817b2974,27790961,missing,[],No matching wordlist in the imported source snapshot.
997f42d2-9de3-4c33-9eb0-d841ff277bac,义务教育教科书·英语（三年级起点）六年级下册,小学,北师大版,6,下册,0,2026-03-02T18:23:44.581+0800,https://basic.smartedu.cn/tchMaterial/detail?contentType=assets_document&contentId=997f42d2-9de3-4c33-9eb0-d841ff277bac,34718844,missing,[],No matching wordlist in the imported source snapshot.
0ff655ac-5fdf-769d-71ac-ebd4ac1b2dd9,（根据2022年版课程标准修订）义务教育教科书 英语 三年级上册,小学,外研社版(主编：张祖春）,3,上册,1,2026-01-22T02:06:45.090+0800,https://basic.smartedu.cn/tchMaterial/detail?contentType=assets_document&contentId=0ff655ac-5fdf-769d-71ac-ebd4ac1b2dd9,174072309,missing,[],No matching wordlist in the imported source snapshot.
a77ccfa5-bd84-9ed2-05e1-21ca37b41443,（根据2022年版课程标准修订）义务教育教科书·英语 三年级 上册,小学,外研社版(主编：张祖春）,3,上册,1,2026-03-02T17:05:21.260+0800,https://basic.smartedu.cn/tchMaterial/detail?contentType=assets_document&contentId=a77ccfa5-bd84-9ed2-05e1-21ca37b41443,206751161,missing,[],No matching wordlist in the imported source snapshot.
1a2bb0a7-ec95-453e-8821-455dc7082f51,（根据2022年版课程标准修订）义务教育教科书 英语 三年级下册,小学,外研社版(主编：张祖春）,3,下册,1,2026-01-22T02:06:49.533+0800,https://basic.smartedu.cn/tchMaterial/detail?contentType=assets_document&contentId=1a2bb0a7-ec95-453e-8821-455dc7082f51,149240066,missing,[],No matching wordlist in the imported source snapshot.
4a407446-9342-02c5-710f-4e23e0895377,（根据2022年版课程标准修订）义务教育教科书·英语 三年级 下册,小学,外研社版(主编：张祖春）,3,下册,1,2026-03-02T17:05:43.001+0800,https://basic.smartedu.cn/tchMaterial/detail?contentType=assets_document&contentId=4a407446-9342-02c5-710f-4e23e0895377,165968647,missing,[],No matching wordlist in the imported source snapshot.
f3c9d192-b4b9-d536-6731-d9c8c538c64d,（根据2022年版课程标准修订）义务教育教科书 英语 四年级上册,小学,外研社版(主编：张祖春）,4,上册,1,2026-01-22T01:57:42.545+0800,https://basic.smartedu.cn/tchMaterial/detail?contentType=assets_document&contentId=f3c9d192-b4b9-d536-6731-d9c8c538c64d,113857320,missing,[],No matching wordlist in the imported source snapshot.
351d40d6-6d10-bd6f-42a8-287da8119034,（根据2022年版课程标准修订）义务教育教科书 英语 四年级上册,小学,外研社版(主编：张祖春）,4,上册,1,2026-08-11T14:28:05.857+0800,https://basic.smartedu.cn/tchMaterial/detail?contentType=assets_document&contentId=351d40d6-6d10-bd6f-42a8-287da8119034,132537713,missing,[],No matching wordlist in the imported source snapshot.
d3bacb13-07ee-0fd8-0e38-fda3a9a6abca,（根据2022年版课程标准修订）义务教育教科书·英语 四年级下册,小学,外研社版(主编：张祖春）,4,下册,1,2026-03-02T17:06:04.758+0800,https://basic.smartedu.cn/tchMaterial/detail?contentType=assets_document&contentId=d3bacb13-07ee-0fd8-0e38-fda3a9a6abca,217148793,missing,[],No matching wordlist in the imported source snapshot.
3214d51b-9bd2-f6d2-c83b-1438b59596fb,（根据2022年版课程标准修订）义务教育教科书 英语 五年级上册,小学,外研社版(主编：张祖春）,5,上册,1,2026-08-11T14:30:01.957+0800,https://basic.smartedu.cn/tchMaterial/detail?contentType=assets_document&contentId=3214d51b-9bd2-f6d2-c83b-1438b59596fb,150476350,missing,[],No matching wordlist in the imported source snapshot.
142d5d5c-e3ea-2261-6134-b39199a4e6bc,（根据2022年版课程标准修订）义务教育教科书·英语 三年级上册,小学,外研社版（主编：刘兆义）,3,上册,1,2026-01-22T02:04:27.468+0800,https://basic.smartedu.cn/tchMaterial/detail?contentType=assets_document&contentId=142d5d5c-e3ea-2261-6134-b39199a4e6bc,126364794,missing,[],No matching wordlist in the imported source snapshot.
6992d6f3-2f8f-7df1-bd5b-cd18e6a7a149,（根据2022年版课程标准修订）义务教育教科书 英语 三年级上册,小学,外研社版（主编：刘兆义）,3,上册,1,2026-01-22T02:04:24.083+0800,https://basic.smartedu.cn/tchMaterial/detail?contentType=assets_document&contentId=6992d6f3-2f8f-7df1-bd5b-cd18e6a7a149,122492789,missing,[],No matching wordlist in the imported source snapshot.
2147a86f-ff8b-dcdb-e1f7-386dd70e66bf,（根据2022年版课程标准修订）义务教育教科书·英语 三年级上册,小学,外研社版（主编：刘兆义）,3,上册,1,2026-08-11T13:54:30.962+0800,https://basic.smartedu.cn/tchMaterial/detail?contentType=assets_document&contentId=2147a86f-ff8b-dcdb-e1f7-386dd70e66bf,170963165,missing,[],No matching wordlist in the imported source snapshot.
4c34b03c-933c-4a67-b211-f5d79fb05001,（根据2022年版课程标准修订）义务教育教科书·英语三年级下册,小学,外研社版（主编：刘兆义）,3,下册,1,2026-01-22T02:04:27.020+0800,https://basic.smartedu.cn/tchMaterial/detail?contentType=assets_document&contentId=4c34b03c-933c-4a67-b211-f5d79fb05001,71507206,missing,[],No matching wordlist in the imported source snapshot.
908567fb-3ad3-c299-d075-6129c64f9aa9,（根据2022年版课程标准修订）义务教育教科书·英语 三年级 下册,小学,外研社版（主编：刘兆义）,3,下册,1,2026-03-02T17:03:39.458+0800,https://basic.smartedu.cn/tchMaterial/detail?contentType=assets_document&contentId=908567fb-3ad3-c299-d075-6129c64f9aa9,104801563,missing,[],No matching wordlist in the imported source snapshot.
cf593196-d7db-8090-2b1a-116a356dfde6,（根据2022年版课程标准修订）义务教育教科书 英语 四年级上册,小学,外研社版（主编：刘兆义）,4,上册,1,2026-01-22T01:57:40.266+0800,https://basic.smartedu.cn/tchMaterial/detail?contentType=assets_document&contentId=cf593196-d7db-8090-2b1a-116a356dfde6,106708584,missing,[],No matching wordlist in the imported source snapshot.
9d2c353b-1c7f-150b-d59b-9b878d3e8638,（根据2022年版课程标准修订）义务教育教科书·英语 四年级上册,小学,外研社版（主编：刘兆义）,4,上册,1,2026-08-11T13:58:34.268+0800,https://basic.smartedu.cn/tchMaterial/detail?contentType=assets_document&contentId=9d2c353b-1c7f-150b-d59b-9b878d3e8638,127379210,missing,[],No matching wordlist in the imported source snapshot.
9a553639-4521-4cce-aa9f-09281b1a653b,（根据2022年版课程标准修订）义务教育教科书·英语 四年级下册,小学,外研社版（主编：刘兆义）,4,下册,1,2026-03-02T18:32:54.101+0800,https://basic.smartedu.cn/tchMaterial/detail?contentType=assets_document&contentId=9a553639-4521-4cce-aa9f-09281b1a653b,199280452,missing,[],No matching wordlist in the imported source snapshot.
17edec76-0f9d-451d-a131-8bdc41912684,（根据2022年版课程标准修订）义务教育教科书·英语 五年级上册,小学,外研社版（主编：刘兆义）,5,上册,1,2026-08-13T12:41:16.422+0800,https://basic.smartedu.cn/tchMaterial/detail?contentType=assets_document&contentId=17edec76-0f9d-451d-a131-8bdc41912684,142419858,missing,[],No matching wordlist in the imported source snapshot.
2d8172eb-6fda-4c76-bd93-8af135046d9a,义务教育教科书·英语（三年级起点）五年级下册,小学,外研社版（主编：刘兆义）,5,下册,0,2026-03-02T18:27:08.757+0800,https://basic.smartedu.cn/tchMaterial/detail?contentType=assets_document&contentId=2d8172eb-6fda-4c76-bd93-8af135046d9a,174943532,missing,[],No matching wordlist in the imported source snapshot.
d8309204-6817-4c4f-9e23-6b410a5f55db,（根据2022年版课程标准修订）义务教育教科书·英语 六年级上册,小学,外研社版（主编：刘兆义）,6,上册,1,2026-08-13T12:40:44.726+0800,https://basic.smartedu.cn/tchMaterial/detail?contentType=assets_document&contentId=d8309204-6817-4c4f-9e23-6b410a5f55db,108152200,missing,[],No matching wordlist in the imported source snapshot.
aa01baf9-e504-49de-bb89-2d195c1ad391,义务教育教科书·英语（三年级起点）六年级下册,小学,外研社版（主编：刘兆义）,6,下册,0,2026-03-02T18:33:20.854+0800,https://basic.smartedu.cn/tchMaterial/detail?contentType=assets_document&contentId=aa01baf9-e504-49de-bb89-2d195c1ad391,202621184,missing,[],No matching wordlist in the imported source snapshot.
42a87e09-e53e-59ea-8740-a1302a194d16,（根据2022年版课程标准修订）义务教育教科书 英语 三年级上册,小学,外研社版（主编：孙有中）,3,上册,1,2026-01-22T02:04:12.269+0800,https://basic.smartedu.cn/tchMaterial/detail?contentType=assets_document&contentId=42a87e09-e53e-59ea-8740-a1302a194d16,175137231,missing,[],No matching wordlist in the imported source snapshot.
e51639ec-78db-84cf-c1f5-100c3565cb85,（根据2022年版课程标准修订）义务教育教科书 英语 三年级上册,小学,外研社版（主编：孙有中）,3,上册,1,2026-01-22T02:04:24.073+0800,https://basic.smartedu.cn/tchMaterial/detail?contentType=assets_document&contentId=e51639ec-78db-84cf-c1f5-100c3565cb85,152405329,missing,[],No matching wordlist in the imported source snapshot.
edb32f67-1cf7-94d6-0626-e14dc08b377a,（根据2022年版课程标准修订）义务教育教科书 英语 三年级上册,小学,外研社版（主编：孙有中）,3,上册,1,2026-08-11T14:15:11.123+0800,https://basic.smartedu.cn/tchMaterial/detail?contentType=assets_document&contentId=edb32f67-1cf7-94d6-0626-e14dc08b377a,174747169,missing,[],No matching wordlist in the imported source snapshot.
9b2c031b-fa86-26a5-65e0-247b5c44bc98,（根据2022年版课程标准修订）义务教育教科书 英语 三年级下册,小学,外研社版（主编：孙有中）,3,下册,1,2026-01-22T02:05:52.389+0800,https://basic.smartedu.cn/tchMaterial/detail?contentType=assets_document&contentId=9b2c031b-fa86-26a5-65e0-247b5c44bc98,192437132,missing,[],No matching wordlist in the imported source snapshot.
cf006d93-fbec-0d59-f36e-2253fd4bb09c,（根据2022年版课程标准修订）义务教育教科书·英语 三年级 下册,小学,外研社版（主编：孙有中）,3,下册,1,2026-03-02T17:08:56.831+0800,https://basic.smartedu.cn/tchMaterial/detail?contentType=assets_document&contentId=cf006d93-fbec-0d59-f36e-2253fd4bb09c,211321272,missing,[],No matching wordlist in the imported source snapshot.
2bea95cf-46e6-40cc-ae87-07cc474b3956,（根据2022年版课程标准修订）义务教育教科书·英语 四年级上册,小学,外研社版（主编：孙有中）,4,上册,1,2026-01-22T01:57:42.407+0800,https://basic.smartedu.cn/tchMaterial/detail?contentType=assets_document&contentId=2bea95cf-46e6-40cc-ae87-07cc474b3956,131776909,missing,[],No matching wordlist in the imported source snapshot.
6cead28f-ad08-dcec-eda1-6cbc71f157b9,（根据2022年版课程标准修订）义务教育教科书 英语 四年级上册,小学,外研社版（主编：孙有中）,4,上册,1,2026-08-11T14:19:10.621+0800,https://basic.smartedu.cn/tchMaterial/detail?contentType=assets_document&contentId=6cead28f-ad08-dcec-eda1-6cbc71f157b9,140395477,missing,[],No matching wordlist in the imported source snapshot.
e7cf1b69-fa7b-19c5-6201-623f10c364b8,（根据2022年版课程标准修订）义务教育教科书·英语 四年级下册,小学,外研社版（主编：孙有中）,4,下册,1,2026-03-02T17:09:31.189+0800,https://basic.smartedu.cn/tchMaterial/detail?contentType=assets_document&contentId=e7cf1b69-fa7b-19c5-6201-623f10c364b8,387409170,missing,[],No matching wordlist in the imported source snapshot.
01d7476f-7fbd-738c-3127-ad261b9cbe83,（根据2022年版课程标准修订）义务教育教科书 英语 五年级上册,小学,外研社版（主编：孙有中）,5,上册,1,2026-01-22T01:57:42.676+0800,https://basic.smartedu.cn/tchMaterial/detail?contentType=assets_document&contentId=01d7476f-7fbd-738c-3127-ad261b9cbe83,193736113,missing,[],No matching wordlist in the imported source snapshot.
77c1748b-51a5-ba5d-8868-a2c7055678b5,（根据2022年版课程标准修订）义务教育教科书 英语 五年级上册,小学,外研社版（主编：孙有中）,5,上册,1,2026-08-21T14:46:12.120+0800,https://basic.smartedu.cn/tchMaterial/detail?contentType=assets_document&contentId=77c1748b-51a5-ba5d-8868-a2c7055678b5,228036719,missing,[],No matching wordlist in the imported source snapshot.
2e4a649a-af6f-0905-9693-5c5c93548622,（根据2022年版课程标准修订）义务教育教科书·英语 五年级下册,小学,外研社版（主编：孙有中）,5,下册,1,2026-03-02T17:09:53.614+0800,https://basic.smartedu.cn/tchMaterial/detail?contentType=assets_document&contentId=2e4a649a-af6f-0905-9693-5c5c93548622,406140919,missing,[],No matching wordlist in the imported source snapshot.
a415cb61-eb1d-170b-b7d0-e810717bf6f8,（根据2022年版课程标准修订）义务教育教科书 英语 六年级上册,小学,外研社版（主编：孙有中）,6,上册,1,2026-08-21T15:05:37.436+0800,https://basic.smartedu.cn/tchMaterial/detail?contentType=assets_document&contentId=a415cb61-eb1d-170b-b7d0-e810717bf6f8,125215784,missing,[],No matching wordlist in the imported source snapshot.
e46c60ee-2e73-ced1-6fe2-4676f662f86c,（根据2022年版课程标准修订）义务教育教科书•英语 三年级上册,小学,川教版,3,上册,1,2026-01-22T02:04:27.465+0800,https://basic.smartedu.cn/tchMaterial/detail?contentType=assets_document&contentId=e46c60ee-2e73-ced1-6fe2-4676f662f86c,148663198,missing,[],No matching wordlist in the imported source snapshot.
abe9d1de-2c6a-ee6b-d0ee-b6ea8247caa1,（根据2022年版课程标准修订）义务教育教科书•英语 三年级上册,小学,川教版,3,上册,1,2026-01-22T02:04:40.894+0800,https://basic.smartedu.cn/tchMaterial/detail?contentType=assets_document&contentId=abe9d1de-2c6a-ee6b-d0ee-b6ea8247caa1,21698003,missing,[],No matching wordlist in the imported source snapshot.
72c5aed6-a21b-1255-ab15-141fcfb7f4ec,（根据2022年版课程标准修订）义务教育教科书•英语 三年级上册,小学,川教版,3,上册,1,2026-08-26T10:29:00.252+0800,https://basic.smartedu.cn/tchMaterial/detail?contentType=assets_document&contentId=72c5aed6-a21b-1255-ab15-141fcfb7f4ec,97029180,missing,[],No matching wordlist in the imported source snapshot.
268943ee-b215-41fb-9b89-d6c5ef1d6f44,（根据2022年版课程标准修订）义务教育教科书·英语三年级下册,小学,川教版,3,下册,1,2026-01-22T02:04:26.989+0800,https://basic.smartedu.cn/tchMaterial/detail?contentType=assets_document&contentId=268943ee-b215-41fb-9b89-d6c5ef1d6f44,36629759,missing,[],No matching wordlist in the imported source snapshot.
a70bcbcd-12f9-3dd5-8616-9c387bb53f9e,（根据2022年版课程标准修订）义务教育教科书·英语 三年级 下册,小学,川教版,3,下册,1,2026-03-02T17:02:47.007+0800,https://basic.smartedu.cn/tchMaterial/detail?contentType=assets_document&contentId=a70bcbcd-12f9-3dd5-8616-9c387bb53f9e,51269866,missing,[],No matching wordlist in the imported source snapshot.
12bbf0bc-9f5b-4bea-a102-83ed34dc2d68,（根据2022年版课程标准修订）义务教育教科书•英语 四年级上册,小学,川教版,4,上册,1,2026-01-22T01:57:42.393+0800,https://basic.smartedu.cn/tchMaterial/detail?contentType=assets_document&contentId=12bbf0bc-9f5b-4bea-a102-83ed34dc2d68,85855476,missing,[],No matching wordlist in the imported source snapshot.
2e28ff79-bb80-46a6-6d79-11a144df2d84,（根据2022年版课程标准修订）义务教育教科书•英语 四年级上册,小学,川教版,4,上册,1,2026-08-26T10:29:27.285+0800,https://basic.smartedu.cn/tchMaterial/detail?contentType=assets_document&contentId=2e28ff79-bb80-46a6-6d79-11a144df2d84,96485007,missing,[],No matching wordlist in the imported source snapshot.
96be5f08-1422-4c0e-8458-88bdbfb3c930,（根据2022年版课程标准修订）义务教育教科书•英语 四年级下册,小学,川教版,4,下册,1,2026-03-02T18:13:37.922+0800,https://basic.smartedu.cn/tchMaterial/detail?contentType=assets_document&contentId=96be5f08-1422-4c0e-8458-88bdbfb3c930,51810226,missing,[],No matching wordlist in the imported source snapshot.
95598bab-ceae-4f59-9948-beefc0116e57,（根据2022年版课程标准修订）义务教育教科书·英语五年级上册,小学,川教版,5,上册,1,2026-08-05T14:42:42.447+0800,https://basic.smartedu.cn/tchMaterial/detail?contentType=assets_document&contentId=95598bab-ceae-4f59-9948-beefc0116e57,87690326,missing,[],No matching wordlist in the imported source snapshot.
ac2f99d6-d609-4b5e-8a46-369898eaf0c4,义务教育教科书·英语（三年级起点）五年级下册,小学,川教版,5,下册,0,2026-03-02T18:12:07.639+0800,https://basic.smartedu.cn/tchMaterial/detail?contentType=assets_document&contentId=ac2f99d6-d609-4b5e-8a46-369898eaf0c4,21335173,missing,[],No matching wordlist in the imported source snapshot.
89bb1762-9950-49c5-8d74-d499c27d2ff4,（根据2022年版课程标准修订）义务教育教科书·英语六年级上册,小学,川教版,6,上册,1,2026-08-13T11:55:39.063+0800,https://basic.smartedu.cn/tchMaterial/detail?contentType=assets_document&contentId=89bb1762-9950-49c5-8d74-d499c27d2ff4,84774992,missing,[],No matching wordlist in the imported source snapshot.
2be9aba6-81cf-4367-b85c-4dd385fcd58b,义务教育教科书·英语（三年级起点）六年级下册,小学,川教版,6,下册,0,2026-09-04T10:11:03.039+0800,https://basic.smartedu.cn/tchMaterial/detail?contentType=assets_document&contentId=2be9aba6-81cf-4367-b85c-4dd385fcd58b,95574519,missing,[],No matching wordlist in the imported source snapshot.
b3f9fcf6-27bd-4779-8275-365d4842388a,（根据2022年版课程标准修订）义务教育教科书•英语 三年级上册,小学,接力社版,3,上册,1,2026-08-14T17:27:24.812+0800,https://basic.smartedu.cn/tchMaterial/detail?contentType=assets_document&contentId=b3f9fcf6-27bd-4779-8275-365d4842388a,37561443,missing,[],No matching wordlist in the imported source snapshot.
9ae3ffb8-8e6f-4a7a-bef7-a59ba953168d,（根据2022年版课程标准修订）义务教育教科书·英语三年级下册,小学,接力社版,3,下册,1,2026-01-22T02:04:27.019+0800,https://basic.smartedu.cn/tchMaterial/detail?contentType=assets_document&contentId=9ae3ffb8-8e6f-4a7a-bef7-a59ba953168d,66279222,missing,[],No matching wordlist in the imported source snapshot.
8096f798-4e9e-7d9e-2494-2aab025ce254,（根据2022年版课程标准修订）义务教育教科书•英语三年级下册,小学,接力社版,3,下册,1,2026-02-26T23:00:15.395+0800,https://basic.smartedu.cn/tchMaterial/detail?contentType=assets_document&contentId=8096f798-4e9e-7d9e-2494-2aab025ce254,7234508,missing,[],No matching wordlist in the imported source snapshot.
345de000-9398-4f0e-8076-8fc93068341e,（根据2022年版课程标准修订）义务教育教科书•英语 四年级上册,小学,接力社版,4,上册,1,2026-08-17T16:26:39.369+0800,https://basic.smartedu.cn/tchMaterial/detail?contentType=assets_document&contentId=345de000-9398-4f0e-8076-8fc93068341e,45236220,missing,[],No matching wordlist in the imported source snapshot.
6a850434-e0b2-405b-9abe-6d9f7b2503dc,（根据2022年版课程标准修订）义务教育教科书•英语四年级下册,小学,接力社版,4,下册,1,2026-03-02T18:16:12.917+0800,https://basic.smartedu.cn/tchMaterial/detail?contentType=assets_document&contentId=6a850434-e0b2-405b-9abe-6d9f7b2503dc,43586101,missing,[],No matching wordlist in the imported source snapshot.
005f2d22-4be8-7f2f-3507-a8f160885567,（根据2022年版课程标准修订）义务教育教科书·英语 四年级 下册,小学,接力社版,4,下册,1,2026-03-02T17:06:36.379+0800,https://basic.smartedu.cn/tchMaterial/detail?contentType=assets_document&contentId=005f2d22-4be8-7f2f-3507-a8f160885567,43586101,missing,[],No matching wordlist in the imported source snapshot.
c195ff53-268c-492f-b10d-6b281cad112f,（根据2022年版课程标准修订）义务教育教科书•英语 五年级上册,小学,接力社版,5,上册,1,2026-09-04T10:11:50.319+0800,https://basic.smartedu.cn/tchMaterial/detail?contentType=assets_document&contentId=c195ff53-268c-492f-b10d-6b281cad112f,34588085,missing,[],No matching wordlist in the imported source snapshot.
3f675da4-c5c7-45dc-85d1-a181a411df52,义务教育教科书·英语（三年级起点）五年级下册,小学,接力社版,5,下册,0,2026-03-02T18:15:14.674+0800,https://basic.smartedu.cn/tchMaterial/detail?contentType=assets_document&contentId=3f675da4-c5c7-45dc-85d1-a181a411df52,9421757,missing,[],No matching wordlist in the imported source snapshot.
5a69664c-525c-49c1-8e65-23c3c7c5f6fc,（根据2022年版课程标准修订）义务教育教科书•英语 六年级上册,小学,接力社版,6,上册,1,2026-09-04T10:11:51.030+0800,https://basic.smartedu.cn/tchMaterial/detail?contentType=assets_document&contentId=5a69664c-525c-49c1-8e65-23c3c7c5f6fc,33875852,missing,[],No matching wordlist in the imported source snapshot.
74d234e0-f633-4f6a-ac1d-82c29f3902ba,义务教育教科书·英语（三年级起点）六年级下册,小学,接力社版,6,下册,0,2026-03-02T18:15:09.587+0800,https://basic.smartedu.cn/tchMaterial/detail?contentType=assets_document&contentId=74d234e0-f633-4f6a-ac1d-82c29f3902ba,8523963,missing,[],No matching wordlist in the imported source snapshot.
c6b9cff5-5e13-bcc2-00b5-394a624b3650,（根据2022年版课程标准修订）义务教育教科书  英语 三年级上册,小学,教科版（主编：龚亚夫）,3,上册,1,2026-01-22T02:04:27.342+0800,https://basic.smartedu.cn/tchMaterial/detail?contentType=assets_document&contentId=c6b9cff5-5e13-bcc2-00b5-394a624b3650,67821625,missing,[],No matching wordlist in the imported source snapshot.
c376a427-6b9f-dd31-c352-e065cd754a10,（根据2022年版课程标准修订）义务教育教科书•英语 三年级上册,小学,教科版（主编：龚亚夫）,3,上册,1,2026-07-15T10:58:11.323+0800,https://basic.smartedu.cn/tchMaterial/detail?contentType=assets_document&contentId=c376a427-6b9f-dd31-c352-e065cd754a10,66972605,missing,[],No matching wordlist in the imported source snapshot.
835bebfe-6b17-b05a-5c97-23b115f3b1c8,（根据2022年版课程标准修订）义务教育教科书•英语 三年级上册,小学,教科版（主编：龚亚夫）,3,上册,1,2026-08-26T10:28:22.962+0800,https://basic.smartedu.cn/tchMaterial/detail?contentType=assets_document&contentId=835bebfe-6b17-b05a-5c97-23b115f3b1c8,42139557,missing,[],No matching wordlist in the imported source snapshot.
d07478ce-cc45-4867-bc21-067c03a79896,（根据2022年版课程标准修订）义务教育教科书·英语三年级下册,小学,教科版（主编：龚亚夫）,3,下册,1,2026-01-22T02:04:27.463+0800,https://basic.smartedu.cn/tchMaterial/detail?contentType=assets_document&contentId=d07478ce-cc45-4867-bc21-067c03a79896,77788966,missing,[],No matching wordlist in the imported source snapshot.
fe431b88-6bd5-6745-4a08-2e155bb60caa,（根据2022年版课程标准修订）义务教育教科书·英语三年级下册,小学,教科版（主编：龚亚夫）,3,下册,1,2026-02-28T14:38:11.042+0800,https://basic.smartedu.cn/tchMaterial/detail?contentType=assets_document&contentId=fe431b88-6bd5-6745-4a08-2e155bb60caa,40764040,missing,[],No matching wordlist in the imported source snapshot.
15fc1678-b77d-4c75-a647-928ea8cc06c5,（根据2022年版课程标准修订）义务教育教科书·英语 四年级上册,小学,教科版（主编：龚亚夫）,4,上册,1,2026-03-02T16:17:57.152+0800,https://basic.smartedu.cn/tchMaterial/detail?contentType=assets_document&contentId=15fc1678-b77d-4c75-a647-928ea8cc06c5,118913456,missing,[],No matching wordlist in the imported source snapshot.
318b43d8-f721-ca1b-2aad-17325edc9b41,（根据2022年版课程标准修订）义务教育教科书·英语 四年级上册,小学,教科版（主编：龚亚夫）,4,上册,1,2026-08-27T09:30:48.664+0800,https://basic.smartedu.cn/tchMaterial/detail?contentType=assets_document&contentId=318b43d8-f721-ca1b-2aad-17325edc9b41,47163603,missing,[],No matching wordlist in the imported source snapshot.
9eb75cb9-46a3-4236-afd0-1a7e4de2ebab,（根据2022年版课程标准修订）义务教育教科书·英语 四年级下册,小学,教科版（主编：龚亚夫）,4,下册,1,2026-03-02T18:17:12.494+0800,https://basic.smartedu.cn/tchMaterial/detail?contentType=assets_document&contentId=9eb75cb9-46a3-4236-afd0-1a7e4de2ebab,47491760,missing,[],No matching wordlist in the imported source snapshot.
27eb5941-f566-431a-a2a6-92e45a2995e1,（根据2022年版课程标准修订）义务教育教科书·英语 五年级上册,小学,教科版（主编：龚亚夫）,5,上册,1,2026-08-27T13:06:35.086+0800,https://basic.smartedu.cn/tchMaterial/detail?contentType=assets_document&contentId=27eb5941-f566-431a-a2a6-92e45a2995e1,46514200,missing,[],No matching wordlist in the imported source snapshot.
285ae1ca-33f3-40b5-b9c8-c6fd8256168b,义务教育教科书·英语（三年级起点）五年级下册,小学,教科版（主编：龚亚夫）,5,下册,0,2026-03-02T18:16:52.083+0800,https://basic.smartedu.cn/tchMaterial/detail?contentType=assets_document&contentId=285ae1ca-33f3-40b5-b9c8-c6fd8256168b,90713650,missing,[],No matching wordlist in the imported source snapshot.
02d7c475-79f8-49a8-aad1-2d7d880e159f,（根据2022年版课程标准修订）义务教育教科书·英语 六年级上册,小学,教科版（主编：龚亚夫）,6,上册,1,2026-08-27T12:41:04.768+0800,https://basic.smartedu.cn/tchMaterial/detail?contentType=assets_document&contentId=02d7c475-79f8-49a8-aad1-2d7d880e159f,44479703,missing,[],No matching wordlist in the imported source snapshot.
27b8ff2b-75e6-4265-a3ab-d6cee85b939a,义务教育教科书·英语（三年级起点）六年级下册,小学,教科版（主编：龚亚夫）,6,下册,0,2026-03-02T18:17:29.967+0800,https://basic.smartedu.cn/tchMaterial/detail?contentType=assets_document&contentId=27b8ff2b-75e6-4265-a3ab-d6cee85b939a,71775573,missing,[],No matching wordlist in the imported source snapshot.
0b7d570b-33a2-3c5d-2cab-00c3ddb65e57,（根据2022年版课程标准修订）义务教育教科书 • 英语 三年级上册,小学,沪教版,3,上册,1,2026-01-22T02:04:27.562+0800,https://basic.smartedu.cn/tchMaterial/detail?contentType=assets_document&contentId=0b7d570b-33a2-3c5d-2cab-00c3ddb65e57,57254264,missing,[],No matching wordlist in the imported source snapshot.
8894b571-bd8c-27a4-4390-cb74f7ddc81f,（根据2022年版课程标准修订）义务教育教科书 • 英语 三年级上册,小学,沪教版,3,上册,1,2026-01-22T02:04:40.922+0800,https://basic.smartedu.cn/tchMaterial/detail?contentType=assets_document&contentId=8894b571-bd8c-27a4-4390-cb74f7ddc81f,139262935,missing,[],No matching wordlist in the imported source snapshot.
6ee46e5b-cba2-6fce-e824-afcc197a1788,（根据2022年版课程标准修订）义务教育教科书 • 英语 三年级上册,小学,沪教版,3,上册,1,2026-08-31T14:17:40.172+0800,https://basic.smartedu.cn/tchMaterial/detail?contentType=assets_document&contentId=6ee46e5b-cba2-6fce-e824-afcc197a1788,63682879,missing,[],No matching wordlist in the imported source snapshot.
d523d9fc-abf2-48a3-94e6-6d9a25fae4af,（根据2022年版课程标准修订）义务教育教科书·英语三年级下册,小学,沪教版,3,下册,1,2026-01-22T02:04:26.993+0800,https://basic.smartedu.cn/tchMaterial/detail?contentType=assets_document&contentId=d523d9fc-abf2-48a3-94e6-6d9a25fae4af,269250908,missing,[],No matching wordlist in the imported source snapshot.
132dd1f4-f988-43bb-ab9a-c3aad3c93420,（根据2022年版课程标准修订）义务教育教科书·英语三年级下册,小学,沪教版,3,下册,1,2026-02-24T14:30:27.353+0800,https://basic.smartedu.cn/tchMaterial/detail?contentType=assets_document&contentId=132dd1f4-f988-43bb-ab9a-c3aad3c93420,111959387,missing,[],No matching wordlist in the imported source snapshot.
6c6edb6c-60ca-4c29-82df-a2357f087f60,（根据2022年版课程标准修订）义务教育教科书·英语四年级上册,小学,沪教版,4,上册,1,2026-08-17T16:01:12.493+0800,https://basic.smartedu.cn/tchMaterial/detail?contentType=assets_document&contentId=6c6edb6c-60ca-4c29-82df-a2357f087f60,295474912,missing,[],No matching wordlist in the imported source snapshot.
bcbf979a-3027-d32b-4c71-44a063549cd8,（根据2022年版课程标准修订）义务教育教科书·英语四年级上册,小学,沪教版,4,上册,1,2026-08-26T10:26:47.989+0800,https://basic.smartedu.cn/tchMaterial/detail?contentType=assets_document&contentId=bcbf979a-3027-d32b-4c71-44a063549cd8,67941638,missing,[],No matching wordlist in the imported source snapshot.
0f2a0c94-50c1-4b7a-8211-8ff18da1d475,（根据2022年版课程标准修订）义务教育教科书·英语 四年级下册,小学,沪教版,4,下册,1,2026-03-02T18:16:58.237+0800,https://basic.smartedu.cn/tchMaterial/detail?contentType=assets_document&contentId=0f2a0c94-50c1-4b7a-8211-8ff18da1d475,109251205,missing,[],No matching wordlist in the imported source snapshot.
e97bf778-237b-4c23-b71d-6f7b80078f66,（根据2022年版课程标准修订）义务教育教科书•英语 五年级上册,小学,沪教版,5,上册,1,2026-08-27T10:19:39.116+0800,https://basic.smartedu.cn/tchMaterial/detail?contentType=assets_document&contentId=e97bf778-237b-4c23-b71d-6f7b80078f66,74216615,missing,[],No matching wordlist in the imported source snapshot.
70085bc7-91aa-4726-9f92-8eed80d30276,义务教育教科书·英语（三年级起点）五年级下册,小学,沪教版,5,下册,0,2026-09-04T10:11:16.042+0800,https://basic.smartedu.cn/tchMaterial/detail?contentType=assets_document&contentId=70085bc7-91aa-4726-9f92-8eed80d30276,19913586,missing,[],No matching wordlist in the imported source snapshot.
b25139ad-009e-4537-afe7-f393a5e43ef1,（根据2022年版课程标准修订）义务教育教科书•英语 六年级上册,小学,沪教版,6,上册,1,2026-08-27T10:21:01.678+0800,https://basic.smartedu.cn/tchMaterial/detail?contentType=assets_document&contentId=b25139ad-009e-4537-afe7-f393a5e43ef1,61201016,missing,[],No matching wordlist in the imported source snapshot.
63f19462-c7e5-43cb-a5db-756341614929,义务教育教科书·英语（三年级起点）六年级下册,小学,沪教版,6,下册,0,2026-03-02T18:13:29.041+0800,https://basic.smartedu.cn/tchMaterial/detail?contentType=assets_document&contentId=63f19462-c7e5-43cb-a5db-756341614929,86695602,missing,[],No matching wordlist in the imported source snapshot.
1f7fdc68-ac36-a661-3492-aa418d98fef1,（根据2022年版课程标准修订）义务教育教科书·英语 三年级上册,小学,清华大学版,3,上册,1,2026-01-22T02:06:49.533+0800,https://basic.smartedu.cn/tchMaterial/detail?contentType=assets_document&contentId=1f7fdc68-ac36-a661-3492-aa418d98fef1,453860482,missing,[],No matching wordlist in the imported source snapshot.
6b773562-c248-d10d-e564-4102d7adafca,（根据2022年版课程标准修订）义务教育教科书·英语 三年级上册,小学,清华大学版,3,上册,1,2026-08-26T10:48:28.493+0800,https://basic.smartedu.cn/tchMaterial/detail?contentType=assets_document&contentId=6b773562-c248-d10d-e564-4102d7adafca,453820615,missing,[],No matching wordlist in the imported source snapshot.
4540c302-13cc-4285-8b7d-2bea2641a836,（根据2022年版课程标准修订）义务教育教科书·英语 三年级下册,小学,清华大学版,3,下册,1,2026-09-04T13:10:19.096+0800,https://basic.smartedu.cn/tchMaterial/detail?contentType=assets_document&contentId=4540c302-13cc-4285-8b7d-2bea2641a836,347852869,missing,[],No matching wordlist in the imported source snapshot.
e677e6d8-9120-4fcb-8bed-bd0f317d1a6d,（根据2022年版课程标准修订）义务教育教科书·英语 四年级上册,小学,清华大学版,4,上册,1,2026-09-02T16:56:59.289+0800,https://basic.smartedu.cn/tchMaterial/detail?contentType=assets_document&contentId=e677e6d8-9120-4fcb-8bed-bd0f317d1a6d,280968025,missing,[],No matching wordlist in the imported source snapshot.
4ed88cfe-0d65-4379-9cd2-84e0854e6c11,（根据2022年版课程标准修订）义务教育教科书·英语 四年级下册,小学,清华大学版,4,下册,1,2026-09-04T13:13:00.192+0800,https://basic.smartedu.cn/tchMaterial/detail?contentType=assets_document&contentId=4ed88cfe-0d65-4379-9cd2-84e0854e6c11,309166092,missing,[],No matching wordlist in the imported source snapshot.
e1d92f0a-3eab-4403-a5c4-9c50b17e1cd7,（根据2022年版课程标准修订）义务教育教科书·英语 五年级上册,小学,清华大学版,5,上册,1,2026-09-02T16:57:53.537+0800,https://basic.smartedu.cn/tchMaterial/detail?contentType=assets_document&contentId=e1d92f0a-3eab-4403-a5c4-9c50b17e1cd7,192140299,missing,[],No matching wordlist in the imported source snapshot.
0dd63a9b-06e7-48ea-ac29-a356178dd842,（根据2022年版课程标准修订）义务教育教科书·英语 六年级上册,小学,清华大学版,6,上册,1,2026-09-02T16:56:39.032+0800,https://basic.smartedu.cn/tchMaterial/detail?contentType=assets_document&contentId=0dd63a9b-06e7-48ea-ac29-a356178dd842,119850869,missing,[],No matching wordlist in the imported source snapshot.
da37ef7f-504d-258a-bb68-6f0f64ec294b,（根据2022年版课程标准修订）义务教育教科书·英语 三年级上册,小学,湘少版,3,上册,1,2026-01-22T02:04:27.326+0800,https://basic.smartedu.cn/tchMaterial/detail?contentType=assets_document&contentId=da37ef7f-504d-258a-bb68-6f0f64ec294b,253842975,missing,[],No matching wordlist in the imported source snapshot.
25af4b37-896b-b56b-389b-e5b785122780,（根据2022年版课程标准修订）义务教育教科书 英语 三年级上册,小学,湘少版,3,上册,1,2026-08-26T16:17:46.358+0800,https://basic.smartedu.cn/tchMaterial/detail?contentType=assets_document&contentId=25af4b37-896b-b56b-389b-e5b785122780,254214010,missing,[],No matching wordlist in the imported source snapshot.
33d80893-4975-43a2-b188-891d42a58697,（根据2022年版课程标准修订）义务教育教科书·英语三年级下册,小学,湘少版,3,下册,1,2026-01-22T02:04:09.848+0800,https://basic.smartedu.cn/tchMaterial/detail?contentType=assets_document&contentId=33d80893-4975-43a2-b188-891d42a58697,139817635,missing,[],No matching wordlist in the imported source snapshot.
db32f64d-4d65-393f-a3d9-911180426e9d,（根据2022年版课程标准修订）义务教育教科书·英语 三年级下册,小学,湘少版,3,下册,1,2026-02-26T23:03:35.785+0800,https://basic.smartedu.cn/tchMaterial/detail?contentType=assets_document&contentId=db32f64d-4d65-393f-a3d9-911180426e9d,137852001,missing,[],No matching wordlist in the imported source snapshot.
047804b0-099d-404c-bb0d-3e03d22aac75,（根据2022年版课程标准修订）义务教育教科书·英语 四年级上册,小学,湘少版,4,上册,1,2026-01-22T01:57:42.393+0800,https://basic.smartedu.cn/tchMaterial/detail?contentType=assets_document&contentId=047804b0-099d-404c-bb0d-3e03d22aac75,124253221,missing,[],No matching wordlist in the imported source snapshot.
17f3f149-bea8-f2f3-ccf7-227feab4763e,（根据2022年版课程标准修订）义务教育教科书·英语 四年级上册,小学,湘少版,4,上册,1,2026-08-26T10:30:22.202+0800,https://basic.smartedu.cn/tchMaterial/detail?contentType=assets_document&contentId=17f3f149-bea8-f2f3-ccf7-227feab4763e,124658794,missing,[],No matching wordlist in the imported source snapshot.
4eefac06-5c2c-485b-8085-549df2c6c59d,（根据2022年版课程标准修订）义务教育教科书·英语 四年级下册,小学,湘少版,4,下册,1,2026-03-02T18:21:57.717+0800,https://basic.smartedu.cn/tchMaterial/detail?contentType=assets_document&contentId=4eefac06-5c2c-485b-8085-549df2c6c59d,196872221,missing,[],No matching wordlist in the imported source snapshot.
b5668abb-e4a2-4900-8a30-1b2f395bf70a,（根据2022年版课程标准修订）义务教育教科书·英语 五年级上册,小学,湘少版,5,上册,1,2026-08-27T18:26:39.685+0800,https://basic.smartedu.cn/tchMaterial/detail?contentType=assets_document&contentId=b5668abb-e4a2-4900-8a30-1b2f395bf70a,143553033,missing,[],No matching wordlist in the imported source snapshot.
853005d6-1a9a-43bb-92c3-9b551d932b66,义务教育教科书·英语（三年级起点）五年级下册,小学,湘少版,5,下册,0,2026-09-04T10:11:58.218+0800,https://basic.smartedu.cn/tchMaterial/detail?contentType=assets_document&contentId=853005d6-1a9a-43bb-92c3-9b551d932b66,130016904,missing,[],No matching wordlist in the imported source snapshot.
cdee1c54-de3d-4556-adc1-0671680f335a,（根据2022年版课程标准修订）义务教育教科书·英语 六年级上册,小学,湘少版,6,上册,1,2026-08-21T11:26:15.640+0800,https://basic.smartedu.cn/tchMaterial/detail?contentType=assets_document&contentId=cdee1c54-de3d-4556-adc1-0671680f335a,189426158,missing,[],No matching wordlist in the imported source snapshot.
a9f600a7-71df-4a87-8b3b-b80d33b01179,义务教育教科书·英语（三年级起点）六年级下册,小学,湘少版,6,下册,0,2026-09-04T10:11:58.928+0800,https://basic.smartedu.cn/tchMaterial/detail?contentType=assets_document&contentId=a9f600a7-71df-4a87-8b3b-b80d33b01179,147745366,missing,[],No matching wordlist in the imported source snapshot.
9a8b3735-6d74-48b6-d139-92c9b0efb382,（根据2022年版课程标准修订）义务教育教科书. 英语 三年级 上册,小学,科普版,3,上册,1,2026-01-22T02:04:27.463+0800,https://basic.smartedu.cn/tchMaterial/detail?contentType=assets_document&contentId=9a8b3735-6d74-48b6-d139-92c9b0efb382,138948226,missing,[],No matching wordlist in the imported source snapshot.
5b9e5c85-cad3-5e2a-5884-2e154e45fe00,（根据2022年版课程标准修订）义务教育教科书. 英语 三年级 上册,小学,科普版,3,上册,1,2026-01-22T02:04:40.947+0800,https://basic.smartedu.cn/tchMaterial/detail?contentType=assets_document&contentId=5b9e5c85-cad3-5e2a-5884-2e154e45fe00,105716597,missing,[],No matching wordlist in the imported source snapshot.
789e3345-a0cb-6089-45fb-b9de583ddf77,（根据2022年版课程标准修订）义务教育教科书·英语 三年级上册,小学,科普版,3,上册,1,2026-08-27T14:29:52.163+0800,https://basic.smartedu.cn/tchMaterial/detail?contentType=assets_document&contentId=789e3345-a0cb-6089-45fb-b9de583ddf77,55924095,missing,[],No matching wordlist in the imported source snapshot.
8765b6b9-6eec-4b5a-88e5-4d5aaefb5355,（根据2022年版课程标准修订）义务教育教科书·英语三年级下册,小学,科普版,3,下册,1,2026-01-22T02:04:26.993+0800,https://basic.smartedu.cn/tchMaterial/detail?contentType=assets_document&contentId=8765b6b9-6eec-4b5a-88e5-4d5aaefb5355,36602337,missing,[],No matching wordlist in the imported source snapshot.
20ff0bbe-d00b-f588-9ce0-21db5939d570,（根据2022年版课程标准修订）义务教育教科书·英语 三年级 下册,小学,科普版,3,下册,1,2026-03-02T17:04:31.969+0800,https://basic.smartedu.cn/tchMaterial/detail?contentType=assets_document&contentId=20ff0bbe-d00b-f588-9ce0-21db5939d570,185222538,missing,[],No matching wordlist in the imported source snapshot.
8cbfef27-2a9f-47af-bd72-04979308a293,（根据2022年版课程标准修订）义务教育教科书. 英语 四年级 上册,小学,科普版,4,上册,1,2026-01-22T01:57:42.534+0800,https://basic.smartedu.cn/tchMaterial/detail?contentType=assets_document&contentId=8cbfef27-2a9f-47af-bd72-04979308a293,102707730,missing,[],No matching wordlist in the imported source snapshot.
b65c7453-afa6-f810-bacb-5e6aaa2799eb,（根据2022年版课程标准修订）义务教育教科书·英语 四年级上册,小学,科普版,4,上册,1,2026-08-27T12:26:12.316+0800,https://basic.smartedu.cn/tchMaterial/detail?contentType=assets_document&contentId=b65c7453-afa6-f810-bacb-5e6aaa2799eb,53140395,missing,[],No matching wordlist in the imported source snapshot.
7a5a93eb-8101-4b7f-8e7d-127fe58c06d5,（根据2022年版课程标准修订）义务教育教科书·英语 四年级下册,小学,科普版,4,下册,1,2026-03-02T18:23:36.246+0800,https://basic.smartedu.cn/tchMaterial/detail?contentType=assets_document&contentId=7a5a93eb-8101-4b7f-8e7d-127fe58c06d5,217179175,missing,[],No matching wordlist in the imported source snapshot.
ca569810-c755-4f11-bd55-887b95d64853,（根据2022年版课程标准修订）义务教育教科书·英语 五年级上册,小学,科普版,5,上册,1,2026-08-21T11:23:01.127+0800,https://basic.smartedu.cn/tchMaterial/detail?contentType=assets_document&contentId=ca569810-c755-4f11-bd55-887b95d64853,20197355,missing,[],No matching wordlist in the imported source snapshot.
54e434c1-5efe-4997-b2b1-50d31902b792,义务教育教科书·英语（三年级起点）五年级下册,小学,科普版,5,下册,0,2026-03-02T18:23:36.902+0800,https://basic.smartedu.cn/tchMaterial/detail?contentType=assets_document&contentId=54e434c1-5efe-4997-b2b1-50d31902b792,99693270,missing,[],No matching wordlist in the imported source snapshot.
6aef6c68-7f4a-43bf-bd37-6fc0aa153d32,（根据2022年版课程标准修订）义务教育教科书·英语 六年级上册,小学,科普版,6,上册,1,2026-08-21T11:24:13.707+0800,https://basic.smartedu.cn/tchMaterial/detail?contentType=assets_document&contentId=6aef6c68-7f4a-43bf-bd37-6fc0aa153d32,22600758,missing,[],No matching wordlist in the imported source snapshot.
2f3230fb-ba51-4b7a-a3c4-d830747bf384,义务教育教科书·英语（三年级起点）六年级下册,小学,科普版,6,下册,0,2026-03-02T18:20:56.622+0800,https://basic.smartedu.cn/tchMaterial/detail?contentType=assets_document&contentId=2f3230fb-ba51-4b7a-a3c4-d830747bf384,72775225,missing,[],No matching wordlist in the imported source snapshot.
16cad98e-09ab-6d02-2e90-c2e1aba83da8,（根据2022年版课程标准修订）义务教育教科书·英语 三年级上册,小学,粤教沪外教版,3,上册,1,2026-01-22T02:04:27.461+0800,https://basic.smartedu.cn/tchMaterial/detail?contentType=assets_document&contentId=16cad98e-09ab-6d02-2e90-c2e1aba83da8,23333138,missing,[],No matching wordlist in the imported source snapshot.
165e5e24-7ba7-91db-5db7-35f126e1ef88,（根据2022年版课程标准修订）义务教育教科书·英语 三年级上册,小学,粤教沪外教版,3,上册,1,2026-01-22T02:04:40.976+0800,https://basic.smartedu.cn/tchMaterial/detail?contentType=assets_document&contentId=165e5e24-7ba7-91db-5db7-35f126e1ef88,28458856,missing,[],No matching wordlist in the imported source snapshot.
d3e7b9fb-b389-24a9-cbf1-6354d955195e,（根据2022年版课程标准修订）义务教育教科书·英语 三年级上册,小学,粤教沪外教版,3,上册,1,2026-08-26T10:26:57.906+0800,https://basic.smartedu.cn/tchMaterial/detail?contentType=assets_document&contentId=d3e7b9fb-b389-24a9-cbf1-6354d955195e,55639141,missing,[],No matching wordlist in the imported source snapshot.
77b17524-9682-4f9e-b1b1-6f15deea9649,（根据2022年版课程标准修订）义务教育教科书·英语三年级下册,小学,粤教沪外教版,3,下册,1,2026-01-22T02:04:26.997+0800,https://basic.smartedu.cn/tchMaterial/detail?contentType=assets_document&contentId=77b17524-9682-4f9e-b1b1-6f15deea9649,45489601,missing,[],No matching wordlist in the imported source snapshot.
69b32404-5891-6e16-5ef3-f7cfdd520e39,（根据2022年版课程标准修订）义务教育教科书·英语 三年级下册,小学,粤教沪外教版,3,下册,1,2026-02-26T23:03:32.022+0800,https://basic.smartedu.cn/tchMaterial/detail?contentType=assets_document&contentId=69b32404-5891-6e16-5ef3-f7cfdd520e39,283654548,missing,[],No matching wordlist in the imported source snapshot.
651695aa-4233-48b0-3f76-afa7cad33bdc,（根据2022年版课程标准修订）义务教育教科书·英语 四年级上册,小学,粤教沪外教版,4,上册,1,2026-08-21T11:14:28.042+0800,https://basic.smartedu.cn/tchMaterial/detail?contentType=assets_document&contentId=651695aa-4233-48b0-3f76-afa7cad33bdc,78106776,missing,[],No matching wordlist in the imported source snapshot.
8f8b9f7c-113b-646c-62a1-409474bbac88,（根据2022年版课程标准修订）义务教育教科书·英语 四年级下册,小学,粤教沪外教版,4,下册,1,2026-02-26T21:46:22.597+0800,https://basic.smartedu.cn/tchMaterial/detail?contentType=assets_document&contentId=8f8b9f7c-113b-646c-62a1-409474bbac88,369746119,missing,[],No matching wordlist in the imported source snapshot.
babb3b82-49d4-36af-ed48-593737d6aafa,（根据2022年版课程标准修订）义务教育教科书 英语 五年级上册,小学,粤教沪外教版,5,上册,1,2026-08-14T16:44:12.551+0800,https://basic.smartedu.cn/tchMaterial/detail?contentType=assets_document&contentId=babb3b82-49d4-36af-ed48-593737d6aafa,70788882,missing,[],No matching wordlist in the imported source snapshot.
093366d6-afbc-acef-ad9b-985f8827f45e,（根据2022年版课程标准修订）义务教育教科书 英语 六年级上册,小学,粤教沪外教版,6,上册,1,2026-08-14T16:43:53.914+0800,https://basic.smartedu.cn/tchMaterial/detail?contentType=assets_document&contentId=093366d6-afbc-acef-ad9b-985f8827f45e,63066613,missing,[],No matching wordlist in the imported source snapshot.
1206a3aa-1969-9e64-b354-e6eae4325ed4,（根据2022年版课程标准修订）义务教育教科书·英语 三年级上册,小学,译林版,3,上册,1,2026-01-22T02:04:27.463+0800,https://basic.smartedu.cn/tchMaterial/detail?contentType=assets_document&contentId=1206a3aa-1969-9e64-b354-e6eae4325ed4,115149881,missing,[],No matching wordlist in the imported source snapshot.
aa2275a3-f969-c5fe-1c2c-d08b92223b67,（根据2022年版课程标准修订）义务教育教科书·英语 三年级上册,小学,译林版,3,上册,1,2026-01-22T02:04:40.876+0800,https://basic.smartedu.cn/tchMaterial/detail?contentType=assets_document&contentId=aa2275a3-f969-c5fe-1c2c-d08b92223b67,39809889,missing,[],No matching wordlist in the imported source snapshot.
8a798994-386e-8659-37a2-7aa4273da7a8,（根据2022年版课程标准修订）义务教育教科书·英语 三年级上册,小学,译林版,3,上册,1,2026-08-26T10:27:47.863+0800,https://basic.smartedu.cn/tchMaterial/detail?contentType=assets_document&contentId=8a798994-386e-8659-37a2-7aa4273da7a8,22354224,missing,[],No matching wordlist in the imported source snapshot.
d87e8865-615a-4b3b-8d34-179b9fb33013,（根据2022年版课程标准修订）义务教育教科书·英语三年级下册,小学,译林版,3,下册,1,2026-01-22T02:04:23.489+0800,https://basic.smartedu.cn/tchMaterial/detail?contentType=assets_document&contentId=d87e8865-615a-4b3b-8d34-179b9fb33013,45914752,missing,[],No matching wordlist in the imported source snapshot.
c1a23e1e-a239-1533-bf2f-18332a4f7355,（根据2022年版课程标准修订）义务教育教科书 英语 三年级 下册,小学,译林版,3,下册,1,2026-02-27T13:09:51.642+0800,https://basic.smartedu.cn/tchMaterial/detail?contentType=assets_document&contentId=c1a23e1e-a239-1533-bf2f-18332a4f7355,51115877,missing,[],No matching wordlist in the imported source snapshot.
a9ce6662-f5a5-4561-944a-c3dbcc5a8192,（根据2022年版课程标准修订）义务教育教科书·英语 四年级上册,小学,译林版,4,上册,1,2026-01-22T01:57:42.694+0800,https://basic.smartedu.cn/tchMaterial/detail?contentType=assets_document&contentId=a9ce6662-f5a5-4561-944a-c3dbcc5a8192,39558272,missing,[],No matching wordlist in the imported source snapshot.
abc37910-8c35-7192-6a85-f17dbb13abd5,（根据2022年版课程标准修订）义务教育教科书·英语 四年级上册,小学,译林版,4,上册,1,2026-08-26T10:27:47.844+0800,https://basic.smartedu.cn/tchMaterial/detail?contentType=assets_document&contentId=abc37910-8c35-7192-6a85-f17dbb13abd5,24222249,missing,[],No matching wordlist in the imported source snapshot.
a4fb0c8b-ebd6-4db9-bca0-705fca8126e4,（根据2022年版课程标准修订）义务教育教科书·英语 四年级下册,小学,译林版,4,下册,1,2026-03-10T16:19:14.516+0800,https://basic.smartedu.cn/tchMaterial/detail?contentType=assets_document&contentId=a4fb0c8b-ebd6-4db9-bca0-705fca8126e4,53055912,missing,[],No matching wordlist in the imported source snapshot.
06631d69-0865-4694-baf9-dccf22bff2fd,（根据2022年版课程标准修订）义务教育教科书·英语 五年级上册,小学,译林版,5,上册,1,2026-08-26T09:53:52.204+0800,https://basic.smartedu.cn/tchMaterial/detail?contentType=assets_document&contentId=06631d69-0865-4694-baf9-dccf22bff2fd,160711970,missing,[],No matching wordlist in the imported source snapshot.
d3324da8-fe96-4a0d-9259-e60794e27491,义务教育教科书·英语（三年级起点）五年级下册,小学,译林版,5,下册,0,2026-03-02T18:20:34.829+0800,https://basic.smartedu.cn/tchMaterial/detail?contentType=assets_document&contentId=d3324da8-fe96-4a0d-9259-e60794e27491,55167992,missing,[],No matching wordlist in the imported source snapshot.
32d2e60a-be5a-4c1c-92d6-8b99e00f6db3,（根据2022年版课程标准修订）义务教育教科书·英语 六年级上册,小学,译林版,6,上册,1,2026-08-21T11:24:49.067+0800,https://basic.smartedu.cn/tchMaterial/detail?contentType=assets_document&contentId=32d2e60a-be5a-4c1c-92d6-8b99e00f6db3,30302160,missing,[],No matching wordlist in the imported source snapshot.
2b63b996-3f8c-439a-bb0c-3f127c9507af,义务教育教科书·英语（三年级起点）六年级下册,小学,译林版,6,下册,0,2026-03-02T18:20:52.898+0800,https://basic.smartedu.cn/tchMaterial/detail?contentType=assets_document&contentId=2b63b996-3f8c-439a-bb0c-3f127c9507af,55748383,missing,[],No matching wordlist in the imported source snapshot.
543c961c-45ba-1129-3a01-54418c76f691,（根据2022年版课程标准修订）义务教育教科书·英语·三年级上册,小学,辽宁师大版,3,上册,1,2026-01-22T02:04:27.467+0800,https://basic.smartedu.cn/tchMaterial/detail?contentType=assets_document&contentId=543c961c-45ba-1129-3a01-54418c76f691,117837124,missing,[],No matching wordlist in the imported source snapshot.
0b4281ed-ea46-4e2a-a873-a735bb40fec2,（根据2022年版课程标准修订）义务教育教科书·英语·三年级上册,小学,辽宁师大版,3,上册,1,2026-01-22T02:04:40.942+0800,https://basic.smartedu.cn/tchMaterial/detail?contentType=assets_document&contentId=0b4281ed-ea46-4e2a-a873-a735bb40fec2,36971887,missing,[],No matching wordlist in the imported source snapshot.
1bf2a59b-7b83-4314-b936-8c81d7ff384a,（根据2022年版课程标准修订）义务教育教科书·英语三年级下册,小学,辽宁师大版,3,下册,1,2026-01-22T02:04:26.984+0800,https://basic.smartedu.cn/tchMaterial/detail?contentType=assets_document&contentId=1bf2a59b-7b83-4314-b936-8c81d7ff384a,54933216,missing,[],No matching wordlist in the imported source snapshot.
5748808c-2751-f91a-5124-b1182414449f,（根据2022年版课程标准修订）义务教育教科书·英语 三年级下册,小学,辽宁师大版,3,下册,1,2026-02-26T23:01:18.679+0800,https://basic.smartedu.cn/tchMaterial/detail?contentType=assets_document&contentId=5748808c-2751-f91a-5124-b1182414449f,28794715,missing,[],No matching wordlist in the imported source snapshot.
da02c953-8471-4f98-9b3f-91547b6d8e30,（根据2022年版课程标准修订）义务教育教科书·英语·四年级上册,小学,辽宁师大版,4,上册,1,2026-01-22T01:57:42.555+0800,https://basic.smartedu.cn/tchMaterial/detail?contentType=assets_document&contentId=da02c953-8471-4f98-9b3f-91547b6d8e30,16997559,missing,[],No matching wordlist in the imported source snapshot.
f38040e1-709b-47a7-8335-074e9dbae8b5,（根据2022年版课程标准修订）义务教育教科书·英语 四年级下册,小学,辽宁师大版,4,下册,1,2026-03-02T18:22:36.836+0800,https://basic.smartedu.cn/tchMaterial/detail?contentType=assets_document&contentId=f38040e1-709b-47a7-8335-074e9dbae8b5,56469945,missing,[],No matching wordlist in the imported source snapshot.
e7d4c714-9497-494d-be03-8216faa58047,（根据2022年版课程标准修订）义务教育教科书•英语 五年级上册,小学,辽宁师大版,5,上册,1,2026-08-18T16:16:29.822+0800,https://basic.smartedu.cn/tchMaterial/detail?contentType=assets_document&contentId=e7d4c714-9497-494d-be03-8216faa58047,69984959,missing,[],No matching wordlist in the imported source snapshot.
d48bd666-3fc5-496f-b858-95703c4551f8,义务教育教科书·英语（三年级起点）五年级下册,小学,辽宁师大版,5,下册,0,2026-03-02T18:23:20.854+0800,https://basic.smartedu.cn/tchMaterial/detail?contentType=assets_document&contentId=d48bd666-3fc5-496f-b858-95703c4551f8,112721994,missing,[],No matching wordlist in the imported source snapshot.
8b146681-b0ed-4ae3-a485-f65f8aa46037,（根据2022年版课程标准修订）义务教育教科书•英语 六年级上册,小学,辽宁师大版,6,上册,1,2026-08-18T16:17:43.641+0800,https://basic.smartedu.cn/tchMaterial/detail?contentType=assets_document&contentId=8b146681-b0ed-4ae3-a485-f65f8aa46037,67654861,missing,[],No matching wordlist in the imported source snapshot.
b9abc0ea-674f-4a98-b9b5-eb5aca6e9212,义务教育教科书·英语（三年级起点）六年级下册,小学,辽宁师大版,6,下册,0,2026-03-02T18:23:20.018+0800,https://basic.smartedu.cn/tchMaterial/detail?contentType=assets_document&contentId=b9abc0ea-674f-4a98-b9b5-eb5aca6e9212,82662040,missing,[],No matching wordlist in the imported source snapshot.
12830537-3c8b-bc2a-822b-f915c0bfec60,（根据2022年版课程标准修订）义务教育教科书•英语 三年级上册,小学,重庆大学版,3,上册,1,2026-01-22T02:06:45.395+0800,https://basic.smartedu.cn/tchMaterial/detail?contentType=assets_document&contentId=12830537-3c8b-bc2a-822b-f915c0bfec60,72666729,missing,[],No matching wordlist in the imported source snapshot.
608a082c-7890-42b2-97ac-e9658c483487,（根据2022年版课程标准修订）义务教育教科书·英语三年级下册,小学,重庆大学版,3,下册,1,2026-01-22T02:04:26.998+0800,https://basic.smartedu.cn/tchMaterial/detail?contentType=assets_document&contentId=608a082c-7890-42b2-97ac-e9658c483487,75013817,missing,[],No matching wordlist in the imported source snapshot.
10ef916f-7be0-4a8f-bc8f-8c0e8db7c75c,（根据2022年版课程标准修订）义务教育教科书•英语 四年级上册,小学,重庆大学版,4,上册,1,2026-01-22T01:57:42.396+0800,https://basic.smartedu.cn/tchMaterial/detail?contentType=assets_document&contentId=10ef916f-7be0-4a8f-bc8f-8c0e8db7c75c,57548252,missing,[],No matching wordlist in the imported source snapshot.
ddda2ab9-b524-2dad-5191-9b1ceb1fc6da,（根据2022年版课程标准修订）义务教育教科书•英语 四年级上册,小学,重庆大学版,4,上册,1,2026-08-26T10:28:41.315+0800,https://basic.smartedu.cn/tchMaterial/detail?contentType=assets_document&contentId=ddda2ab9-b524-2dad-5191-9b1ceb1fc6da,222812873,missing,[],No matching wordlist in the imported source snapshot.
2eb33fc0-cdb3-4af5-882e-5be442705602,（根据2022年版课程标准修订）义务教育教科书•英语 四年级下册,小学,重庆大学版,4,下册,1,2026-03-02T18:14:12.151+0800,https://basic.smartedu.cn/tchMaterial/detail?contentType=assets_document&contentId=2eb33fc0-cdb3-4af5-882e-5be442705602,64054877,missing,[],No matching wordlist in the imported source snapshot.
1284d81b-3412-4378-a733-0816ea3847c7,（根据2022年版课程标准修订）义务教育教科书 英语 五年级上册,小学,重庆大学版,5,上册,1,2026-08-13T12:43:49.939+0800,https://basic.smartedu.cn/tchMaterial/detail?contentType=assets_document&contentId=1284d81b-3412-4378-a733-0816ea3847c7,58799354,missing,[],No matching wordlist in the imported source snapshot.
d3c56707-99a6-4a39-b7c9-71caac1df6c1,义务教育教科书·英语（三年级起点）五年级下册,小学,重庆大学版,5,下册,0,2026-09-04T10:11:04.493+0800,https://basic.smartedu.cn/tchMaterial/detail?contentType=assets_document&contentId=d3c56707-99a6-4a39-b7c9-71caac1df6c1,90205394,missing,[],No matching wordlist in the imported source snapshot.
9132e694-e555-4811-be20-f12e8988a408,（根据2022年版课程标准修订）义务教育教科书 英语 六年级上册,小学,重庆大学版,6,上册,1,2026-08-13T12:43:26.845+0800,https://basic.smartedu.cn/tchMaterial/detail?contentType=assets_document&contentId=9132e694-e555-4811-be20-f12e8988a408,48925787,missing,[],No matching wordlist in the imported source snapshot.
7c7234b9-73e0-456d-a2b0-3219c4ede9ab,义务教育教科书·英语（三年级起点）六年级下册,小学,重庆大学版,6,下册,0,2026-09-04T10:11:05.221+0800,https://basic.smartedu.cn/tchMaterial/detail?contentType=assets_document&contentId=7c7234b9-73e0-456d-a2b0-3219c4ede9ab,177182374,missing,[],No matching wordlist in the imported source snapshot.
acad2294-344a-d958-f7f4-e22917df04fa,（根据2022年版课程标准修订）义务教育教科书•英语  三年级上册,小学,闽教版,3,上册,1,2026-01-22T02:04:10.149+0800,https://basic.smartedu.cn/tchMaterial/detail?contentType=assets_document&contentId=acad2294-344a-d958-f7f4-e22917df04fa,26179839,missing,[],No matching wordlist in the imported source snapshot.
98898ff4-2395-cffd-1e18-65bd94cfeb08,（根据2022年版课程标准修订）义务教育教科书•英语 三年级上册,小学,闽教版,3,上册,1,2026-01-22T02:04:40.996+0800,https://basic.smartedu.cn/tchMaterial/detail?contentType=assets_document&contentId=98898ff4-2395-cffd-1e18-65bd94cfeb08,27257386,missing,[],No matching wordlist in the imported source snapshot.
3f67a011-6bf5-3223-7e69-da8080d4acd1,（根据2022年版课程标准修订）义务教育教科书 英语 三年级上册,小学,闽教版,3,上册,1,2026-08-14T16:07:28.148+0800,https://basic.smartedu.cn/tchMaterial/detail?contentType=assets_document&contentId=3f67a011-6bf5-3223-7e69-da8080d4acd1,27396480,missing,[],No matching wordlist in the imported source snapshot.
734487e6-3959-45c3-b03d-65dd80ec2292,（根据2022年版课程标准修订）义务教育教科书·英语三年级下册,小学,闽教版,3,下册,1,2026-01-22T02:04:26.989+0800,https://basic.smartedu.cn/tchMaterial/detail?contentType=assets_document&contentId=734487e6-3959-45c3-b03d-65dd80ec2292,32722325,missing,[],No matching wordlist in the imported source snapshot.
e0574c1e-8df4-bc8e-7f77-ed160b407ad5,（根据2022年版课程标准修订）义务教育教科书·英语 三年级 下册,小学,闽教版,3,下册,1,2026-03-02T17:01:56.531+0800,https://basic.smartedu.cn/tchMaterial/detail?contentType=assets_document&contentId=e0574c1e-8df4-bc8e-7f77-ed160b407ad5,66705876,missing,[],No matching wordlist in the imported source snapshot.
03f15d9f-6ad1-4c83-a523-de5584b9ee77,（根据2022年版课程标准修订）义务教育教科书•英语 四年级上册,小学,闽教版,4,上册,1,2026-01-22T01:57:40.280+0800,https://basic.smartedu.cn/tchMaterial/detail?contentType=assets_document&contentId=03f15d9f-6ad1-4c83-a523-de5584b9ee77,32290873,missing,[],No matching wordlist in the imported source snapshot.
6f504e72-3849-bd36-3e21-c9c853e3b977,（根据2022年版课程标准修订）义务教育教科书 英语 四年级上册,小学,闽教版,4,上册,1,2026-08-14T16:07:37.953+0800,https://basic.smartedu.cn/tchMaterial/detail?contentType=assets_document&contentId=6f504e72-3849-bd36-3e21-c9c853e3b977,31410888,missing,[],No matching wordlist in the imported source snapshot.
83e1a7f0-a0bf-4663-9cb0-ca5de49a2409,（根据2022年版课程标准修订）义务教育教科书•英语 四年级下册,小学,闽教版,4,下册,1,2026-03-02T18:13:56.744+0800,https://basic.smartedu.cn/tchMaterial/detail?contentType=assets_document&contentId=83e1a7f0-a0bf-4663-9cb0-ca5de49a2409,56029928,missing,[],No matching wordlist in the imported source snapshot.
f27b9831-dcc0-49ed-be3b-622f67c63054,（根据2022年版课程标准修订）义务教育教科书 英语 五年级上册,小学,闽教版,5,上册,1,2026-09-04T10:11:13.877+0800,https://basic.smartedu.cn/tchMaterial/detail?contentType=assets_document&contentId=f27b9831-dcc0-49ed-be3b-622f67c63054,23771479,missing,[],No matching wordlist in the imported source snapshot.
48f56576-189c-485a-9f58-75470cd57cd9,义务教育教科书·英语（三年级起点）五年级下册,小学,闽教版,5,下册,0,2026-03-02T18:15:02.245+0800,https://basic.smartedu.cn/tchMaterial/detail?contentType=assets_document&contentId=48f56576-189c-485a-9f58-75470cd57cd9,48296144,missing,[],No matching wordlist in the imported source snapshot.
5c3e8e27-7815-4b0b-afba-03f3560d3c19,（根据2022年版课程标准修订）义务教育教科书 英语 六年级上册,小学,闽教版,6,上册,1,2026-09-04T10:11:14.606+0800,https://basic.smartedu.cn/tchMaterial/detail?contentType=assets_document&contentId=5c3e8e27-7815-4b0b-afba-03f3560d3c19,33315217,missing,[],No matching wordlist in the imported source snapshot.
4037fd57-e8f0-4bfc-a873-898ed20f6266,义务教育教科书·英语（三年级起点）六年级下册,小学,闽教版,6,下册,0,2026-03-02T18:14:32.180+0800,https://basic.smartedu.cn/tchMaterial/detail?contentType=assets_document&contentId=4037fd57-e8f0-4bfc-a873-898ed20f6266,45534518,missing,[],No matching wordlist in the imported source snapshot.
c4f9bf45-892e-6352-4e4e-ff53433de436,（根据2022年版课程标准修订）义务教育教科书·英语 三年级上册,小学,陕旅版,3,上册,1,2026-01-22T02:04:10.173+0800,https://basic.smartedu.cn/tchMaterial/detail?contentType=assets_document&contentId=c4f9bf45-892e-6352-4e4e-ff53433de436,105190155,missing,[],No matching wordlist in the imported source snapshot.
8fdad58d-3e74-2b36-522b-18a5113c0bd8,（根据2022年版课程标准修订）义务教育教科书·英语 三年级上册,小学,陕旅版,3,上册,1,2026-01-22T02:04:40.940+0800,https://basic.smartedu.cn/tchMaterial/detail?contentType=assets_document&contentId=8fdad58d-3e74-2b36-522b-18a5113c0bd8,32940294,missing,[],No matching wordlist in the imported source snapshot.
7dc03dd6-4d18-c612-b368-8c909c7157ab,（根据2022年版课程标准修订）义务教育教科书·英语 三年级上册,小学,陕旅版,3,上册,1,2026-08-26T10:27:12.929+0800,https://basic.smartedu.cn/tchMaterial/detail?contentType=assets_document&contentId=7dc03dd6-4d18-c612-b368-8c909c7157ab,51498116,missing,[],No matching wordlist in the imported source snapshot.
be8c0003-c9a7-474a-ac1c-f9b41abae273,（根据2022年版课程标准修订）义务教育教科书·英语三年级下册,小学,陕旅版,3,下册,1,2026-01-22T02:05:03.464+0800,https://basic.smartedu.cn/tchMaterial/detail?contentType=assets_document&contentId=be8c0003-c9a7-474a-ac1c-f9b41abae273,15998830,missing,[],No matching wordlist in the imported source snapshot.
e649624b-1c81-43b9-be1b-afc6a174f62e,（根据2022年版课程标准修订）义务教育教科书·英语 三年级 下册,小学,陕旅版,3,下册,1,2026-03-02T16:52:48.746+0800,https://basic.smartedu.cn/tchMaterial/detail?contentType=assets_document&contentId=e649624b-1c81-43b9-be1b-afc6a174f62e,49910544,missing,[],No matching wordlist in the imported source snapshot.
3ae6c62c-da37-4a15-81aa-21904714122a,（根据2022年版课程标准修订）义务教育教科书·英语 四年级上册,小学,陕旅版,4,上册,1,2026-01-22T01:57:42.550+0800,https://basic.smartedu.cn/tchMaterial/detail?contentType=assets_document&contentId=3ae6c62c-da37-4a15-81aa-21904714122a,43825977,missing,[],No matching wordlist in the imported source snapshot.
38539973-7b1e-7a22-9b18-4e08efbc5169,（根据2022年版课程标准修订）义务教育教科书·英语 四年级上册,小学,陕旅版,4,上册,1,2026-08-26T10:27:04.921+0800,https://basic.smartedu.cn/tchMaterial/detail?contentType=assets_document&contentId=38539973-7b1e-7a22-9b18-4e08efbc5169,44307362,missing,[],No matching wordlist in the imported source snapshot.
f5f90d3b-da59-4895-aac0-a50d2b0b2315,（根据2022年版课程标准修订）义务教育教科书·英语 四年级下册,小学,陕旅版,4,下册,1,2026-03-02T18:25:54.379+0800,https://basic.smartedu.cn/tchMaterial/detail?contentType=assets_document&contentId=f5f90d3b-da59-4895-aac0-a50d2b0b2315,50901439,missing,[],No matching wordlist in the imported source snapshot.
005bbac7-615e-4f2e-84ad-19a0923e1b57,（根据2022年版课程标准修订）义务教育教科书·英语五年级上册,小学,陕旅版,5,上册,1,2026-01-22T01:57:40.267+0800,https://basic.smartedu.cn/tchMaterial/detail?contentType=assets_document&contentId=005bbac7-615e-4f2e-84ad-19a0923e1b57,80086697,missing,[],No matching wordlist in the imported source snapshot.
d1091104-6dfa-7b34-1aab-3022c371c772,（根据2022年版课程标准修订）义务教育教科书 英语 五年级上册,小学,陕旅版,5,上册,1,2026-08-17T16:31:53.918+0800,https://basic.smartedu.cn/tchMaterial/detail?contentType=assets_document&contentId=d1091104-6dfa-7b34-1aab-3022c371c772,40286837,missing,[],No matching wordlist in the imported source snapshot.
0d42a7db-b850-4c0d-b505-f26579d2aab3,义务教育教科书·英语（三年级起点） 五年级 下册,小学,陕旅版,5,下册,0,2026-03-02T18:20:20.700+0800,https://basic.smartedu.cn/tchMaterial/detail?contentType=assets_document&contentId=0d42a7db-b850-4c0d-b505-f26579d2aab3,83846760,missing,[],No matching wordlist in the imported source snapshot.
ef5a2b52-c4cf-453f-980d-00244fe6a485,（根据2022年版课程标准修订）义务教育教科书·英语六年级上册,小学,陕旅版,6,上册,1,2026-01-22T01:57:42.572+0800,https://basic.smartedu.cn/tchMaterial/detail?contentType=assets_document&contentId=ef5a2b52-c4cf-453f-980d-00244fe6a485,77239242,missing,[],No matching wordlist in the imported source snapshot.
ee8d5ed9-f613-9928-42f3-e282497fc32b,（根据2022年版课程标准修订）义务教育教科书 英语 六年级上册,小学,陕旅版,6,上册,1,2026-08-17T16:31:42.904+0800,https://basic.smartedu.cn/tchMaterial/detail?contentType=assets_document&contentId=ee8d5ed9-f613-9928-42f3-e282497fc32b,37520869,missing,[],No matching wordlist in the imported source snapshot.
4d2c8c36-d8c4-45dd-8703-fe32dcba0b5d,义务教育教科书·英语（三年级起点）六年级下册,小学,陕旅版,6,下册,0,2026-03-02T18:19:41.488+0800,https://basic.smartedu.cn/tchMaterial/detail?contentType=assets_document&contentId=4d2c8c36-d8c4-45dd-8703-fe32dcba0b5d,46276223,missing,[],No matching wordlist in the imported source snapshot.
6f1f7dbe-ded5-a752-9575-33c6b0a47372,（根据2022年版课程标准修订）义务教育教科书·英语 三年级上册,小学,鲁教湘教版,3,上册,1,2026-01-22T02:04:27.464+0800,https://basic.smartedu.cn/tchMaterial/detail?contentType=assets_document&contentId=6f1f7dbe-ded5-a752-9575-33c6b0a47372,124082516,missing,[],No matching wordlist in the imported source snapshot.
2f82125b-9f17-8415-4576-89799231e916,（根据2022年版课程标准修订）义务教育教科书 英语 三年级上册,小学,鲁教湘教版,3,上册,1,2026-01-22T02:04:34.937+0800,https://basic.smartedu.cn/tchMaterial/detail?contentType=assets_document&contentId=2f82125b-9f17-8415-4576-89799231e916,193543075,missing,[],No matching wordlist in the imported source snapshot.
9b0609aa-2ecc-4de4-9cf7-c7f6f8fdd5dc,（根据2022年版课程标准修订）义务教育教科书·英语三年级下册,小学,鲁教湘教版,3,下册,1,2026-01-22T02:04:26.993+0800,https://basic.smartedu.cn/tchMaterial/detail?contentType=assets_document&contentId=9b0609aa-2ecc-4de4-9cf7-c7f6f8fdd5dc,250576870,missing,[],No matching wordlist in the imported source snapshot.
2b6fb0e1-1a8a-4564-affd-e1320a5854f0,（根据2022年版课程标准修订）义务教育教科书·英语 四年级上册,小学,鲁教湘教版,4,上册,1,2026-01-22T01:57:42.693+0800,https://basic.smartedu.cn/tchMaterial/detail?contentType=assets_document&contentId=2b6fb0e1-1a8a-4564-affd-e1320a5854f0,335869761,missing,[],No matching wordlist in the imported source snapshot.
0a19a0f4-9efb-ee29-0008-e59fc3fad214,（根据2022年版课程标准修订）义务教育教科书·英语 四年级上册,小学,鲁教湘教版,4,上册,1,2026-09-16T08:39:07.775+0800,https://basic.smartedu.cn/tchMaterial/detail?contentType=assets_document&contentId=0a19a0f4-9efb-ee29-0008-e59fc3fad214,309906911,missing,[],No matching wordlist in the imported source snapshot.
43f6e4e8-6d4f-47c1-a656-791845c91814,（根据2022年版课程标准修订）义务教育教科书·英语 四年级下册,小学,鲁教湘教版,4,下册,1,2026-03-02T18:36:38.435+0800,https://basic.smartedu.cn/tchMaterial/detail?contentType=assets_document&contentId=43f6e4e8-6d4f-47c1-a656-791845c91814,267673526,missing,[],No matching wordlist in the imported source snapshot.
d4c8600e-ab51-42e4-9a43-c4608dbac129,（根据2022年版课程标准修订）义务教育教科书 英语 五年级上册,小学,鲁教湘教版,5,上册,1,2026-08-31T11:59:45.104+0800,https://basic.smartedu.cn/tchMaterial/detail?contentType=assets_document&contentId=d4c8600e-ab51-42e4-9a43-c4608dbac129,405567070,missing,[],No matching wordlist in the imported source snapshot.
807a65b0-ab90-4cf2-ad87-178c9a4486d6,义务教育教科书·英语（三年级起点）五年级下册,小学,鲁教湘教版,5,下册,0,2026-09-04T10:12:07.047+0800,https://basic.smartedu.cn/tchMaterial/detail?contentType=assets_document&contentId=807a65b0-ab90-4cf2-ad87-178c9a4486d6,126664658,missing,[],No matching wordlist in the imported source snapshot.
43947b19-7889-408e-8c36-f8b0bbe68a87,（根据2022年版课程标准修订）义务教育教科书 英语 六年级上册,小学,鲁教湘教版,6,上册,1,2026-08-31T11:57:08.887+0800,https://basic.smartedu.cn/tchMaterial/detail?contentType=assets_document&contentId=43947b19-7889-408e-8c36-f8b0bbe68a87,247420042,missing,[],No matching wordlist in the imported source snapshot.
81b0b85e-c4bc-4b17-9c97-07c257d5805f,义务教育教科书·英语（三年级起点）六年级下册,小学,鲁教湘教版,6,下册,0,2026-09-04T10:12:07.750+0800,https://basic.smartedu.cn/tchMaterial/detail?contentType=assets_document&contentId=81b0b85e-c4bc-4b17-9c97-07c257d5805f,171081756,missing,[],No matching wordlist in the imported source snapshot.
319f0cb8-03af-70e7-7c8e-5a2241688ade,（根据2022年版课程标准修订）义务教育教科书（五•四学制）·英语三年级上册,小学（五•四学制）,沪教版,3,上册,1,2026-08-14T10:57:03.305+0800,https://basic.smartedu.cn/tchMaterial/detail?contentType=assets_document&contentId=319f0cb8-03af-70e7-7c8e-5a2241688ade,67991190,missing,[],No matching wordlist in the imported source snapshot.
3bac9453-ecbd-9133-f0a3-92cb2c6530c5,（根据2022年版课程标准修订）义务教育教科书（五•四学制）·英语四年级上册,小学（五•四学制）,沪教版,4,上册,1,2026-08-14T10:58:12.646+0800,https://basic.smartedu.cn/tchMaterial/detail?contentType=assets_document&contentId=3bac9453-ecbd-9133-f0a3-92cb2c6530c5,65626869,missing,[],No matching wordlist in the imported source snapshot.
48dadfac-0bda-3a13-38a3-f3d072aff528,（根据2022年版课程标准修订）义务教育教科书（五•四学制）·英语五年级上册,小学（五•四学制）,沪教版,5,上册,1,2026-08-14T10:57:32.641+0800,https://basic.smartedu.cn/tchMaterial/detail?contentType=assets_document&contentId=48dadfac-0bda-3a13-38a3-f3d072aff528,66834046,missing,[],No matching wordlist in the imported source snapshot.
7911ca10-c4ba-e4b2-10fe-351af9f13222,（根据2022年版课程标准修订）义务教育教科书（五·四学制）·英语 三年级上册,小学（五•四学制）,鲁科版,3,上册,1,2026-01-22T02:04:27.566+0800,https://basic.smartedu.cn/tchMaterial/detail?contentType=assets_document&contentId=7911ca10-c4ba-e4b2-10fe-351af9f13222,102102611,missing,[],No matching wordlist in the imported source snapshot.
5a309d2f-bd77-40ea-2407-86d2cb46c1c7,（根据2022年版课程标准修订）义务教育教科书（五·四学制）·英语 三年级上册,小学（五•四学制）,鲁科版,3,上册,1,2026-01-22T02:04:40.929+0800,https://basic.smartedu.cn/tchMaterial/detail?contentType=assets_document&contentId=5a309d2f-bd77-40ea-2407-86d2cb46c1c7,108241734,missing,[],No matching wordlist in the imported source snapshot.
da5a91cd-0a1d-8879-88d6-1ec8f7a104ad,（根据2022年版课程标准修订）义务教育教科书 英语 三年级上册,小学（五•四学制）,鲁科版,3,上册,1,2026-08-13T16:26:38.381+0800,https://basic.smartedu.cn/tchMaterial/detail?contentType=assets_document&contentId=da5a91cd-0a1d-8879-88d6-1ec8f7a104ad,97204932,missing,[],No matching wordlist in the imported source snapshot.
ddd8b05c-38ec-4fdb-8759-62c3a0f7b457,（根据2022年版课程标准修订）义务教育教科书（五•四学制）·英语三年级下册,小学（五•四学制）,鲁科版,3,下册,1,2026-01-22T02:04:27.155+0800,https://basic.smartedu.cn/tchMaterial/detail?contentType=assets_document&contentId=ddd8b05c-38ec-4fdb-8759-62c3a0f7b457,103639984,missing,[],No matching wordlist in the imported source snapshot.
8b7b834d-6a81-f67e-ce56-446b708b13dc,（根据2022年版课程标准修订）义务教育教科书（五•四学制）·英语 三年级 下册,小学（五•四学制）,鲁科版,3,下册,1,2026-03-09T16:18:10.468+0800,https://basic.smartedu.cn/tchMaterial/detail?contentType=assets_document&contentId=8b7b834d-6a81-f67e-ce56-446b708b13dc,90670471,missing,[],No matching wordlist in the imported source snapshot.
47e3b1ab-f8f2-4ee1-9067-fc480c55b7bc,（根据2022年版课程标准修订）义务教育教科书（五•四学制）·英语四年级上册,小学（五•四学制）,鲁科版,4,上册,1,2026-01-22T01:57:42.543+0800,https://basic.smartedu.cn/tchMaterial/detail?contentType=assets_document&contentId=47e3b1ab-f8f2-4ee1-9067-fc480c55b7bc,99025991,missing,[],No matching wordlist in the imported source snapshot.
116b487a-a51f-4816-b543-c017fd52683c,（根据2022年版课程标准修订）义务教育教科书 英语 四年级上册,小学（五•四学制）,鲁科版,4,上册,1,2026-08-13T16:13:32.270+0800,https://basic.smartedu.cn/tchMaterial/detail?contentType=assets_document&contentId=116b487a-a51f-4816-b543-c017fd52683c,91297824,missing,[],No matching wordlist in the imported source snapshot.
65ab4fe2-acb4-4001-b510-4e5e15022987,（根据2022年版课程标准修订）义务教育教科书（五•四学制）·英语四年级下册,小学（五•四学制）,鲁科版,4,下册,1,2026-03-02T18:12:46.724+0800,https://basic.smartedu.cn/tchMaterial/detail?contentType=assets_document&contentId=65ab4fe2-acb4-4001-b510-4e5e15022987,96649716,missing,[],No matching wordlist in the imported source snapshot.
7d5fdeb6-e29e-4965-899c-cade3144ae9c,（根据2022年版课程标准修订）义务教育教科书 英语 五年级上册,小学（五•四学制）,鲁科版,5,上册,1,2026-08-21T14:10:01.434+0800,https://basic.smartedu.cn/tchMaterial/detail?contentType=assets_document&contentId=7d5fdeb6-e29e-4965-899c-cade3144ae9c,86464095,missing,[],No matching wordlist in the imported source snapshot.
1391ae53-2733-4d84-b178-a3b8def79ffd,义务教育教科书（五•四学制）·英语五年级下册,小学（五•四学制）,鲁科版,5,下册,0,2026-03-02T18:12:11.803+0800,https://basic.smartedu.cn/tchMaterial/detail?contentType=assets_document&contentId=1391ae53-2733-4d84-b178-a3b8def79ffd,69875592,missing,[],No matching wordlist in the imported source snapshot.
